day,value,source,flag
1969-10-01,0.128,NRFA,
1969-10-02,0.582,NRFA,
1969-10-03,0.232,NRFA,
1969-10-04,0.141,NRFA,
1969-10-05,0.105,NRFA,
1969-10-06,0.086,NRFA,
1969-10-07,0.079,NRFA,
1969-10-08,0.088,NRFA,
1969-10-09,0.095,NRFA,
1969-10-10,0.073,NRFA,
1969-10-11,0.060,NRFA,
1969-10-12,0.057,NRFA,
1969-10-13,0.051,NRFA,
1969-10-14,0.045,NRFA,
1969-10-15,0.041,NRFA,
1969-10-16,0.039,NRFA,
1969-10-17,0.036,NRFA,
1969-10-18,0.035,NRFA,
1969-10-19,0.039,NRFA,
1969-10-20,0.044,NRFA,
1969-10-21,0.039,NRFA,
1969-10-22,0.039,NRFA,
1969-10-23,0.135,NRFA,
1969-10-24,0.225,NRFA,
1969-10-25,0.147,NRFA,
1969-10-26,0.093,NRFA,
1969-10-27,0.070,NRFA,
1969-10-28,0.070,NRFA,
1969-10-29,0.065,NRFA,
1969-10-30,0.064,NRFA,
1969-10-31,0.077,NRFA,
1969-11-01,0.272,NRFA,
1969-11-02,2.230,NRFA,
1969-11-03,1.786,NRFA,
1969-11-04,0.585,NRFA,
1969-11-05,0.498,NRFA,
1969-11-06,0.576,NRFA,
1969-11-07,0.807,NRFA,
1969-11-08,1.652,NRFA,
1969-11-09,0.657,NRFA,
1969-11-10,0.890,NRFA,
1969-11-11,2.819,NRFA,
1969-11-12,0.627,NRFA,
1969-11-13,0.311,NRFA,
1969-11-14,0.285,NRFA,
1969-11-15,0.360,NRFA,
1969-11-16,0.230,NRFA,
1969-11-17,0.204,NRFA,
1969-11-18,3.373,NRFA,
1969-11-19,2.984,NRFA,
1969-11-20,0.882,NRFA,
1969-11-21,1.054,NRFA,
1969-11-22,1.164,NRFA,
1969-11-23,0.423,NRFA,
1969-11-24,0.198,NRFA,
1969-11-25,0.132,NRFA,
1969-11-26,0.133,NRFA,
1969-11-27,0.851,NRFA,
1969-11-28,0.272,NRFA,
1969-11-29,0.154,NRFA,
1969-11-30,0.141,NRFA,
1969-12-01,0.564,NRFA,
1969-12-02,0.832,NRFA,
1969-12-03,0.980,NRFA,
1969-12-04,0.135,NRFA,
1969-12-05,0.119,NRFA,
1969-12-06,0.105,NRFA,
1969-12-07,0.326,NRFA,
1969-12-08,0.246,NRFA,
1969-12-09,0.243,NRFA,
1969-12-10,0.523,NRFA,
1969-12-11,0.295,NRFA,
1969-12-12,0.143,NRFA,
1969-12-13,1.010,NRFA,
1969-12-14,1.949,NRFA,
1969-12-15,0.365,NRFA,
1969-12-16,0.188,NRFA,
1969-12-17,0.122,NRFA,
1969-12-18,0.090,NRFA,
1969-12-19,0.063,NRFA,
1969-12-20,0.087,NRFA,
1969-12-21,4.726,NRFA,
1969-12-22,0.836,NRFA,
1969-12-23,0.336,NRFA,
1969-12-24,0.373,NRFA,
1969-12-25,0.208,NRFA,
1969-12-26,0.121,NRFA,
1969-12-27,0.080,NRFA,
1969-12-28,0.085,NRFA,
1969-12-29,0.066,NRFA,
1969-12-30,0.058,NRFA,
1969-12-31,0.055,NRFA,
1970-01-01,0.056,NRFA,
1970-01-02,0.060,NRFA,
1970-01-03,0.056,NRFA,
1970-01-04,0.075,NRFA,
1970-01-05,0.100,NRFA,
1970-01-06,0.082,NRFA,
1970-01-07,0.057,NRFA,
1970-01-08,0.048,NRFA,
1970-01-09,0.323,NRFA,
1970-01-10,2.622,NRFA,
1970-01-11,1.318,NRFA,
1970-01-12,0.877,NRFA,
1970-01-13,0.471,NRFA,
1970-01-14,1.090,NRFA,
1970-01-15,0.877,NRFA,
1970-01-16,0.491,NRFA,
1970-01-17,0.213,NRFA,
1970-01-18,1.539,NRFA,
1970-01-19,2.240,NRFA,
1970-01-20,1.740,NRFA,
1970-01-21,2.320,NRFA,
1970-01-22,0.725,NRFA,
1970-01-23,1.590,NRFA,
1970-01-24,1.065,NRFA,
1970-01-25,0.682,NRFA,
1970-01-26,0.321,NRFA,
1970-01-27,0.227,NRFA,
1970-01-28,0.165,NRFA,
1970-01-29,0.150,NRFA,
1970-01-30,0.121,NRFA,
1970-01-31,0.090,NRFA,
1970-02-01,2.920,NRFA,
1970-02-02,0.818,NRFA,
1970-02-03,0.466,NRFA,
1970-02-04,0.271,NRFA,
1970-02-05,0.139,NRFA,
1970-02-06,0.125,NRFA,
1970-02-07,0.112,NRFA,
1970-02-08,0.103,NRFA,
1970-02-09,0.092,NRFA,
1970-02-10,0.091,NRFA,
1970-02-11,0.161,NRFA,
1970-02-12,0.208,NRFA,
1970-02-13,0.154,NRFA,
1970-02-14,0.203,NRFA,
1970-02-15,0.189,NRFA,
1970-02-16,0.143,NRFA,
1970-02-17,0.095,NRFA,
1970-02-18,0.088,NRFA,
1970-02-19,1.299,NRFA,
1970-02-20,1.169,NRFA,
1970-02-21,4.690,NRFA,
1970-02-22,2.193,NRFA,
1970-02-23,1.008,NRFA,
1970-02-24,0.584,NRFA,
1970-02-25,0.281,NRFA,
1970-02-26,0.175,NRFA,
1970-02-27,0.147,NRFA,
1970-02-28,0.135,NRFA,
1970-03-01,1.277,NRFA,
1970-03-02,0.245,NRFA,
1970-03-03,0.157,NRFA,
1970-03-04,0.090,NRFA,
1970-03-05,0.102,NRFA,
1970-03-06,0.077,NRFA,
1970-03-07,0.078,NRFA,
1970-03-08,0.056,NRFA,
1970-03-09,0.069,NRFA,
1970-03-10,0.071,NRFA,
1970-03-11,0.118,NRFA,
1970-03-12,0.122,NRFA,
1970-03-13,0.099,NRFA,
1970-03-14,0.240,NRFA,
1970-03-15,0.833,NRFA,
1970-03-16,1.150,NRFA,
1970-03-17,1.431,NRFA,
1970-03-18,0.615,NRFA,
1970-03-19,0.600,NRFA,
1970-03-20,0.935,NRFA,
1970-03-21,0.642,NRFA,
1970-03-22,0.388,NRFA,
1970-03-23,0.238,NRFA,
1970-03-24,0.155,NRFA,
1970-03-25,0.138,NRFA,
1970-03-26,0.115,NRFA,
1970-03-27,0.092,NRFA,
1970-03-28,0.117,NRFA,
1970-03-29,0.832,NRFA,
1970-03-30,1.919,NRFA,
1970-03-31,0.377,NRFA,
1970-04-01,0.231,NRFA,
1970-04-02,0.326,NRFA,
1970-04-03,0.944,NRFA,
1970-04-04,0.628,NRFA,
1970-04-05,0.452,NRFA,
1970-04-06,0.391,NRFA,
1970-04-07,0.331,NRFA,
1970-04-08,0.236,NRFA,
1970-04-09,0.325,NRFA,
1970-04-10,0.369,NRFA,
1970-04-11,0.414,NRFA,
1970-04-12,0.355,NRFA,
1970-04-13,1.041,NRFA,
1970-04-14,1.466,NRFA,
1970-04-15,1.491,NRFA,
1970-04-16,0.882,NRFA,
1970-04-17,0.560,NRFA,
1970-04-18,0.420,NRFA,
1970-04-19,0.233,NRFA,
1970-04-20,0.245,NRFA,
1970-04-21,0.528,NRFA,
1970-04-22,4.812,NRFA,
1970-04-23,1.386,NRFA,
1970-04-24,0.368,NRFA,
1970-04-25,0.796,NRFA,
1970-04-26,0.543,NRFA,
1970-04-27,0.343,NRFA,
1970-04-28,0.398,NRFA,
1970-04-29,0.222,NRFA,
1970-04-30,0.141,NRFA,
1970-05-01,0.138,NRFA,
1970-05-02,0.169,NRFA,
1970-05-03,0.116,NRFA,
1970-05-04,0.082,NRFA,
1970-05-05,0.068,NRFA,
1970-05-06,0.059,NRFA,
1970-05-07,0.113,NRFA,
1970-05-08,0.097,NRFA,
1970-05-09,0.093,NRFA,
1970-05-10,0.157,NRFA,
1970-05-11,0.175,NRFA,
1970-05-12,0.109,NRFA,
1970-05-13,0.069,NRFA,
1970-05-14,0.057,NRFA,
1970-05-15,0.050,NRFA,
1970-05-16,0.053,NRFA,
1970-05-17,0.046,NRFA,
1970-05-18,0.040,NRFA,
1970-05-19,0.042,NRFA,
1970-05-20,0.049,NRFA,
1970-05-21,0.055,NRFA,
1970-05-22,0.041,NRFA,
1970-05-23,0.040,NRFA,
1970-05-24,0.037,NRFA,
1970-05-25,0.036,NRFA,
1970-05-26,0.039,NRFA,
1970-05-27,0.035,NRFA,
1970-05-28,0.034,NRFA,
1970-05-29,0.032,NRFA,
1970-05-30,0.033,NRFA,
1970-05-31,0.037,NRFA,
1970-06-01,0.034,NRFA,
1970-06-02,0.032,NRFA,
1970-06-03,0.030,NRFA,
1970-06-04,0.028,NRFA,
1970-06-05,0.026,NRFA,
1970-06-06,0.026,NRFA,
1970-06-07,0.025,NRFA,
1970-06-08,0.026,NRFA,
1970-06-09,0.025,NRFA,
1970-06-10,0.024,NRFA,
1970-06-11,0.025,NRFA,
1970-06-12,0.025,NRFA,
1970-06-13,0.024,NRFA,
1970-06-14,0.023,NRFA,
1970-06-15,0.023,NRFA,
1970-06-16,0.024,NRFA,
1970-06-17,0.023,NRFA,
1970-06-18,0.022,NRFA,
1970-06-19,0.021,NRFA,
1970-06-20,0.021,NRFA,
1970-06-21,0.021,NRFA,
1970-06-22,0.023,NRFA,
1970-06-23,0.028,NRFA,
1970-06-24,0.032,NRFA,
1970-06-25,0.024,NRFA,
1970-06-26,0.023,NRFA,
1970-06-27,0.034,NRFA,
1970-06-28,0.035,NRFA,
1970-06-29,0.054,NRFA,
1970-06-30,0.038,NRFA,
1970-07-01,0.076,NRFA,
1970-07-02,0.590,NRFA,
1970-07-03,0.175,NRFA,
1970-07-04,0.093,NRFA,
1970-07-05,0.058,NRFA,
1970-07-06,0.049,NRFA,
1970-07-07,0.041,NRFA,
1970-07-08,0.042,NRFA,
1970-07-09,0.038,NRFA,
1970-07-10,0.034,NRFA,
1970-07-11,0.032,NRFA,
1970-07-12,0.040,NRFA,
1970-07-13,0.043,NRFA,
1970-07-14,0.094,NRFA,
1970-07-15,0.074,NRFA,
1970-07-16,0.047,NRFA,
1970-07-17,0.036,NRFA,
1970-07-18,0.034,NRFA,
1970-07-19,0.036,NRFA,
1970-07-20,0.040,NRFA,
1970-07-21,0.038,NRFA,
1970-07-22,0.036,NRFA,
1970-07-23,0.187,NRFA,
1970-07-24,0.765,NRFA,
1970-07-25,0.580,NRFA,
1970-07-26,0.244,NRFA,
1970-07-27,0.557,NRFA,
1970-07-28,0.296,NRFA,
1970-07-29,0.129,NRFA,
1970-07-30,0.082,NRFA,
1970-07-31,0.076,NRFA,
1970-08-01,0.065,NRFA,
1970-08-02,0.053,NRFA,
1970-08-03,0.044,NRFA,
1970-08-04,0.037,NRFA,
1970-08-05,0.033,NRFA,
1970-08-06,0.031,NRFA,
1970-08-07,0.032,NRFA,
1970-08-08,0.029,NRFA,
1970-08-09,0.032,NRFA,
1970-08-10,0.039,NRFA,
1970-08-11,0.029,NRFA,
1970-08-12,0.030,NRFA,
1970-08-13,0.029,NRFA,
1970-08-14,0.027,NRFA,
1970-08-15,0.652,NRFA,
1970-08-16,1.183,NRFA,
1970-08-17,0.398,NRFA,
1970-08-18,0.154,NRFA,
1970-08-19,0.101,NRFA,
1970-08-20,2.941,NRFA,
1970-08-21,3.628,NRFA,
1970-08-22,0.822,NRFA,
1970-08-23,0.333,NRFA,
1970-08-24,0.169,NRFA,
1970-08-25,0.120,NRFA,
1970-08-26,0.094,NRFA,
1970-08-27,0.068,NRFA,
1970-08-28,0.056,NRFA,
1970-08-29,0.049,NRFA,
1970-08-30,0.055,NRFA,
1970-08-31,0.151,NRFA,
1970-09-01,0.116,NRFA,
1970-09-02,1.006,NRFA,
1970-09-03,0.311,NRFA,
1970-09-04,0.143,NRFA,
1970-09-05,0.094,NRFA,
1970-09-06,0.078,NRFA,
1970-09-07,0.073,NRFA,
1970-09-08,0.073,NRFA,
1970-09-09,2.761,NRFA,
1970-09-10,2.322,NRFA,
1970-09-11,0.775,NRFA,
1970-09-12,0.328,NRFA,
1970-09-13,0.302,NRFA,
1970-09-14,0.226,NRFA,
1970-09-15,0.140,NRFA,
1970-09-16,0.160,NRFA,
1970-09-17,0.524,NRFA,
1970-09-18,0.784,NRFA,
1970-09-19,0.288,NRFA,
1970-09-20,0.224,NRFA,
1970-09-21,0.159,NRFA,
1970-09-22,0.129,NRFA,
1970-09-23,0.107,NRFA,
1970-09-24,0.082,NRFA,
1970-09-25,0.064,NRFA,
1970-09-26,0.056,NRFA,
1970-09-27,0.052,NRFA,
1970-09-28,0.049,NRFA,
1970-09-29,0.052,NRFA,
1970-09-30,0.071,NRFA,
1970-10-01,0.993,NRFA,
1970-10-02,0.829,NRFA,
1970-10-03,0.213,NRFA,
1970-10-04,0.920,NRFA,
1970-10-05,1.564,NRFA,
1970-10-06,0.542,NRFA,
1970-10-07,0.973,NRFA,
1970-10-08,0.315,NRFA,
1970-10-09,0.179,NRFA,
1970-10-10,0.134,NRFA,
1970-10-11,0.119,NRFA,
1970-10-12,0.106,NRFA,
1970-10-13,0.090,NRFA,
1970-10-14,0.079,NRFA,
1970-10-15,0.074,NRFA,
1970-10-16,0.065,NRFA,
1970-10-17,0.058,NRFA,
1970-10-18,0.056,NRFA,
1970-10-19,0.064,NRFA,
1970-10-20,0.050,NRFA,
1970-10-21,0.046,NRFA,
1970-10-22,0.046,NRFA,
1970-10-23,0.045,NRFA,
1970-10-24,0.854,NRFA,
1970-10-25,2.286,NRFA,
1970-10-26,0.647,NRFA,
1970-10-27,0.874,NRFA,
1970-10-28,1.213,NRFA,
1970-10-29,0.747,NRFA,
1970-10-30,3.544,NRFA,
1970-10-31,2.629,NRFA,
1970-11-01,0.863,NRFA,
1970-11-02,1.045,NRFA,
1970-11-03,2.183,NRFA,
1970-11-04,1.333,NRFA,
1970-11-05,0.712,NRFA,
1970-11-06,0.278,NRFA,
1970-11-07,0.185,NRFA,
1970-11-08,0.402,NRFA,
1970-11-09,0.274,NRFA,
1970-11-10,0.193,NRFA,
1970-11-11,0.673,NRFA,
1970-11-12,0.304,NRFA,
1970-11-13,0.281,NRFA,
1970-11-14,0.222,NRFA,
1970-11-15,0.150,NRFA,
1970-11-16,0.201,NRFA,
1970-11-17,0.981,NRFA,
1970-11-18,1.350,NRFA,
1970-11-19,1.191,NRFA,
1970-11-20,1.363,NRFA,
1970-11-21,1.484,NRFA,
1970-11-22,0.698,NRFA,
1970-11-23,4.499,NRFA,
1970-11-24,0.648,NRFA,
1970-11-25,0.294,NRFA,
1970-11-26,0.357,NRFA,
1970-11-27,0.377,NRFA,
1970-11-28,0.698,NRFA,
1970-11-29,1.338,NRFA,
1970-11-30,0.850,NRFA,
1970-12-01,0.374,NRFA,
1970-12-02,1.180,NRFA,
1970-12-03,0.543,NRFA,
1970-12-04,0.605,NRFA,
1970-12-05,0.936,NRFA,
1970-12-06,0.972,NRFA,
1970-12-07,0.325,NRFA,
1970-12-08,0.190,NRFA,
1970-12-09,0.152,NRFA,
1970-12-10,0.140,NRFA,
1970-12-11,0.135,NRFA,
1970-12-12,0.125,NRFA,
1970-12-13,0.109,NRFA,
1970-12-14,0.099,NRFA,
1970-12-15,0.089,NRFA,
1970-12-16,0.096,NRFA,
1970-12-17,0.140,NRFA,
1970-12-18,0.153,NRFA,
1970-12-19,0.291,NRFA,
1970-12-20,0.225,NRFA,
1970-12-21,0.119,NRFA,
1970-12-22,0.099,NRFA,
1970-12-23,0.238,NRFA,
1970-12-24,0.209,NRFA,
1970-12-25,0.153,NRFA,
1970-12-26,0.197,NRFA,
1970-12-27,0.141,NRFA,
1970-12-28,0.142,NRFA,
1970-12-29,0.125,NRFA,
1970-12-30,0.125,NRFA,
1970-12-31,0.201,NRFA,
1971-01-01,0.185,NRFA,
1971-01-02,0.128,NRFA,
1971-01-03,0.221,NRFA,
1971-01-04,0.182,NRFA,
1971-01-05,0.108,NRFA,
1971-01-06,2.292,NRFA,
1971-01-07,6.252,NRFA,
1971-01-08,1.758,NRFA,
1971-01-09,0.950,NRFA,
1971-01-10,0.282,NRFA,
1971-01-11,0.165,NRFA,
1971-01-12,0.132,NRFA,
1971-01-13,0.122,NRFA,
1971-01-14,0.119,NRFA,
1971-01-15,0.110,NRFA,
1971-01-16,0.101,NRFA,
1971-01-17,0.098,NRFA,
1971-01-18,0.618,NRFA,
1971-01-19,1.088,NRFA,
1971-01-20,0.657,NRFA,
1971-01-21,2.053,NRFA,
1971-01-22,0.372,NRFA,
1971-01-23,0.504,NRFA,
1971-01-24,1.923,NRFA,
1971-01-25,0.894,NRFA,
1971-01-26,0.360,NRFA,
1971-01-27,0.411,NRFA,
1971-01-28,0.463,NRFA,
1971-01-29,0.273,NRFA,
1971-01-30,0.191,NRFA,
1971-01-31,0.137,NRFA,
1971-02-01,0.098,NRFA,
1971-02-02,0.252,NRFA,
1971-02-03,0.410,NRFA,
1971-02-04,0.171,NRFA,
1971-02-05,0.135,NRFA,
1971-02-06,0.118,NRFA,
1971-02-07,0.109,NRFA,
1971-02-08,0.099,NRFA,
1971-02-09,0.086,NRFA,
1971-02-10,0.075,NRFA,
1971-02-11,0.109,NRFA,
1971-02-12,4.061,NRFA,
1971-02-13,0.860,NRFA,
1971-02-14,0.733,NRFA,
1971-02-15,0.422,NRFA,
1971-02-16,0.242,NRFA,
1971-02-17,0.184,NRFA,
1971-02-18,0.452,NRFA,
1971-02-19,0.670,NRFA,
1971-02-20,1.851,NRFA,
1971-02-21,0.605,NRFA,
1971-02-22,0.234,NRFA,
1971-02-23,0.176,NRFA,
1971-02-24,0.172,NRFA,
1971-02-25,0.152,NRFA,
1971-02-26,0.128,NRFA,
1971-02-27,0.111,NRFA,
1971-02-28,0.103,NRFA,
1971-03-01,0.100,NRFA,
1971-03-02,0.143,NRFA,
1971-03-03,0.109,NRFA,
1971-03-04,0.100,NRFA,
1971-03-05,0.181,NRFA,
1971-03-06,0.199,NRFA,
1971-03-07,0.545,NRFA,
1971-03-08,0.841,NRFA,
1971-03-09,0.449,NRFA,
1971-03-10,0.378,NRFA,
1971-03-11,0.461,NRFA,
1971-03-12,0.268,NRFA,
1971-03-13,0.191,NRFA,
1971-03-14,0.374,NRFA,
1971-03-15,0.210,NRFA,
1971-03-16,0.147,NRFA,
1971-03-17,0.226,NRFA,
1971-03-18,2.194,NRFA,
1971-03-19,2.331,NRFA,
1971-03-20,1.037,NRFA,
1971-03-21,0.554,NRFA,
1971-03-22,0.382,NRFA,
1971-03-23,0.751,NRFA,
1971-03-24,1.575,NRFA,
1971-03-25,0.468,NRFA,
1971-03-26,0.440,NRFA,
1971-03-27,0.242,NRFA,
1971-03-28,0.187,NRFA,
1971-03-29,0.154,NRFA,
1971-03-30,0.146,NRFA,
1971-03-31,0.115,NRFA,
1971-04-01,0.104,NRFA,
1971-04-02,0.096,NRFA,
1971-04-03,0.095,NRFA,
1971-04-04,0.101,NRFA,
1971-04-05,0.128,NRFA,
1971-04-06,0.100,NRFA,
1971-04-07,0.082,NRFA,
1971-04-08,0.082,NRFA,
1971-04-09,0.066,NRFA,
1971-04-10,0.059,NRFA,
1971-04-11,0.052,NRFA,
1971-04-12,0.048,NRFA,
1971-04-13,0.046,NRFA,
1971-04-14,0.043,NRFA,
1971-04-15,0.041,NRFA,
1971-04-16,0.049,NRFA,
1971-04-17,0.047,NRFA,
1971-04-18,0.045,NRFA,
1971-04-19,0.039,NRFA,
1971-04-20,0.038,NRFA,
1971-04-21,0.035,NRFA,
1971-04-22,0.034,NRFA,
1971-04-23,1.777,NRFA,
1971-04-24,2.456,NRFA,
1971-04-25,0.320,NRFA,
1971-04-26,0.180,NRFA,
1971-04-27,0.138,NRFA,
1971-04-28,0.104,NRFA,
1971-04-29,0.094,NRFA,
1971-04-30,0.080,NRFA,
1971-05-01,0.067,NRFA,
1971-05-02,0.059,NRFA,
1971-05-03,0.051,NRFA,
1971-05-04,0.046,NRFA,
1971-05-05,0.040,NRFA,
1971-05-06,0.056,NRFA,
1971-05-07,0.063,NRFA,
1971-05-08,0.050,NRFA,
1971-05-09,0.043,NRFA,
1971-05-10,0.053,NRFA,
1971-05-11,0.046,NRFA,
1971-05-12,0.040,NRFA,
1971-05-13,0.038,NRFA,
1971-05-14,0.036,NRFA,
1971-05-15,0.034,NRFA,
1971-05-16,0.036,NRFA,
1971-05-17,0.037,NRFA,
1971-05-18,0.038,NRFA,
1971-05-19,0.033,NRFA,
1971-05-20,0.033,NRFA,
1971-05-21,0.030,NRFA,
1971-05-22,0.033,NRFA,
1971-05-23,0.113,NRFA,
1971-05-24,0.148,NRFA,
1971-05-25,0.087,NRFA,
1971-05-26,0.051,NRFA,
1971-05-27,0.043,NRFA,
1971-05-28,0.037,NRFA,
1971-05-29,0.037,NRFA,
1971-05-30,0.052,NRFA,
1971-05-31,0.050,NRFA,
1971-06-01,0.040,NRFA,
1971-06-02,0.033,NRFA,
1971-06-03,0.031,NRFA,
1971-06-04,0.030,NRFA,
1971-06-05,0.031,NRFA,
1971-06-06,0.043,NRFA,
1971-06-07,0.057,NRFA,
1971-06-08,0.045,NRFA,
1971-06-09,0.043,NRFA,
1971-06-10,0.038,NRFA,
1971-06-11,0.857,NRFA,
1971-06-12,0.266,NRFA,
1971-06-13,0.162,NRFA,
1971-06-14,0.165,NRFA,
1971-06-15,0.096,NRFA,
1971-06-16,0.331,NRFA,
1971-06-17,0.161,NRFA,
1971-06-18,0.259,NRFA,
1971-06-19,0.854,NRFA,
1971-06-20,0.928,NRFA,
1971-06-21,0.837,NRFA,
1971-06-22,0.363,NRFA,
1971-06-23,0.144,NRFA,
1971-06-24,0.094,NRFA,
1971-06-25,0.094,NRFA,
1971-06-26,0.138,NRFA,
1971-06-27,0.111,NRFA,
1971-06-28,0.134,NRFA,
1971-06-29,0.917,NRFA,
1971-06-30,0.231,NRFA,
1971-07-01,0.122,NRFA,
1971-07-02,0.079,NRFA,
1971-07-03,0.059,NRFA,
1971-07-04,0.053,NRFA,
1971-07-05,0.045,NRFA,
1971-07-06,0.039,NRFA,
1971-07-07,0.035,NRFA,
1971-07-08,0.033,NRFA,
1971-07-09,0.033,NRFA,
1971-07-10,0.032,NRFA,
1971-07-11,0.029,NRFA,
1971-07-12,0.028,NRFA,
1971-07-13,0.026,NRFA,
1971-07-14,0.026,NRFA,
1971-07-15,0.025,NRFA,
1971-07-16,0.025,NRFA,
1971-07-17,0.024,NRFA,
1971-07-18,0.024,NRFA,
1971-07-19,0.025,NRFA,
1971-07-20,0.026,NRFA,
1971-07-21,0.034,NRFA,
1971-07-22,0.033,NRFA,
1971-07-23,0.049,NRFA,
1971-07-24,0.193,NRFA,
1971-07-25,0.376,NRFA,
1971-07-26,0.215,NRFA,
1971-07-27,0.149,NRFA,
1971-07-28,0.089,NRFA,
1971-07-29,0.059,NRFA,
1971-07-30,0.046,NRFA,
1971-07-31,0.057,NRFA,
1971-08-01,0.120,NRFA,
1971-08-02,0.104,NRFA,
1971-08-03,0.823,NRFA,
1971-08-04,1.297,NRFA,
1971-08-05,0.436,NRFA,
1971-08-06,0.433,NRFA,
1971-08-07,0.531,NRFA,
1971-08-08,0.508,NRFA,
1971-08-09,0.495,NRFA,
1971-08-10,0.145,NRFA,
1971-08-11,0.131,NRFA,
1971-08-12,0.100,NRFA,
1971-08-13,4.703,NRFA,
1971-08-14,3.750,NRFA,
1971-08-15,0.460,NRFA,
1971-08-16,0.200,NRFA,
1971-08-17,0.130,NRFA,
1971-08-18,0.096,NRFA,
1971-08-19,0.075,NRFA,
1971-08-20,0.060,NRFA,
1971-08-21,0.052,NRFA,
1971-08-22,0.049,NRFA,
1971-08-23,0.048,NRFA,
1971-08-24,0.046,NRFA,
1971-08-25,0.041,NRFA,
1971-08-26,0.038,NRFA,
1971-08-27,0.035,NRFA,
1971-08-28,0.048,NRFA,
1971-08-29,1.707,NRFA,
1971-08-30,0.545,NRFA,
1971-08-31,0.225,NRFA,
1971-09-01,0.120,NRFA,
1971-09-02,0.186,NRFA,
1971-09-03,0.204,NRFA,
1971-09-04,0.134,NRFA,
1971-09-05,0.088,NRFA,
1971-09-06,0.066,NRFA,
1971-09-07,0.054,NRFA,
1971-09-08,0.048,NRFA,
1971-09-09,0.043,NRFA,
1971-09-10,0.040,NRFA,
1971-09-11,0.038,NRFA,
1971-09-12,0.036,NRFA,
1971-09-13,0.035,NRFA,
1971-09-14,0.038,NRFA,
1971-09-15,0.040,NRFA,
1971-09-16,0.036,NRFA,
1971-09-17,0.035,NRFA,
1971-09-18,0.033,NRFA,
1971-09-19,0.032,NRFA,
1971-09-20,0.031,NRFA,
1971-09-21,0.030,NRFA,
1971-09-22,0.030,NRFA,
1971-09-23,0.030,NRFA,
1971-09-24,0.030,NRFA,
1971-09-25,0.029,NRFA,
1971-09-26,0.034,NRFA,
1971-09-27,0.038,NRFA,
1971-09-28,0.033,NRFA,
1971-09-29,0.037,NRFA,
1971-09-30,0.036,NRFA,
1971-10-01,0.031,NRFA,
1971-10-02,0.030,NRFA,
1971-10-03,0.030,NRFA,
1971-10-04,0.032,NRFA,
1971-10-05,0.030,NRFA,
1971-10-06,0.027,NRFA,
1971-10-07,0.029,NRFA,
1971-10-08,0.034,NRFA,
1971-10-09,0.091,NRFA,
1971-10-10,0.098,NRFA,
1971-10-11,0.136,NRFA,
1971-10-12,0.074,NRFA,
1971-10-13,0.072,NRFA,
1971-10-14,0.055,NRFA,
1971-10-15,0.102,NRFA,
1971-10-16,0.357,NRFA,
1971-10-17,1.273,NRFA,
1971-10-18,3.435,NRFA,
1971-10-19,2.696,NRFA,
1971-10-20,0.742,NRFA,
1971-10-21,0.965,NRFA,
1971-10-22,0.404,NRFA,
1971-10-23,0.223,NRFA,
1971-10-24,0.175,NRFA,
1971-10-25,0.136,NRFA,
1971-10-26,0.110,NRFA,
1971-10-27,0.095,NRFA,
1971-10-28,0.079,NRFA,
1971-10-29,0.071,NRFA,
1971-10-30,0.077,NRFA,
1971-10-31,0.072,NRFA,
1971-11-01,0.065,NRFA,
1971-11-02,0.069,NRFA,
1971-11-03,0.073,NRFA,
1971-11-04,0.544,NRFA,
1971-11-05,1.067,NRFA,
1971-11-06,0.459,NRFA,
1971-11-07,1.406,NRFA,
1971-11-08,0.477,NRFA,
1971-11-09,0.184,NRFA,
1971-11-10,0.141,NRFA,
1971-11-11,0.132,NRFA,
1971-11-12,0.118,NRFA,
1971-11-13,0.114,NRFA,
1971-11-14,0.096,NRFA,
1971-11-15,0.100,NRFA,
1971-11-16,0.144,NRFA,
1971-11-17,1.114,NRFA,
1971-11-18,0.348,NRFA,
1971-11-19,0.154,NRFA,
1971-11-20,0.364,NRFA,
1971-11-21,0.697,NRFA,
1971-11-22,0.332,NRFA,
1971-11-23,0.424,NRFA,
1971-11-24,0.798,NRFA,
1971-11-25,2.559,NRFA,
1971-11-26,0.501,NRFA,
1971-11-27,1.326,NRFA,
1971-11-28,0.321,NRFA,
1971-11-29,0.174,NRFA,
1971-11-30,0.138,NRFA,
1971-12-01,0.124,NRFA,
1971-12-02,0.114,NRFA,
1971-12-03,0.123,NRFA,
1971-12-04,0.191,NRFA,
1971-12-05,0.133,NRFA,
1971-12-06,0.111,NRFA,
1971-12-07,0.097,NRFA,
1971-12-08,0.127,NRFA,
1971-12-09,0.111,NRFA,
1971-12-10,0.095,NRFA,
1971-12-11,0.080,NRFA,
1971-12-12,0.184,NRFA,
1971-12-13,0.374,NRFA,
1971-12-14,0.288,NRFA,
1971-12-15,0.202,NRFA,
1971-12-16,0.162,NRFA,
1971-12-17,0.151,NRFA,
1971-12-18,0.140,NRFA,
1971-12-19,1.367,NRFA,
1971-12-20,0.501,NRFA,
1971-12-21,0.262,NRFA,
1971-12-22,0.168,NRFA,
1971-12-23,0.144,NRFA,
1971-12-24,0.136,NRFA,
1971-12-25,0.136,NRFA,
1971-12-26,0.118,NRFA,
1971-12-27,0.201,NRFA,
1971-12-28,0.140,NRFA,
1971-12-29,0.112,NRFA,
1971-12-30,0.099,NRFA,
1971-12-31,0.261,NRFA,
1972-01-01,0.363,NRFA,
1972-01-02,0.828,NRFA,
1972-01-03,0.430,NRFA,
1972-01-04,0.286,NRFA,
1972-01-05,0.196,NRFA,
1972-01-06,0.148,NRFA,
1972-01-07,0.118,NRFA,
1972-01-08,0.339,NRFA,
1972-01-09,1.039,NRFA,
1972-01-10,2.839,NRFA,
1972-01-11,2.463,NRFA,
1972-01-12,1.191,NRFA,
1972-01-13,1.127,NRFA,
1972-01-14,0.514,NRFA,
1972-01-15,0.486,NRFA,
1972-01-16,0.499,NRFA,
1972-01-17,0.302,NRFA,
1972-01-18,1.962,NRFA,
1972-01-19,0.857,NRFA,
1972-01-20,0.267,NRFA,
1972-01-21,0.226,NRFA,
1972-01-22,1.210,NRFA,
1972-01-23,1.612,NRFA,
1972-01-24,0.551,NRFA,
1972-01-25,0.245,NRFA,
1972-01-26,0.877,NRFA,
1972-01-27,0.625,NRFA,
1972-01-28,0.289,NRFA,
1972-01-29,0.171,NRFA,
1972-01-30,0.142,NRFA,
1972-01-31,0.206,NRFA,
1972-02-01,0.114,NRFA,
1972-02-02,0.126,NRFA,
1972-02-03,0.730,NRFA,
1972-02-04,0.609,NRFA,
1972-02-05,1.292,NRFA,
1972-02-06,1.200,NRFA,
1972-02-07,0.583,NRFA,
1972-02-08,1.506,NRFA,
1972-02-09,0.582,NRFA,
1972-02-10,0.748,NRFA,
1972-02-11,0.318,NRFA,
1972-02-12,0.226,NRFA,
1972-02-13,0.288,NRFA,
1972-02-14,0.258,NRFA,
1972-02-15,0.342,NRFA,
1972-02-16,1.418,NRFA,
1972-02-17,1.542,NRFA,
1972-02-18,0.377,NRFA,
1972-02-19,0.203,NRFA,
1972-02-20,0.159,NRFA,
1972-02-21,0.198,NRFA,
1972-02-22,0.241,NRFA,
1972-02-23,0.253,NRFA,
1972-02-24,0.213,NRFA,
1972-02-25,0.275,NRFA,
1972-02-26,0.414,NRFA,
1972-02-27,0.598,NRFA,
1972-02-28,0.642,NRFA,
1972-02-29,0.510,NRFA,
1972-03-01,1.154,NRFA,
1972-03-02,0.590,NRFA,
1972-03-03,0.815,NRFA,
1972-03-04,0.307,NRFA,
1972-03-05,0.291,NRFA,
1972-03-06,0.376,NRFA,
1972-03-07,0.576,NRFA,
1972-03-08,0.384,NRFA,
1972-03-09,0.285,NRFA,
1972-03-10,0.207,NRFA,
1972-03-11,0.141,NRFA,
1972-03-12,0.137,NRFA,
1972-03-13,0.116,NRFA,
1972-03-14,0.230,NRFA,
1972-03-15,0.294,NRFA,
1972-03-16,3.071,NRFA,
1972-03-17,0.582,NRFA,
1972-03-18,0.287,NRFA,
1972-03-19,0.237,NRFA,
1972-03-20,0.188,NRFA,
1972-03-21,0.141,NRFA,
1972-03-22,0.145,NRFA,
1972-03-23,0.142,NRFA,
1972-03-24,0.099,NRFA,
1972-03-25,0.087,NRFA,
1972-03-26,0.083,NRFA,
1972-03-27,0.088,NRFA,
1972-03-28,0.146,NRFA,
1972-03-29,0.511,NRFA,
1972-03-30,2.137,NRFA,
1972-03-31,0.591,NRFA,
1972-04-01,1.473,NRFA,
1972-04-02,2.234,NRFA,
1972-04-03,0.357,NRFA,
1972-04-04,0.872,NRFA,
1972-04-05,1.248,NRFA,
1972-04-06,0.920,NRFA,
1972-04-07,0.498,NRFA,
1972-04-08,0.421,NRFA,
1972-04-09,0.465,NRFA,
1972-04-10,0.497,NRFA,
1972-04-11,0.486,NRFA,
1972-04-12,0.220,NRFA,
1972-04-13,0.154,NRFA,
1972-04-14,0.125,NRFA,
1972-04-15,0.105,NRFA,
1972-04-16,0.088,NRFA,
1972-04-17,0.074,NRFA,
1972-04-18,0.065,NRFA,
1972-04-19,0.058,NRFA,
1972-04-20,0.051,NRFA,
1972-04-21,0.049,NRFA,
1972-04-22,0.049,NRFA,
1972-04-23,0.046,NRFA,
1972-04-24,0.043,NRFA,
1972-04-25,0.041,NRFA,
1972-04-26,0.039,NRFA,
1972-04-27,0.037,NRFA,
1972-04-28,0.048,NRFA,
1972-04-29,0.124,NRFA,
1972-04-30,0.092,NRFA,
1972-05-01,0.072,NRFA,
1972-05-02,0.055,NRFA,
1972-05-03,0.061,NRFA,
1972-05-04,0.056,NRFA,
1972-05-05,0.123,NRFA,
1972-05-06,0.699,NRFA,
1972-05-07,0.232,NRFA,
1972-05-08,0.338,NRFA,
1972-05-09,0.542,NRFA,
1972-05-10,0.274,NRFA,
1972-05-11,0.542,NRFA,
1972-05-12,0.872,NRFA,
1972-05-13,0.294,NRFA,
1972-05-14,0.139,NRFA,
1972-05-15,0.109,NRFA,
1972-05-16,0.083,NRFA,
1972-05-17,0.063,NRFA,
1972-05-18,0.060,NRFA,
1972-05-19,0.055,NRFA,
1972-05-20,0.047,NRFA,
1972-05-21,0.045,NRFA,
1972-05-22,0.044,NRFA,
1972-05-23,0.044,NRFA,
1972-05-24,0.049,NRFA,
1972-05-25,0.786,NRFA,
1972-05-26,4.075,NRFA,
1972-05-27,0.696,NRFA,
1972-05-28,0.249,NRFA,
1972-05-29,1.192,NRFA,
1972-05-30,1.685,NRFA,
1972-05-31,0.782,NRFA,
1972-06-01,0.265,NRFA,
1972-06-02,1.209,NRFA,
1972-06-03,0.345,NRFA,
1972-06-04,0.940,NRFA,
1972-06-05,0.507,NRFA,
1972-06-06,0.171,NRFA,
1972-06-07,0.206,NRFA,
1972-06-08,0.141,NRFA,
1972-06-09,0.482,NRFA,
1972-06-10,0.182,NRFA,
1972-06-11,0.147,NRFA,
1972-06-12,0.129,NRFA,
1972-06-13,0.196,NRFA,
1972-06-14,0.106,NRFA,
1972-06-15,0.081,NRFA,
1972-06-16,0.062,NRFA,
1972-06-17,0.786,NRFA,
1972-06-18,0.516,NRFA,
1972-06-19,0.159,NRFA,
1972-06-20,0.333,NRFA,
1972-06-21,0.884,NRFA,
1972-06-22,0.358,NRFA,
1972-06-23,0.195,NRFA,
1972-06-24,0.160,NRFA,
1972-06-25,0.258,NRFA,
1972-06-26,0.142,NRFA,
1972-06-27,0.179,NRFA,
1972-06-28,0.111,NRFA,
1972-06-29,0.108,NRFA,
1972-06-30,0.083,NRFA,
1972-07-01,0.062,NRFA,
1972-07-02,0.055,NRFA,
1972-07-03,0.067,NRFA,
1972-07-04,1.245,NRFA,
1972-07-05,0.323,NRFA,
1972-07-06,0.135,NRFA,
1972-07-07,0.109,NRFA,
1972-07-08,0.077,NRFA,
1972-07-09,0.062,NRFA,
1972-07-10,0.062,NRFA,
1972-07-11,0.071,NRFA,
1972-07-12,0.052,NRFA,
1972-07-13,0.047,NRFA,
1972-07-14,0.044,NRFA,
1972-07-15,0.041,NRFA,
1972-07-16,0.036,NRFA,
1972-07-17,0.033,NRFA,
1972-07-18,0.031,NRFA,
1972-07-19,0.030,NRFA,
1972-07-20,0.029,NRFA,
1972-07-21,0.030,NRFA,
1972-07-22,0.056,NRFA,
1972-07-23,0.044,NRFA,
1972-07-24,0.237,NRFA,
1972-07-25,0.134,NRFA,
1972-07-26,0.071,NRFA,
1972-07-27,0.047,NRFA,
1972-07-28,0.039,NRFA,
1972-07-29,0.035,NRFA,
1972-07-30,0.035,NRFA,
1972-07-31,0.038,NRFA,
1972-08-01,0.306,NRFA,
1972-08-02,0.148,NRFA,
1972-08-03,0.071,NRFA,
1972-08-04,0.097,NRFA,
1972-08-05,0.075,NRFA,
1972-08-06,0.489,NRFA,
1972-08-07,0.768,NRFA,
1972-08-08,1.131,NRFA,
1972-08-09,0.652,NRFA,
1972-08-10,0.185,NRFA,
1972-08-11,0.109,NRFA,
1972-08-12,0.073,NRFA,
1972-08-13,0.058,NRFA,
1972-08-14,0.048,NRFA,
1972-08-15,0.042,NRFA,
1972-08-16,0.044,NRFA,
1972-08-17,0.061,NRFA,
1972-08-18,0.042,NRFA,
1972-08-19,0.038,NRFA,
1972-08-20,0.035,NRFA,
1972-08-21,0.032,NRFA,
1972-08-22,0.031,NRFA,
1972-08-23,0.029,NRFA,
1972-08-24,0.029,NRFA,
1972-08-25,0.029,NRFA,
1972-08-26,0.030,NRFA,
1972-08-27,0.029,NRFA,
1972-08-28,0.028,NRFA,
1972-08-29,0.028,NRFA,
1972-08-30,0.027,NRFA,
1972-08-31,0.025,NRFA,
1972-09-01,0.025,NRFA,
1972-09-02,0.024,NRFA,
1972-09-03,0.025,NRFA,
1972-09-04,0.025,NRFA,
1972-09-05,0.024,NRFA,
1972-09-06,0.024,NRFA,
1972-09-07,0.028,NRFA,
1972-09-08,0.039,NRFA,
1972-09-09,0.060,NRFA,
1972-09-10,0.033,NRFA,
1972-09-11,0.030,NRFA,
1972-09-12,0.031,NRFA,
1972-09-13,0.052,NRFA,
1972-09-14,0.038,NRFA,
1972-09-15,0.032,NRFA,
1972-09-16,0.030,NRFA,
1972-09-17,0.029,NRFA,
1972-09-18,0.028,NRFA,
1972-09-19,0.029,NRFA,
1972-09-20,0.026,NRFA,
1972-09-21,0.026,NRFA,
1972-09-22,0.026,NRFA,
1972-09-23,0.026,NRFA,
1972-09-24,0.025,NRFA,
1972-09-25,0.025,NRFA,
1972-09-26,0.024,NRFA,
1972-09-27,0.024,NRFA,
1972-09-28,0.024,NRFA,
1972-09-29,0.023,NRFA,
1972-09-30,0.023,NRFA,
1972-10-01,0.023,NRFA,
1972-10-02,0.023,NRFA,
1972-10-03,0.023,NRFA,
1972-10-04,0.022,NRFA,
1972-10-05,0.022,NRFA,
1972-10-06,0.022,NRFA,
1972-10-07,0.022,NRFA,
1972-10-08,0.022,NRFA,
1972-10-09,0.034,NRFA,
1972-10-10,0.055,NRFA,
1972-10-11,0.036,NRFA,
1972-10-12,0.031,NRFA,
1972-10-13,0.028,NRFA,
1972-10-14,0.026,NRFA,
1972-10-15,0.026,NRFA,
1972-10-16,0.026,NRFA,
1972-10-17,0.025,NRFA,
1972-10-18,0.025,NRFA,
1972-10-19,0.024,NRFA,
1972-10-20,0.023,NRFA,
1972-10-21,0.023,NRFA,
1972-10-22,0.024,NRFA,
1972-10-23,0.023,NRFA,
1972-10-24,0.024,NRFA,
1972-10-25,0.024,NRFA,
1972-10-26,0.023,NRFA,
1972-10-27,0.029,NRFA,
1972-10-28,0.027,NRFA,
1972-10-29,0.070,NRFA,
1972-10-30,0.061,NRFA,
1972-10-31,0.039,NRFA,
1972-11-01,0.033,NRFA,
1972-11-02,0.032,NRFA,
1972-11-03,0.042,NRFA,
1972-11-04,0.041,NRFA,
1972-11-05,0.044,NRFA,
1972-11-06,0.040,NRFA,
1972-11-07,0.043,NRFA,
1972-11-08,0.036,NRFA,
1972-11-09,2.823,NRFA,
1972-11-10,0.421,NRFA,
1972-11-11,0.531,NRFA,
1972-11-12,0.304,NRFA,
1972-11-13,0.237,NRFA,
1972-11-14,0.163,NRFA,
1972-11-15,0.164,NRFA,
1972-11-16,0.141,NRFA,
1972-11-17,0.139,NRFA,
1972-11-18,0.107,NRFA,
1972-11-19,0.357,NRFA,
1972-11-20,2.523,NRFA,
1972-11-21,4.756,NRFA,
1972-11-22,0.730,NRFA,
1972-11-23,0.294,NRFA,
1972-11-24,0.185,NRFA,
1972-11-25,0.480,NRFA,
1972-11-26,0.475,NRFA,
1972-11-27,2.264,NRFA,
1972-11-28,0.515,NRFA,
1972-11-29,2.355,NRFA,
1972-11-30,0.951,NRFA,
1972-12-01,3.370,NRFA,
1972-12-02,0.438,NRFA,
1972-12-03,0.294,NRFA,
1972-12-04,1.550,NRFA,
1972-12-05,2.057,NRFA,
1972-12-06,0.818,NRFA,
1972-12-07,0.967,NRFA,
1972-12-08,0.365,NRFA,
1972-12-09,0.613,NRFA,
1972-12-10,0.855,NRFA,
1972-12-11,4.624,NRFA,
1972-12-12,1.927,NRFA,
1972-12-13,0.805,NRFA,
1972-12-14,0.433,NRFA,
1972-12-15,0.238,NRFA,
1972-12-16,0.175,NRFA,
1972-12-17,0.146,NRFA,
1972-12-18,0.120,NRFA,
1972-12-19,0.099,NRFA,
1972-12-20,0.091,NRFA,
1972-12-21,0.078,NRFA,
1972-12-22,0.073,NRFA,
1972-12-23,0.062,NRFA,
1972-12-24,0.063,NRFA,
1972-12-25,0.066,NRFA,
1972-12-26,0.077,NRFA,
1972-12-27,0.158,NRFA,
1972-12-28,0.149,NRFA,
1972-12-29,0.107,NRFA,
1972-12-30,0.095,NRFA,
1972-12-31,0.076,NRFA,
1973-01-01,0.080,NRFA,
1973-01-02,0.093,NRFA,
1973-01-03,0.104,NRFA,
1973-01-04,0.092,NRFA,
1973-01-05,0.074,NRFA,
1973-01-06,0.064,NRFA,
1973-01-07,0.056,NRFA,
1973-01-08,0.066,NRFA,
1973-01-09,0.063,NRFA,
1973-01-10,0.064,NRFA,
1973-01-11,0.057,NRFA,
1973-01-12,0.047,NRFA,
1973-01-13,0.047,NRFA,
1973-01-14,0.085,NRFA,
1973-01-15,0.592,NRFA,
1973-01-16,0.168,NRFA,
1973-01-17,0.095,NRFA,
1973-01-18,0.093,NRFA,
1973-01-19,0.062,NRFA,
1973-01-20,0.070,NRFA,
1973-01-21,0.079,NRFA,
1973-01-22,0.080,NRFA,
1973-01-23,1.362,NRFA,
1973-01-24,2.459,NRFA,
1973-01-25,1.708,NRFA,
1973-01-26,2.086,NRFA,
1973-01-27,0.434,NRFA,
1973-01-28,0.386,NRFA,
1973-01-29,0.329,NRFA,
1973-01-30,0.244,NRFA,
1973-01-31,0.195,NRFA,
1973-02-01,0.183,NRFA,
1973-02-02,0.164,NRFA,
1973-02-03,0.146,NRFA,
1973-02-04,0.128,NRFA,
1973-02-05,0.140,NRFA,
1973-02-06,0.212,NRFA,
1973-02-07,0.145,NRFA,
1973-02-08,0.112,NRFA,
1973-02-09,0.105,NRFA,
1973-02-10,0.084,NRFA,
1973-02-11,0.843,NRFA,
1973-02-12,0.707,NRFA,
1973-02-13,0.263,NRFA,
1973-02-14,0.158,NRFA,
1973-02-15,0.181,NRFA,
1973-02-16,0.115,NRFA,
1973-02-17,0.115,NRFA,
1973-02-18,0.546,NRFA,
1973-02-19,2.392,NRFA,
1973-02-20,0.698,NRFA,
1973-02-21,0.312,NRFA,
1973-02-22,0.238,NRFA,
1973-02-23,0.142,NRFA,
1973-02-24,0.158,NRFA,
1973-02-25,0.115,NRFA,
1973-02-26,0.101,NRFA,
1973-02-27,0.116,NRFA,
1973-02-28,0.338,NRFA,
1973-03-01,1.621,NRFA,
1973-03-02,0.656,NRFA,
1973-03-03,0.633,NRFA,
1973-03-04,0.436,NRFA,
1973-03-05,0.202,NRFA,
1973-03-06,0.224,NRFA,
1973-03-07,0.381,NRFA,
1973-03-08,0.263,NRFA,
1973-03-09,0.166,NRFA,
1973-03-10,0.121,NRFA,
1973-03-11,0.102,NRFA,
1973-03-12,0.094,NRFA,
1973-03-13,0.075,NRFA,
1973-03-14,0.066,NRFA,
1973-03-15,0.060,NRFA,
1973-03-16,0.058,NRFA,
1973-03-17,0.056,NRFA,
1973-03-18,0.052,NRFA,
1973-03-19,0.049,NRFA,
1973-03-20,0.045,NRFA,
1973-03-21,0.041,NRFA,
1973-03-22,0.037,NRFA,
1973-03-23,0.036,NRFA,
1973-03-24,0.040,NRFA,
1973-03-25,0.050,NRFA,
1973-03-26,0.044,NRFA,
1973-03-27,0.041,NRFA,
1973-03-28,0.040,NRFA,
1973-03-29,0.035,NRFA,
1973-03-30,0.056,NRFA,
1973-03-31,0.073,NRFA,
1973-04-01,0.144,NRFA,
1973-04-02,0.135,NRFA,
1973-04-03,0.181,NRFA,
1973-04-04,4.137,NRFA,
1973-04-05,0.642,NRFA,
1973-04-06,0.572,NRFA,
1973-04-07,0.520,NRFA,
1973-04-08,0.221,NRFA,
1973-04-09,0.250,NRFA,
1973-04-10,0.423,NRFA,
1973-04-11,0.252,NRFA,
1973-04-12,0.139,NRFA,
1973-04-13,0.139,NRFA,
1973-04-14,0.135,NRFA,
1973-04-15,0.110,NRFA,
1973-04-16,0.078,NRFA,
1973-04-17,0.061,NRFA,
1973-04-18,0.058,NRFA,
1973-04-19,0.050,NRFA,
1973-04-20,0.060,NRFA,
1973-04-21,0.162,NRFA,
1973-04-22,0.939,NRFA,
1973-04-23,1.987,NRFA,
1973-04-24,0.594,NRFA,
1973-04-25,0.202,NRFA,
1973-04-26,0.123,NRFA,
1973-04-27,0.098,NRFA,
1973-04-28,0.079,NRFA,
1973-04-29,0.064,NRFA,
1973-04-30,0.106,NRFA,
1973-05-01,0.099,NRFA,
1973-05-02,0.066,NRFA,
1973-05-03,0.145,NRFA,
1973-05-04,1.177,NRFA,
1973-05-05,0.248,NRFA,
1973-05-06,0.176,NRFA,
1973-05-07,0.115,NRFA,
1973-05-08,0.096,NRFA,
1973-05-09,0.804,NRFA,
1973-05-10,1.596,NRFA,
1973-05-11,0.310,NRFA,
1973-05-12,0.189,NRFA,
1973-05-13,0.242,NRFA,
1973-05-14,0.117,NRFA,
1973-05-15,0.089,NRFA,
1973-05-16,0.065,NRFA,
1973-05-17,0.055,NRFA,
1973-05-18,0.051,NRFA,
1973-05-19,0.046,NRFA,
1973-05-20,0.836,NRFA,
1973-05-21,0.580,NRFA,
1973-05-22,0.461,NRFA,
1973-05-23,0.172,NRFA,
1973-05-24,0.140,NRFA,
1973-05-25,0.106,NRFA,
1973-05-26,0.078,NRFA,
1973-05-27,0.060,NRFA,
1973-05-28,0.053,NRFA,
1973-05-29,0.092,NRFA,
1973-05-30,0.108,NRFA,
1973-05-31,0.074,NRFA,
1973-06-01,0.058,NRFA,
1973-06-02,0.060,NRFA,
1973-06-03,0.065,NRFA,
1973-06-04,0.048,NRFA,
1973-06-05,0.040,NRFA,
1973-06-06,0.039,NRFA,
1973-06-07,0.037,NRFA,
1973-06-08,0.034,NRFA,
1973-06-09,0.032,NRFA,
1973-06-10,0.032,NRFA,
1973-06-11,0.030,NRFA,
1973-06-12,0.029,NRFA,
1973-06-13,0.028,NRFA,
1973-06-14,0.026,NRFA,
1973-06-15,0.026,NRFA,
1973-06-16,0.025,NRFA,
1973-06-17,0.029,NRFA,
1973-06-18,0.026,NRFA,
1973-06-19,0.034,NRFA,
1973-06-20,0.096,NRFA,
1973-06-21,0.049,NRFA,
1973-06-22,0.036,NRFA,
1973-06-23,0.042,NRFA,
1973-06-24,0.093,NRFA,
1973-06-25,0.076,NRFA,
1973-06-26,0.053,NRFA,
1973-06-27,0.041,NRFA,
1973-06-28,0.034,NRFA,
1973-06-29,0.032,NRFA,
1973-06-30,0.034,NRFA,
1973-07-01,0.030,NRFA,
1973-07-02,0.027,NRFA,
1973-07-03,0.026,NRFA,
1973-07-04,0.024,NRFA,
1973-07-05,0.023,NRFA,
1973-07-06,0.145,NRFA,
1973-07-07,0.274,NRFA,
1973-07-08,0.074,NRFA,
1973-07-09,0.044,NRFA,
1973-07-10,0.039,NRFA,
1973-07-11,0.039,NRFA,
1973-07-12,0.034,NRFA,
1973-07-13,0.127,NRFA,
1973-07-14,0.717,NRFA,
1973-07-15,0.770,NRFA,
1973-07-16,3.065,NRFA,
1973-07-17,0.875,NRFA,
1973-07-18,0.304,NRFA,
1973-07-19,0.351,NRFA,
1973-07-20,0.172,NRFA,
1973-07-21,0.177,NRFA,
1973-07-22,0.394,NRFA,
1973-07-23,0.135,NRFA,
1973-07-24,0.091,NRFA,
1973-07-25,0.065,NRFA,
1973-07-26,0.053,NRFA,
1973-07-27,0.044,NRFA,
1973-07-28,0.038,NRFA,
1973-07-29,0.099,NRFA,
1973-07-30,0.050,NRFA,
1973-07-31,0.037,NRFA,
1973-08-01,0.033,NRFA,
1973-08-02,0.035,NRFA,
1973-08-03,0.043,NRFA,
1973-08-04,0.063,NRFA,
1973-08-05,2.457,NRFA,
1973-08-06,1.878,NRFA,
1973-08-07,0.724,NRFA,
1973-08-08,0.264,NRFA,
1973-08-09,0.327,NRFA,
1973-08-10,1.312,NRFA,
1973-08-11,0.489,NRFA,
1973-08-12,0.167,NRFA,
1973-08-13,0.103,NRFA,
1973-08-14,0.068,NRFA,
1973-08-15,0.054,NRFA,
1973-08-16,0.045,NRFA,
1973-08-17,0.039,NRFA,
1973-08-18,0.037,NRFA,
1973-08-19,0.266,NRFA,
1973-08-20,1.028,NRFA,
1973-08-21,0.193,NRFA,
1973-08-22,0.110,NRFA,
1973-08-23,0.072,NRFA,
1973-08-24,0.059,NRFA,
1973-08-25,0.056,NRFA,
1973-08-26,0.049,NRFA,
1973-08-27,0.044,NRFA,
1973-08-28,0.041,NRFA,
1973-08-29,0.044,NRFA,
1973-08-30,0.045,NRFA,
1973-08-31,0.121,NRFA,
1973-09-01,0.251,NRFA,
1973-09-02,0.087,NRFA,
1973-09-03,0.074,NRFA,
1973-09-04,0.079,NRFA,
1973-09-05,0.061,NRFA,
1973-09-06,0.049,NRFA,
1973-09-07,0.046,NRFA,
1973-09-08,0.041,NRFA,
1973-09-09,0.040,NRFA,
1973-09-10,0.038,NRFA,
1973-09-11,0.035,NRFA,
1973-09-12,0.033,NRFA,
1973-09-13,0.033,NRFA,
1973-09-14,0.033,NRFA,
1973-09-15,0.032,NRFA,
1973-09-16,0.033,NRFA,
1973-09-17,0.035,NRFA,
1973-09-18,0.461,NRFA,
1973-09-19,0.437,NRFA,
1973-09-20,0.105,NRFA,
1973-09-21,0.064,NRFA,
1973-09-22,0.067,NRFA,
1973-09-23,0.117,NRFA,
1973-09-24,0.085,NRFA,
1973-09-25,0.067,NRFA,
1973-09-26,0.064,NRFA,
1973-09-27,0.468,NRFA,
1973-09-28,0.728,NRFA,
1973-09-29,0.582,NRFA,
1973-09-30,0.251,NRFA,
1973-10-01,0.127,NRFA,
1973-10-02,0.096,NRFA,
1973-10-03,0.079,NRFA,
1973-10-04,0.075,NRFA,
1973-10-05,0.064,NRFA,
1973-10-06,0.058,NRFA,
1973-10-07,0.053,NRFA,
1973-10-08,0.579,NRFA,
1973-10-09,0.482,NRFA,
1973-10-10,1.401,NRFA,
1973-10-11,0.244,NRFA,
1973-10-12,0.145,NRFA,
1973-10-13,0.106,NRFA,
1973-10-14,0.214,NRFA,
1973-10-15,0.240,NRFA,
1973-10-16,0.132,NRFA,
1973-10-17,0.088,NRFA,
1973-10-18,1.001,NRFA,
1973-10-19,1.831,NRFA,
1973-10-20,0.863,NRFA,
1973-10-21,0.313,NRFA,
1973-10-22,0.349,NRFA,
1973-10-23,0.192,NRFA,
1973-10-24,0.143,NRFA,
1973-10-25,0.125,NRFA,
1973-10-26,0.107,NRFA,
1973-10-27,0.087,NRFA,
1973-10-28,0.072,NRFA,
1973-10-29,0.063,NRFA,
1973-10-30,0.060,NRFA,
1973-10-31,0.059,NRFA,
1973-11-01,0.063,NRFA,
1973-11-02,0.059,NRFA,
1973-11-03,0.058,NRFA,
1973-11-04,0.196,NRFA,
1973-11-05,0.160,NRFA,
1973-11-06,0.087,NRFA,
1973-11-07,0.084,NRFA,
1973-11-08,0.627,NRFA,
1973-11-09,1.683,NRFA,
1973-11-10,0.404,NRFA,
1973-11-11,0.373,NRFA,
1973-11-12,1.508,NRFA,
1973-11-13,0.449,NRFA,
1973-11-14,0.237,NRFA,
1973-11-15,0.178,NRFA,
1973-11-16,0.130,NRFA,
1973-11-17,0.109,NRFA,
1973-11-18,0.359,NRFA,
1973-11-19,0.197,NRFA,
1973-11-20,0.115,NRFA,
1973-11-21,0.102,NRFA,
1973-11-22,0.092,NRFA,
1973-11-23,0.085,NRFA,
1973-11-24,0.074,NRFA,
1973-11-25,0.047,NRFA,
1973-11-26,0.061,NRFA,
1973-11-27,0.059,NRFA,
1973-11-28,0.049,NRFA,
1973-11-29,0.044,NRFA,
1973-11-30,0.040,NRFA,
1973-12-01,0.037,NRFA,
1973-12-02,0.053,NRFA,
1973-12-03,0.404,NRFA,
1973-12-04,0.404,NRFA,
1973-12-05,0.251,NRFA,
1973-12-06,0.156,NRFA,
1973-12-07,0.116,NRFA,
1973-12-08,0.092,NRFA,
1973-12-09,0.210,NRFA,
1973-12-10,3.681,NRFA,
1973-12-11,0.476,NRFA,
1973-12-12,1.457,NRFA,
1973-12-13,0.424,NRFA,
1973-12-14,0.147,NRFA,
1973-12-15,1.673,NRFA,
1973-12-16,0.553,NRFA,
1973-12-17,0.156,NRFA,
1973-12-18,0.138,NRFA,
1973-12-19,0.115,NRFA,
1973-12-20,1.878,NRFA,
1973-12-21,1.307,NRFA,
1973-12-22,0.956,NRFA,
1973-12-23,0.300,NRFA,
1973-12-24,0.232,NRFA,
1973-12-25,0.347,NRFA,
1973-12-26,0.543,NRFA,
1973-12-27,0.313,NRFA,
1973-12-28,0.549,NRFA,
1973-12-29,0.907,NRFA,
1973-12-30,0.358,NRFA,
1973-12-31,0.154,NRFA,
1974-01-01,0.118,NRFA,
1974-01-02,0.075,NRFA,
1974-01-03,0.080,NRFA,
1974-01-04,2.653,NRFA,
1974-01-05,1.204,NRFA,
1974-01-06,0.528,NRFA,
1974-01-07,1.460,NRFA,
1974-01-08,1.019,NRFA,
1974-01-09,0.375,NRFA,
1974-01-10,1.925,NRFA,
1974-01-11,1.241,NRFA,
1974-01-12,0.671,NRFA,
1974-01-13,1.236,NRFA,
1974-01-14,2.216,NRFA,
1974-01-15,1.250,NRFA,
1974-01-16,0.327,NRFA,
1974-01-17,2.956,NRFA,
1974-01-18,0.614,NRFA,
1974-01-19,0.297,NRFA,
1974-01-20,0.185,NRFA,
1974-01-21,0.143,NRFA,
1974-01-22,0.138,NRFA,
1974-01-23,0.891,NRFA,
1974-01-24,0.485,NRFA,
1974-01-25,0.558,NRFA,
1974-01-26,2.328,NRFA,
1974-01-27,1.338,NRFA,
1974-01-28,1.420,NRFA,
1974-01-29,2.033,NRFA,
1974-01-30,3.411,NRFA,
1974-01-31,0.581,NRFA,
1974-02-01,0.722,NRFA,
1974-02-02,2.303,NRFA,
1974-02-03,0.459,NRFA,
1974-02-04,0.231,NRFA,
1974-02-05,0.190,NRFA,
1974-02-06,0.157,NRFA,
1974-02-07,0.123,NRFA,
1974-02-08,2.275,NRFA,
1974-02-09,1.611,NRFA,
1974-02-10,1.217,NRFA,
1974-02-11,1.760,NRFA,
1974-02-12,0.544,NRFA,
1974-02-13,0.343,NRFA,
1974-02-14,1.737,NRFA,
1974-02-15,1.148,NRFA,
1974-02-16,0.919,NRFA,
1974-02-17,0.405,NRFA,
1974-02-18,0.294,NRFA,
1974-02-19,0.282,NRFA,
1974-02-20,0.206,NRFA,
1974-02-21,0.169,NRFA,
1974-02-22,0.158,NRFA,
1974-02-23,0.121,NRFA,
1974-02-24,0.108,NRFA,
1974-02-25,0.099,NRFA,
1974-02-26,0.099,NRFA,
1974-02-27,0.092,NRFA,
1974-02-28,0.068,NRFA,
1974-03-01,0.074,NRFA,
1974-03-02,0.085,NRFA,
1974-03-03,0.100,NRFA,
1974-03-04,0.108,NRFA,
1974-03-05,0.152,NRFA,
1974-03-06,0.995,NRFA,
1974-03-07,1.301,NRFA,
1974-03-08,0.279,NRFA,
1974-03-09,0.144,NRFA,
1974-03-10,0.123,NRFA,
1974-03-11,0.178,NRFA,
1974-03-12,0.284,NRFA,
1974-03-13,0.334,NRFA,
1974-03-14,0.504,NRFA,
1974-03-15,2.532,NRFA,
1974-03-16,1.350,NRFA,
1974-03-17,0.839,NRFA,
1974-03-18,1.145,NRFA,
1974-03-19,0.559,NRFA,
1974-03-20,0.530,NRFA,
1974-03-21,0.253,NRFA,
1974-03-22,0.145,NRFA,
1974-03-23,0.108,NRFA,
1974-03-24,0.104,NRFA,
1974-03-25,0.164,NRFA,
1974-03-26,0.118,NRFA,
1974-03-27,0.098,NRFA,
1974-03-28,0.076,NRFA,
1974-03-29,0.063,NRFA,
1974-03-30,0.057,NRFA,
1974-03-31,0.048,NRFA,
1974-04-01,0.046,NRFA,
1974-04-02,0.043,NRFA,
1974-04-03,0.042,NRFA,
1974-04-04,0.039,NRFA,
1974-04-05,0.038,NRFA,
1974-04-06,0.037,NRFA,
1974-04-07,0.034,NRFA,
1974-04-08,0.032,NRFA,
1974-04-09,0.031,NRFA,
1974-04-10,0.031,NRFA,
1974-04-11,0.039,NRFA,
1974-04-12,0.053,NRFA,
1974-04-13,0.042,NRFA,
1974-04-14,0.036,NRFA,
1974-04-15,0.033,NRFA,
1974-04-16,0.031,NRFA,
1974-04-17,0.031,NRFA,
1974-04-18,0.030,NRFA,
1974-04-19,0.030,NRFA,
1974-04-20,0.029,NRFA,
1974-04-21,0.028,NRFA,
1974-04-22,0.027,NRFA,
1974-04-23,0.026,NRFA,
1974-04-24,0.026,NRFA,
1974-04-25,0.026,NRFA,
1974-04-26,0.025,NRFA,
1974-04-27,0.032,NRFA,
1974-04-28,0.170,NRFA,
1974-04-29,0.108,NRFA,
1974-04-30,0.052,NRFA,
1974-05-01,0.041,NRFA,
1974-05-02,0.038,NRFA,
1974-05-03,0.041,NRFA,
1974-05-04,0.034,NRFA,
1974-05-05,0.033,NRFA,
1974-05-06,0.031,NRFA,
1974-05-07,0.030,NRFA,
1974-05-08,0.027,NRFA,
1974-05-09,0.034,NRFA,
1974-05-10,0.043,NRFA,
1974-05-11,0.039,NRFA,
1974-05-12,0.037,NRFA,
1974-05-13,0.038,NRFA,
1974-05-14,0.030,NRFA,
1974-05-15,0.027,NRFA,
1974-05-16,0.026,NRFA,
1974-05-17,0.027,NRFA,
1974-05-18,0.028,NRFA,
1974-05-19,0.025,NRFA,
1974-05-20,0.024,NRFA,
1974-05-21,0.025,NRFA,
1974-05-22,0.026,NRFA,
1974-05-23,0.190,NRFA,
1974-05-24,0.136,NRFA,
1974-05-25,0.062,NRFA,
1974-05-26,0.039,NRFA,
1974-05-27,0.032,NRFA,
1974-05-28,0.038,NRFA,
1974-05-29,0.030,NRFA,
1974-05-30,0.027,NRFA,
1974-05-31,0.026,NRFA,
1974-06-01,0.028,NRFA,
1974-06-02,0.028,NRFA,
1974-06-03,0.024,NRFA,
1974-06-04,0.023,NRFA,
1974-06-05,0.029,NRFA,
1974-06-06,0.050,NRFA,
1974-06-07,0.176,NRFA,
1974-06-08,0.511,NRFA,
1974-06-09,0.408,NRFA,
1974-06-10,0.255,NRFA,
1974-06-11,0.123,NRFA,
1974-06-12,0.072,NRFA,
1974-06-13,0.047,NRFA,
1974-06-14,0.036,NRFA,
1974-06-15,0.030,NRFA,
1974-06-16,0.115,NRFA,
1974-06-17,0.086,NRFA,
1974-06-18,0.059,NRFA,
1974-06-19,0.039,NRFA,
1974-06-20,0.032,NRFA,
1974-06-21,0.029,NRFA,
1974-06-22,0.026,NRFA,
1974-06-23,0.026,NRFA,
1974-06-24,0.025,NRFA,
1974-06-25,0.026,NRFA,
1974-06-26,0.027,NRFA,
1974-06-27,0.023,NRFA,
1974-06-28,0.021,NRFA,
1974-06-29,0.020,NRFA,
1974-06-30,0.025,NRFA,
1974-07-01,0.060,NRFA,
1974-07-02,0.741,NRFA,
1974-07-03,0.360,NRFA,
1974-07-04,0.483,NRFA,
1974-07-05,1.179,NRFA,
1974-07-06,0.462,NRFA,
1974-07-07,0.132,NRFA,
1974-07-08,0.086,NRFA,
1974-07-09,0.060,NRFA,
1974-07-10,0.053,NRFA,
1974-07-11,0.048,NRFA,
1974-07-12,0.042,NRFA,
1974-07-13,0.041,NRFA,
1974-07-14,0.043,NRFA,
1974-07-15,0.789,NRFA,
1974-07-16,0.266,NRFA,
1974-07-17,0.129,NRFA,
1974-07-18,0.068,NRFA,
1974-07-19,0.054,NRFA,
1974-07-20,0.041,NRFA,
1974-07-21,0.033,NRFA,
1974-07-22,0.050,NRFA,
1974-07-23,0.043,NRFA,
1974-07-24,0.035,NRFA,
1974-07-25,0.031,NRFA,
1974-07-26,0.031,NRFA,
1974-07-27,0.031,NRFA,
1974-07-28,0.035,NRFA,
1974-07-29,0.034,NRFA,
1974-07-30,0.034,NRFA,
1974-07-31,0.032,NRFA,
1974-08-01,0.028,NRFA,
1974-08-02,0.027,NRFA,
1974-08-03,0.025,NRFA,
1974-08-04,0.024,NRFA,
1974-08-05,0.022,NRFA,
1974-08-06,0.022,NRFA,
1974-08-07,0.022,NRFA,
1974-08-08,0.084,NRFA,
1974-08-09,0.124,NRFA,
1974-08-10,0.300,NRFA,
1974-08-11,0.107,NRFA,
1974-08-12,0.648,NRFA,
1974-08-13,0.114,NRFA,
1974-08-14,0.801,NRFA,
1974-08-15,0.199,NRFA,
1974-08-16,0.082,NRFA,
1974-08-17,0.054,NRFA,
1974-08-18,0.047,NRFA,
1974-08-19,0.043,NRFA,
1974-08-20,0.035,NRFA,
1974-08-21,0.034,NRFA,
1974-08-22,0.031,NRFA,
1974-08-23,0.030,NRFA,
1974-08-24,0.028,NRFA,
1974-08-25,0.054,NRFA,
1974-08-26,0.080,NRFA,
1974-08-27,0.055,NRFA,
1974-08-28,0.036,NRFA,
1974-08-29,0.031,NRFA,
1974-08-30,0.038,NRFA,
1974-08-31,0.039,NRFA,
1974-09-01,0.101,NRFA,
1974-09-02,1.087,NRFA,
1974-09-03,0.928,NRFA,
1974-09-04,1.278,NRFA,
1974-09-05,0.491,NRFA,
1974-09-06,1.134,NRFA,
1974-09-07,3.451,NRFA,
1974-09-08,0.397,NRFA,
1974-09-09,0.243,NRFA,
1974-09-10,0.134,NRFA,
1974-09-11,0.095,NRFA,
1974-09-12,0.082,NRFA,
1974-09-13,0.126,NRFA,
1974-09-14,0.077,NRFA,
1974-09-15,0.066,NRFA,
1974-09-16,0.055,NRFA,
1974-09-17,0.053,NRFA,
1974-09-18,0.042,NRFA,
1974-09-19,0.041,NRFA,
1974-09-20,0.041,NRFA,
1974-09-21,0.067,NRFA,
1974-09-22,0.333,NRFA,
1974-09-23,1.732,NRFA,
1974-09-24,0.395,NRFA,
1974-09-25,0.393,NRFA,
1974-09-26,0.230,NRFA,
1974-09-27,0.140,NRFA,
1974-09-28,0.098,NRFA,
1974-09-29,0.084,NRFA,
1974-09-30,0.067,NRFA,
1974-10-01,0.072,NRFA,
1974-10-02,0.435,NRFA,
1974-10-03,0.768,NRFA,
1974-10-04,0.843,NRFA,
1974-10-05,0.201,NRFA,
1974-10-06,0.472,NRFA,
1974-10-07,0.371,NRFA,
1974-10-08,0.329,NRFA,
1974-10-09,0.159,NRFA,
1974-10-10,0.331,NRFA,
1974-10-11,0.225,NRFA,
1974-10-12,0.118,NRFA,
1974-10-13,0.092,NRFA,
1974-10-14,0.079,NRFA,
1974-10-15,0.121,NRFA,
1974-10-16,0.991,NRFA,
1974-10-17,0.283,NRFA,
1974-10-18,1.093,NRFA,
1974-10-19,0.275,NRFA,
1974-10-20,0.240,NRFA,
1974-10-21,0.486,NRFA,
1974-10-22,0.629,NRFA,
1974-10-23,0.201,NRFA,
1974-10-24,0.128,NRFA,
1974-10-25,0.102,NRFA,
1974-10-26,0.117,NRFA,
1974-10-27,0.162,NRFA,
1974-10-28,0.095,NRFA,
1974-10-29,0.089,NRFA,
1974-10-30,0.101,NRFA,
1974-10-31,0.130,NRFA,
1974-11-01,0.197,NRFA,
1974-11-02,0.152,NRFA,
1974-11-03,0.218,NRFA,
1974-11-04,0.203,NRFA,
1974-11-05,0.126,NRFA,
1974-11-06,0.124,NRFA,
1974-11-07,0.110,NRFA,
1974-11-08,0.352,NRFA,
1974-11-09,2.027,NRFA,
1974-11-10,3.857,NRFA,
1974-11-11,0.631,NRFA,
1974-11-12,0.284,NRFA,
1974-11-13,3.515,NRFA,
1974-11-14,1.933,NRFA,
1974-11-15,0.903,NRFA,
1974-11-16,0.466,NRFA,
1974-11-17,0.319,NRFA,
1974-11-18,0.183,NRFA,
1974-11-19,0.127,NRFA,
1974-11-20,0.134,NRFA,
1974-11-21,0.458,NRFA,
1974-11-22,1.613,NRFA,
1974-11-23,0.454,NRFA,
1974-11-24,3.313,NRFA,
1974-11-25,1.176,NRFA,
1974-11-26,0.298,NRFA,
1974-11-27,1.296,NRFA,
1974-11-28,0.648,NRFA,
1974-11-29,0.336,NRFA,
1974-11-30,0.624,NRFA,
1974-12-01,0.406,NRFA,
1974-12-02,0.389,NRFA,
1974-12-03,0.354,NRFA,
1974-12-04,0.628,NRFA,
1974-12-05,0.304,NRFA,
1974-12-06,0.309,NRFA,
1974-12-07,0.448,NRFA,
1974-12-08,1.057,NRFA,
1974-12-09,0.440,NRFA,
1974-12-10,0.325,NRFA,
1974-12-11,0.243,NRFA,
1974-12-12,1.225,NRFA,
1974-12-13,2.430,NRFA,
1974-12-14,1.281,NRFA,
1974-12-15,0.772,NRFA,
1974-12-16,1.438,NRFA,
1974-12-17,1.391,NRFA,
1974-12-18,0.404,NRFA,
1974-12-19,2.970,NRFA,
1974-12-20,2.696,NRFA,
1974-12-21,4.086,NRFA,
1974-12-22,0.988,NRFA,
1974-12-23,0.322,NRFA,
1974-12-24,0.429,NRFA,
1974-12-25,5.526,NRFA,
1974-12-26,1.293,NRFA,
1974-12-27,1.080,NRFA,
1974-12-28,2.623,NRFA,
1974-12-29,1.247,NRFA,
1974-12-30,0.310,NRFA,
1974-12-31,0.486,NRFA,
1975-01-01,0.361,NRFA,
1975-01-02,0.222,NRFA,
1975-01-03,0.190,NRFA,
1975-01-04,0.279,NRFA,
1975-01-05,0.454,NRFA,
1975-01-06,1.221,NRFA,
1975-01-07,0.557,NRFA,
1975-01-08,0.336,NRFA,
1975-01-09,0.367,NRFA,
1975-01-10,1.032,NRFA,
1975-01-11,0.979,NRFA,
1975-01-12,0.975,NRFA,
1975-01-13,1.115,NRFA,
1975-01-14,0.946,NRFA,
1975-01-15,1.504,NRFA,
1975-01-16,0.509,NRFA,
1975-01-17,0.299,NRFA,
1975-01-18,0.213,NRFA,
1975-01-19,2.393,NRFA,
1975-01-20,0.597,NRFA,
1975-01-21,0.928,NRFA,
1975-01-22,3.734,NRFA,
1975-01-23,0.476,NRFA,
1975-01-24,1.315,NRFA,
1975-01-25,2.651,NRFA,
1975-01-26,1.874,NRFA,
1975-01-27,1.427,NRFA,
1975-01-28,0.378,NRFA,
1975-01-29,1.524,NRFA,
1975-01-30,2.152,NRFA,
1975-01-31,2.033,NRFA,
1975-02-01,0.615,NRFA,
1975-02-02,0.319,NRFA,
1975-02-03,0.192,NRFA,
1975-02-04,0.144,NRFA,
1975-02-05,0.119,NRFA,
1975-02-06,0.102,NRFA,
1975-02-07,0.100,NRFA,
1975-02-08,0.085,NRFA,
1975-02-09,0.071,NRFA,
1975-02-10,0.112,NRFA,
1975-02-11,0.163,NRFA,
1975-02-12,0.312,NRFA,
1975-02-13,0.501,NRFA,
1975-02-14,0.397,NRFA,
1975-02-15,0.223,NRFA,
1975-02-16,1.190,NRFA,
1975-02-17,0.630,NRFA,
1975-02-18,0.191,NRFA,
1975-02-19,0.141,NRFA,
1975-02-20,0.118,NRFA,
1975-02-21,0.100,NRFA,
1975-02-22,0.087,NRFA,
1975-02-23,0.104,NRFA,
1975-02-24,0.099,NRFA,
1975-02-25,0.085,NRFA,
1975-02-26,0.074,NRFA,
1975-02-27,0.061,NRFA,
1975-02-28,0.064,NRFA,
1975-03-01,0.072,NRFA,
1975-03-02,0.068,NRFA,
1975-03-03,0.099,NRFA,
1975-03-04,0.091,NRFA,
1975-03-05,0.071,NRFA,
1975-03-06,0.190,NRFA,
1975-03-07,0.173,NRFA,
1975-03-08,0.118,NRFA,
1975-03-09,0.083,NRFA,
1975-03-10,1.340,NRFA,
1975-03-11,1.024,NRFA,
1975-03-12,0.240,NRFA,
1975-03-13,0.148,NRFA,
1975-03-14,0.107,NRFA,
1975-03-15,0.098,NRFA,
1975-03-16,0.093,NRFA,
1975-03-17,0.090,NRFA,
1975-03-18,0.080,NRFA,
1975-03-19,0.069,NRFA,
1975-03-20,0.077,NRFA,
1975-03-21,0.079,NRFA,
1975-03-22,0.371,NRFA,
1975-03-23,0.211,NRFA,
1975-03-24,0.110,NRFA,
1975-03-25,0.200,NRFA,
1975-03-26,0.169,NRFA,
1975-03-27,0.097,NRFA,
1975-03-28,0.142,NRFA,
1975-03-29,0.094,NRFA,
1975-03-30,0.085,NRFA,
1975-03-31,0.070,NRFA,
1975-04-01,0.139,NRFA,
1975-04-02,0.205,NRFA,
1975-04-03,0.184,NRFA,
1975-04-04,0.199,NRFA,
1975-04-05,0.145,NRFA,
1975-04-06,0.341,NRFA,
1975-04-07,0.479,NRFA,
1975-04-08,0.128,NRFA,
1975-04-09,0.142,NRFA,
1975-04-10,0.242,NRFA,
1975-04-11,0.934,NRFA,
1975-04-12,0.344,NRFA,
1975-04-13,0.187,NRFA,
1975-04-14,0.258,NRFA,
1975-04-15,0.309,NRFA,
1975-04-16,0.268,NRFA,
1975-04-17,0.547,NRFA,
1975-04-18,0.223,NRFA,
1975-04-19,0.700,NRFA,
1975-04-20,0.275,NRFA,
1975-04-21,0.223,NRFA,
1975-04-22,0.156,NRFA,
1975-04-23,0.098,NRFA,
1975-04-24,0.081,NRFA,
1975-04-25,0.070,NRFA,
1975-04-26,0.062,NRFA,
1975-04-27,0.053,NRFA,
1975-04-28,0.088,NRFA,
1975-04-29,0.091,NRFA,
1975-04-30,1.625,NRFA,
1975-05-01,0.266,NRFA,
1975-05-02,0.159,NRFA,
1975-05-03,0.097,NRFA,
1975-05-04,0.073,NRFA,
1975-05-05,0.063,NRFA,
1975-05-06,0.054,NRFA,
1975-05-07,0.050,NRFA,
1975-05-08,0.075,NRFA,
1975-05-09,0.749,NRFA,
1975-05-10,0.804,NRFA,
1975-05-11,0.348,NRFA,
1975-05-12,0.165,NRFA,
1975-05-13,0.333,NRFA,
1975-05-14,1.018,NRFA,
1975-05-15,0.230,NRFA,
1975-05-16,0.120,NRFA,
1975-05-17,0.083,NRFA,
1975-05-18,0.067,NRFA,
1975-05-19,0.057,NRFA,
1975-05-20,0.050,NRFA,
1975-05-21,0.048,NRFA,
1975-05-22,0.044,NRFA,
1975-05-23,0.041,NRFA,
1975-05-24,0.041,NRFA,
1975-05-25,0.041,NRFA,
1975-05-26,0.038,NRFA,
1975-05-27,0.036,NRFA,
1975-05-28,0.035,NRFA,
1975-05-29,0.037,NRFA,
1975-05-30,0.035,NRFA,
1975-05-31,0.034,NRFA,
1975-06-01,0.039,NRFA,
1975-06-02,0.222,NRFA,
1975-06-03,0.410,NRFA,
1975-06-04,0.239,NRFA,
1975-06-05,0.315,NRFA,
1975-06-06,0.109,NRFA,
1975-06-07,0.061,NRFA,
1975-06-08,0.047,NRFA,
1975-06-09,0.041,NRFA,
1975-06-10,0.037,NRFA,
1975-06-11,0.035,NRFA,
1975-06-12,0.033,NRFA,
1975-06-13,0.033,NRFA,
1975-06-14,0.033,NRFA,
1975-06-15,0.032,NRFA,
1975-06-16,0.035,NRFA,
1975-06-17,0.038,NRFA,
1975-06-18,0.036,NRFA,
1975-06-19,0.039,NRFA,
1975-06-20,0.038,NRFA,
1975-06-21,0.033,NRFA,
1975-06-22,0.031,NRFA,
1975-06-23,0.030,NRFA,
1975-06-24,0.030,NRFA,
1975-06-25,0.022,NRFA,
1975-06-26,0.020,NRFA,
1975-06-27,0.021,NRFA,
1975-06-28,0.019,NRFA,
1975-06-29,0.019,NRFA,
1975-06-30,0.018,NRFA,
1975-07-01,0.018,NRFA,
1975-07-02,0.018,NRFA,
1975-07-03,0.022,NRFA,
1975-07-04,0.023,NRFA,
1975-07-05,0.020,NRFA,
1975-07-06,0.019,NRFA,
1975-07-07,0.018,NRFA,
1975-07-08,0.019,NRFA,
1975-07-09,0.030,NRFA,
1975-07-10,0.039,NRFA,
1975-07-11,0.036,NRFA,
1975-07-12,0.027,NRFA,
1975-07-13,0.027,NRFA,
1975-07-14,0.100,NRFA,
1975-07-15,0.623,NRFA,
1975-07-16,0.150,NRFA,
1975-07-17,0.970,NRFA,
1975-07-18,0.230,NRFA,
1975-07-19,0.113,NRFA,
1975-07-20,0.134,NRFA,
1975-07-21,0.114,NRFA,
1975-07-22,1.270,NRFA,
1975-07-23,0.570,NRFA,
1975-07-24,0.646,NRFA,
1975-07-25,0.219,NRFA,
1975-07-26,0.122,NRFA,
1975-07-27,0.080,NRFA,
1975-07-28,0.056,NRFA,
1975-07-29,0.047,NRFA,
1975-07-30,0.041,NRFA,
1975-07-31,0.036,NRFA,
1975-08-01,0.032,NRFA,
1975-08-02,0.028,NRFA,
1975-08-03,0.026,NRFA,
1975-08-04,0.024,NRFA,
1975-08-05,0.024,NRFA,
1975-08-06,0.023,NRFA,
1975-08-07,0.022,NRFA,
1975-08-08,0.021,NRFA,
1975-08-09,0.020,NRFA,
1975-08-10,0.020,NRFA,
1975-08-11,0.018,NRFA,
1975-08-12,0.019,NRFA,
1975-08-13,0.040,NRFA,
1975-08-14,0.036,NRFA,
1975-08-15,0.095,NRFA,
1975-08-16,0.173,NRFA,
1975-08-17,0.077,NRFA,
1975-08-18,0.048,NRFA,
1975-08-19,0.367,NRFA,
1975-08-20,0.158,NRFA,
1975-08-21,0.099,NRFA,
1975-08-22,0.071,NRFA,
1975-08-23,0.053,NRFA,
1975-08-24,0.042,NRFA,
1975-08-25,0.037,NRFA,
1975-08-26,0.033,NRFA,
1975-08-27,0.030,NRFA,
1975-08-28,0.028,NRFA,
1975-08-29,0.213,NRFA,
1975-08-30,0.815,NRFA,
1975-08-31,0.171,NRFA,
1975-09-01,0.081,NRFA,
1975-09-02,0.059,NRFA,
1975-09-03,0.047,NRFA,
1975-09-04,0.041,NRFA,
1975-09-05,0.039,NRFA,
1975-09-06,0.040,NRFA,
1975-09-07,0.049,NRFA,
1975-09-08,0.074,NRFA,
1975-09-09,0.148,NRFA,
1975-09-10,0.148,NRFA,
1975-09-11,0.703,NRFA,
1975-09-12,0.721,NRFA,
1975-09-13,0.225,NRFA,
1975-09-14,0.114,NRFA,
1975-09-15,0.078,NRFA,
1975-09-16,0.060,NRFA,
1975-09-17,0.058,NRFA,
1975-09-18,0.070,NRFA,
1975-09-19,0.063,NRFA,
1975-09-20,0.072,NRFA,
1975-09-21,0.060,NRFA,
1975-09-22,0.050,NRFA,
1975-09-23,0.053,NRFA,
1975-09-24,3.466,NRFA,
1975-09-25,1.655,NRFA,
1975-09-26,0.549,NRFA,
1975-09-27,4.512,NRFA,
1975-09-28,0.523,NRFA,
1975-09-29,0.286,NRFA,
1975-09-30,0.343,NRFA,
1975-10-01,0.895,NRFA,
1975-10-02,0.891,NRFA,
1975-10-03,0.497,NRFA,
1975-10-04,2.453,NRFA,
1975-10-05,0.585,NRFA,
1975-10-06,0.232,NRFA,
1975-10-07,0.152,NRFA,
1975-10-08,0.117,NRFA,
1975-10-09,0.300,NRFA,
1975-10-10,0.281,NRFA,
1975-10-11,0.182,NRFA,
1975-10-12,0.129,NRFA,
1975-10-13,0.117,NRFA,
1975-10-14,0.104,NRFA,
1975-10-15,0.113,NRFA,
1975-10-16,0.131,NRFA,
1975-10-17,0.109,NRFA,
1975-10-18,0.096,NRFA,
1975-10-19,0.079,NRFA,
1975-10-20,0.069,NRFA,
1975-10-21,0.063,NRFA,
1975-10-22,0.060,NRFA,
1975-10-23,0.062,NRFA,
1975-10-24,0.066,NRFA,
1975-10-25,0.060,NRFA,
1975-10-26,0.057,NRFA,
1975-10-27,0.052,NRFA,
1975-10-28,0.046,NRFA,
1975-10-29,0.044,NRFA,
1975-10-30,0.044,NRFA,
1975-10-31,0.044,NRFA,
1975-11-01,0.417,NRFA,
1975-11-02,0.504,NRFA,
1975-11-03,0.380,NRFA,
1975-11-04,0.518,NRFA,
1975-11-05,0.385,NRFA,
1975-11-06,0.213,NRFA,
1975-11-07,0.138,NRFA,
1975-11-08,0.110,NRFA,
1975-11-09,0.097,NRFA,
1975-11-10,0.396,NRFA,
1975-11-11,0.213,NRFA,
1975-11-12,0.147,NRFA,
1975-11-13,0.112,NRFA,
1975-11-14,0.098,NRFA,
1975-11-15,0.637,NRFA,
1975-11-16,0.528,NRFA,
1975-11-17,0.178,NRFA,
1975-11-18,0.136,NRFA,
1975-11-19,0.638,NRFA,
1975-11-20,0.237,NRFA,
1975-11-21,0.135,NRFA,
1975-11-22,0.115,NRFA,
1975-11-23,0.610,NRFA,
1975-11-24,0.310,NRFA,
1975-11-25,0.415,NRFA,
1975-11-26,0.267,NRFA,
1975-11-27,1.429,NRFA,
1975-11-28,0.368,NRFA,
1975-11-29,0.188,NRFA,
1975-11-30,0.140,NRFA,
1975-12-01,1.487,NRFA,
1975-12-02,1.134,NRFA,
1975-12-03,0.552,NRFA,
1975-12-04,0.812,NRFA,
1975-12-05,0.294,NRFA,
1975-12-06,0.188,NRFA,
1975-12-07,0.145,NRFA,
1975-12-08,0.112,NRFA,
1975-12-09,0.105,NRFA,
1975-12-10,0.099,NRFA,
1975-12-11,0.096,NRFA,
1975-12-12,0.070,NRFA,
1975-12-13,0.073,NRFA,
1975-12-14,0.071,NRFA,
1975-12-15,0.064,NRFA,
1975-12-16,0.081,NRFA,
1975-12-17,0.066,NRFA,
1975-12-18,0.078,NRFA,
1975-12-19,0.088,NRFA,
1975-12-20,0.080,NRFA,
1975-12-21,0.070,NRFA,
1975-12-22,0.066,NRFA,
1975-12-23,0.123,NRFA,
1975-12-24,0.214,NRFA,
1975-12-25,0.483,NRFA,
1975-12-26,0.169,NRFA,
1975-12-27,0.117,NRFA,
1975-12-28,0.091,NRFA,
1975-12-29,0.089,NRFA,
1975-12-30,1.292,NRFA,
1975-12-31,0.381,NRFA,
1976-01-01,0.198,NRFA,
1976-01-02,6.587,NRFA,
1976-01-03,0.440,NRFA,
1976-01-04,0.663,NRFA,
1976-01-05,1.154,NRFA,
1976-01-06,0.452,NRFA,
1976-01-07,0.266,NRFA,
1976-01-08,0.451,NRFA,
1976-01-09,0.295,NRFA,
1976-01-10,1.352,NRFA,
1976-01-11,1.363,NRFA,
1976-01-12,0.439,NRFA,
1976-01-13,0.486,NRFA,
1976-01-14,0.279,NRFA,
1976-01-15,0.185,NRFA,
1976-01-16,0.145,NRFA,
1976-01-17,0.123,NRFA,
1976-01-18,0.153,NRFA,
1976-01-19,1.625,NRFA,
1976-01-20,1.274,NRFA,
1976-01-21,1.633,NRFA,
1976-01-22,1.378,NRFA,
1976-01-23,0.320,NRFA,
1976-01-24,0.149,NRFA,
1976-01-25,0.103,NRFA,
1976-01-26,0.109,NRFA,
1976-01-27,0.105,NRFA,
1976-01-28,0.084,NRFA,
1976-01-29,0.054,NRFA,
1976-01-30,0.094,NRFA,
1976-01-31,0.077,NRFA,
1976-02-01,0.061,NRFA,
1976-02-02,0.051,NRFA,
1976-02-03,0.049,NRFA,
1976-02-04,0.049,NRFA,
1976-02-05,0.049,NRFA,
1976-02-06,0.094,NRFA,
1976-02-07,0.412,NRFA,
1976-02-08,1.188,NRFA,
1976-02-09,1.473,NRFA,
1976-02-10,0.367,NRFA,
1976-02-11,0.195,NRFA,
1976-02-12,2.476,NRFA,
1976-02-13,0.782,NRFA,
1976-02-14,0.244,NRFA,
1976-02-15,0.190,NRFA,
1976-02-16,0.148,NRFA,
1976-02-17,0.120,NRFA,
1976-02-18,0.108,NRFA,
1976-02-19,0.101,NRFA,
1976-02-20,0.124,NRFA,
1976-02-21,0.520,NRFA,
1976-02-22,0.378,NRFA,
1976-02-23,2.421,NRFA,
1976-02-24,0.549,NRFA,
1976-02-25,0.247,NRFA,
1976-02-26,0.252,NRFA,
1976-02-27,0.200,NRFA,
1976-02-28,0.149,NRFA,
1976-02-29,0.244,NRFA,
1976-03-01,0.199,NRFA,
1976-03-02,0.143,NRFA,
1976-03-03,0.119,NRFA,
1976-03-04,0.106,NRFA,
1976-03-05,0.084,NRFA,
1976-03-06,0.060,NRFA,
1976-03-07,0.066,NRFA,
1976-03-08,0.054,NRFA,
1976-03-09,0.065,NRFA,
1976-03-10,0.070,NRFA,
1976-03-11,0.070,NRFA,
1976-03-12,0.085,NRFA,
1976-03-13,0.137,NRFA,
1976-03-14,0.106,NRFA,
1976-03-15,0.208,NRFA,
1976-03-16,0.219,NRFA,
1976-03-17,0.152,NRFA,
1976-03-18,0.337,NRFA,
1976-03-19,0.171,NRFA,
1976-03-20,0.175,NRFA,
1976-03-21,0.159,NRFA,
1976-03-22,0.149,NRFA,
1976-03-23,0.139,NRFA,
1976-03-24,0.867,NRFA,
1976-03-25,3.882,NRFA,
1976-03-26,0.915,NRFA,
1976-03-27,0.916,NRFA,
1976-03-28,1.439,NRFA,
1976-03-29,0.685,NRFA,
1976-03-30,0.545,NRFA,
1976-03-31,0.710,NRFA,
1976-04-01,0.304,NRFA,
1976-04-02,0.381,NRFA,
1976-04-03,1.434,NRFA,
1976-04-04,0.636,NRFA,
1976-04-05,0.324,NRFA,
1976-04-06,0.241,NRFA,
1976-04-07,0.220,NRFA,
1976-04-08,0.152,NRFA,
1976-04-09,0.118,NRFA,
1976-04-10,0.090,NRFA,
1976-04-11,0.585,NRFA,
1976-04-12,0.455,NRFA,
1976-04-13,0.757,NRFA,
1976-04-14,1.534,NRFA,
1976-04-15,0.362,NRFA,
1976-04-16,0.167,NRFA,
1976-04-17,0.125,NRFA,
1976-04-18,0.115,NRFA,
1976-04-19,0.095,NRFA,
1976-04-20,0.073,NRFA,
1976-04-21,0.068,NRFA,
1976-04-22,0.060,NRFA,
1976-04-23,0.067,NRFA,
1976-04-24,0.062,NRFA,
1976-04-25,0.055,NRFA,
1976-04-26,0.051,NRFA,
1976-04-27,0.047,NRFA,
1976-04-28,0.046,NRFA,
1976-04-29,0.043,NRFA,
1976-04-30,0.040,NRFA,
1976-05-01,0.073,NRFA,
1976-05-02,0.073,NRFA,
1976-05-03,0.248,NRFA,
1976-05-04,0.136,NRFA,
1976-05-05,0.182,NRFA,
1976-05-06,0.149,NRFA,
1976-05-07,0.161,NRFA,
1976-05-08,0.120,NRFA,
1976-05-09,0.079,NRFA,
1976-05-10,0.063,NRFA,
1976-05-11,0.099,NRFA,
1976-05-12,1.546,NRFA,
1976-05-13,0.361,NRFA,
1976-05-14,0.172,NRFA,
1976-05-15,0.640,NRFA,
1976-05-16,0.335,NRFA,
1976-05-17,0.154,NRFA,
1976-05-18,0.120,NRFA,
1976-05-19,0.211,NRFA,
1976-05-20,0.388,NRFA,
1976-05-21,0.161,NRFA,
1976-05-22,0.131,NRFA,
1976-05-23,0.106,NRFA,
1976-05-24,0.079,NRFA,
1976-05-25,0.968,NRFA,
1976-05-26,0.374,NRFA,
1976-05-27,0.173,NRFA,
1976-05-28,0.521,NRFA,
1976-05-29,0.733,NRFA,
1976-05-30,0.303,NRFA,
1976-05-31,0.278,NRFA,
1976-06-01,0.650,NRFA,
1976-06-02,0.253,NRFA,
1976-06-03,0.147,NRFA,
1976-06-04,0.103,NRFA,
1976-06-05,0.086,NRFA,
1976-06-06,0.074,NRFA,
1976-06-07,0.060,NRFA,
1976-06-08,0.050,NRFA,
1976-06-09,0.043,NRFA,
1976-06-10,0.039,NRFA,
1976-06-11,0.048,NRFA,
1976-06-12,0.057,NRFA,
1976-06-13,0.044,NRFA,
1976-06-14,0.043,NRFA,
1976-06-15,0.041,NRFA,
1976-06-16,0.064,NRFA,
1976-06-17,0.114,NRFA,
1976-06-18,0.140,NRFA,
1976-06-19,0.097,NRFA,
1976-06-20,0.064,NRFA,
1976-06-21,0.047,NRFA,
1976-06-22,0.039,NRFA,
1976-06-23,0.034,NRFA,
1976-06-24,0.031,NRFA,
1976-06-25,0.027,NRFA,
1976-06-26,0.023,NRFA,
1976-06-27,0.022,NRFA,
1976-06-28,0.021,NRFA,
1976-06-29,0.021,NRFA,
1976-06-30,0.020,NRFA,
1976-07-01,0.019,NRFA,
1976-07-02,0.018,NRFA,
1976-07-03,0.017,NRFA,
1976-07-04,0.018,NRFA,
1976-07-05,0.017,NRFA,
1976-07-06,0.016,NRFA,
1976-07-07,0.016,NRFA,
1976-07-08,0.016,NRFA,
1976-07-09,0.018,NRFA,
1976-07-10,0.017,NRFA,
1976-07-11,0.017,NRFA,
1976-07-12,0.069,NRFA,
1976-07-13,0.222,NRFA,
1976-07-14,0.059,NRFA,
1976-07-15,0.261,NRFA,
1976-07-16,0.099,NRFA,
1976-07-17,0.055,NRFA,
1976-07-18,0.041,NRFA,
1976-07-19,0.044,NRFA,
1976-07-20,0.035,NRFA,
1976-07-21,0.030,NRFA,
1976-07-22,0.026,NRFA,
1976-07-23,0.023,NRFA,
1976-07-24,0.022,NRFA,
1976-07-25,0.021,NRFA,
1976-07-26,0.021,NRFA,
1976-07-27,0.019,NRFA,
1976-07-28,0.019,NRFA,
1976-07-29,0.017,NRFA,
1976-07-30,0.023,NRFA,
1976-07-31,0.022,NRFA,
1976-08-01,0.021,NRFA,
1976-08-02,0.024,NRFA,
1976-08-03,0.023,NRFA,
1976-08-04,0.019,NRFA,
1976-08-05,0.019,NRFA,
1976-08-06,0.018,NRFA,
1976-08-07,0.018,NRFA,
1976-08-08,0.018,NRFA,
1976-08-09,0.018,NRFA,
1976-08-10,0.018,NRFA,
1976-08-11,0.017,NRFA,
1976-08-12,0.017,NRFA,
1976-08-13,0.017,NRFA,
1976-08-14,0.017,NRFA,
1976-08-15,0.016,NRFA,
1976-08-16,0.015,NRFA,
1976-08-17,0.015,NRFA,
1976-08-18,0.015,NRFA,
1976-08-19,0.014,NRFA,
1976-08-20,0.014,NRFA,
1976-08-21,0.014,NRFA,
1976-08-22,0.013,NRFA,
1976-08-23,0.013,NRFA,
1976-08-24,0.013,NRFA,
1976-08-25,0.013,NRFA,
1976-08-26,0.013,NRFA,
1976-08-27,0.015,NRFA,
1976-08-28,0.039,NRFA,
1976-08-29,0.034,NRFA,
1976-08-30,0.021,NRFA,
1976-08-31,0.018,NRFA,
1976-09-01,0.018,NRFA,
1976-09-02,0.016,NRFA,
1976-09-03,0.016,NRFA,
1976-09-04,0.016,NRFA,
1976-09-05,0.016,NRFA,
1976-09-06,0.016,NRFA,
1976-09-07,0.016,NRFA,
1976-09-08,0.027,NRFA,
1976-09-09,0.074,NRFA,
1976-09-10,0.766,NRFA,
1976-09-11,6.382,NRFA,
1976-09-12,0.916,NRFA,
1976-09-13,0.752,NRFA,
1976-09-14,0.541,NRFA,
1976-09-15,0.339,NRFA,
1976-09-16,0.368,NRFA,
1976-09-17,0.229,NRFA,
1976-09-18,0.157,NRFA,
1976-09-19,0.117,NRFA,
1976-09-20,0.097,NRFA,
1976-09-21,0.096,NRFA,
1976-09-22,0.082,NRFA,
1976-09-23,0.134,NRFA,
1976-09-24,0.111,NRFA,
1976-09-25,0.921,NRFA,
1976-09-26,0.960,NRFA,
1976-09-27,0.471,NRFA,
1976-09-28,0.403,NRFA,
1976-09-29,0.230,NRFA,
1976-09-30,0.291,NRFA,
1976-10-01,1.870,NRFA,
1976-10-02,1.919,NRFA,
1976-10-03,1.229,NRFA,
1976-10-04,0.448,NRFA,
1976-10-05,1.215,NRFA,
1976-10-06,0.526,NRFA,
1976-10-07,0.278,NRFA,
1976-10-08,0.228,NRFA,
1976-10-09,0.283,NRFA,
1976-10-10,0.185,NRFA,
1976-10-11,0.931,NRFA,
1976-10-12,0.917,NRFA,
1976-10-13,0.352,NRFA,
1976-10-14,5.359,NRFA,
1976-10-15,2.919,NRFA,
1976-10-16,0.515,NRFA,
1976-10-17,0.393,NRFA,
1976-10-18,0.526,NRFA,
1976-10-19,0.273,NRFA,
1976-10-20,0.213,NRFA,
1976-10-21,0.487,NRFA,
1976-10-22,0.521,NRFA,
1976-10-23,1.120,NRFA,
1976-10-24,0.516,NRFA,
1976-10-25,0.550,NRFA,
1976-10-26,0.310,NRFA,
1976-10-27,0.268,NRFA,
1976-10-28,0.333,NRFA,
1976-10-29,0.828,NRFA,
1976-10-30,0.661,NRFA,
1976-10-31,0.312,NRFA,
1976-11-01,0.672,NRFA,
1976-11-02,0.934,NRFA,
1976-11-03,0.549,NRFA,
1976-11-04,0.497,NRFA,
1976-11-05,0.427,NRFA,
1976-11-06,0.317,NRFA,
1976-11-07,0.241,NRFA,
1976-11-08,0.187,NRFA,
1976-11-09,0.153,NRFA,
1976-11-10,0.132,NRFA,
1976-11-11,0.118,NRFA,
1976-11-12,0.107,NRFA,
1976-11-13,0.094,NRFA,
1976-11-14,0.091,NRFA,
1976-11-15,0.117,NRFA,
1976-11-16,0.184,NRFA,
1976-11-17,0.199,NRFA,
1976-11-18,0.263,NRFA,
1976-11-19,0.159,NRFA,
1976-11-20,0.129,NRFA,
1976-11-21,0.115,NRFA,
1976-11-22,0.100,NRFA,
1976-11-23,0.085,NRFA,
1976-11-24,0.091,NRFA,
1976-11-25,0.090,NRFA,
1976-11-26,0.685,NRFA,
1976-11-27,0.442,NRFA,
1976-11-28,0.664,NRFA,
1976-11-29,0.476,NRFA,
1976-11-30,0.264,NRFA,
1976-12-01,0.199,NRFA,
1976-12-02,0.162,NRFA,
1976-12-03,0.127,NRFA,
1976-12-04,0.133,NRFA,
1976-12-05,0.115,NRFA,
1976-12-06,0.161,NRFA,
1976-12-07,0.248,NRFA,
1976-12-08,0.352,NRFA,
1976-12-09,0.205,NRFA,
1976-12-10,0.163,NRFA,
1976-12-11,0.180,NRFA,
1976-12-12,0.410,NRFA,
1976-12-13,0.494,NRFA,
1976-12-14,0.429,NRFA,
1976-12-15,0.323,NRFA,
1976-12-16,0.247,NRFA,
1976-12-17,0.221,NRFA,
1976-12-18,0.185,NRFA,
1976-12-19,0.168,NRFA,
1976-12-20,0.169,NRFA,
1976-12-21,0.593,NRFA,
1976-12-22,0.395,NRFA,
1976-12-23,0.748,NRFA,
1976-12-24,0.534,NRFA,
1976-12-25,0.312,NRFA,
1976-12-26,0.214,NRFA,
1976-12-27,0.199,NRFA,
1976-12-28,0.166,NRFA,
1976-12-29,0.148,NRFA,
1976-12-30,0.130,NRFA,
1976-12-31,0.129,NRFA,
1977-01-01,0.106,NRFA,
1977-01-02,0.150,NRFA,
1977-01-03,0.111,NRFA,
1977-01-04,0.907,NRFA,
1977-01-05,3.151,NRFA,
1977-01-06,0.600,NRFA,
1977-01-07,0.762,NRFA,
1977-01-08,1.688,NRFA,
1977-01-09,0.870,NRFA,
1977-01-10,0.328,NRFA,
1977-01-11,0.239,NRFA,
1977-01-12,0.173,NRFA,
1977-01-13,0.176,NRFA,
1977-01-14,0.264,NRFA,
1977-01-15,0.239,NRFA,
1977-01-16,0.184,NRFA,
1977-01-17,0.157,NRFA,
1977-01-18,0.135,NRFA,
1977-01-19,0.129,NRFA,
1977-01-20,0.136,NRFA,
1977-01-21,0.273,NRFA,
1977-01-22,0.761,NRFA,
1977-01-23,0.705,NRFA,
1977-01-24,1.801,NRFA,
1977-01-25,4.691,NRFA,
1977-01-26,1.701,NRFA,
1977-01-27,0.681,NRFA,
1977-01-28,0.338,NRFA,
1977-01-29,0.234,NRFA,
1977-01-30,0.207,NRFA,
1977-01-31,0.155,NRFA,
1977-02-01,0.149,NRFA,
1977-02-02,3.480,NRFA,
1977-02-03,2.881,NRFA,
1977-02-04,0.978,NRFA,
1977-02-05,2.069,NRFA,
1977-02-06,2.065,NRFA,
1977-02-07,2.178,NRFA,
1977-02-08,0.616,NRFA,
1977-02-09,1.982,NRFA,
1977-02-10,1.967,NRFA,
1977-02-11,0.813,NRFA,
1977-02-12,0.324,NRFA,
1977-02-13,0.253,NRFA,
1977-02-14,0.239,NRFA,
1977-02-15,0.217,NRFA,
1977-02-16,0.213,NRFA,
1977-02-17,1.680,NRFA,
1977-02-18,1.139,NRFA,
1977-02-19,0.730,NRFA,
1977-02-20,0.415,NRFA,
1977-02-21,0.721,NRFA,
1977-02-22,1.046,NRFA,
1977-02-23,0.457,NRFA,
1977-02-24,0.271,NRFA,
1977-02-25,0.191,NRFA,
1977-02-26,0.198,NRFA,
1977-02-27,0.131,NRFA,
1977-02-28,0.147,NRFA,
1977-03-01,1.033,NRFA,
1977-03-02,2.993,NRFA,
1977-03-03,1.313,NRFA,
1977-03-04,0.707,NRFA,
1977-03-05,0.523,NRFA,
1977-03-06,0.294,NRFA,
1977-03-07,0.349,NRFA,
1977-03-08,0.337,NRFA,
1977-03-09,0.367,NRFA,
1977-03-10,0.250,NRFA,
1977-03-11,0.223,NRFA,
1977-03-12,0.176,NRFA,
1977-03-13,0.241,NRFA,
1977-03-14,0.416,NRFA,
1977-03-15,0.968,NRFA,
1977-03-16,0.841,NRFA,
1977-03-17,0.568,NRFA,
1977-03-18,0.460,NRFA,
1977-03-19,0.516,NRFA,
1977-03-20,1.124,NRFA,
1977-03-21,1.027,NRFA,
1977-03-22,0.745,NRFA,
1977-03-23,1.139,NRFA,
1977-03-24,0.593,NRFA,
1977-03-25,0.300,NRFA,
1977-03-26,0.260,NRFA,
1977-03-27,0.225,NRFA,
1977-03-28,0.190,NRFA,
1977-03-29,0.240,NRFA,
1977-03-30,0.197,NRFA,
1977-03-31,2.590,NRFA,
1977-04-01,2.080,NRFA,
1977-04-02,0.766,NRFA,
1977-04-03,0.703,NRFA,
1977-04-04,0.661,NRFA,
1977-04-05,0.354,NRFA,
1977-04-06,0.210,NRFA,
1977-04-07,0.198,NRFA,
1977-04-08,0.221,NRFA,
1977-04-09,0.237,NRFA,
1977-04-10,0.473,NRFA,
1977-04-11,0.281,NRFA,
1977-04-12,0.727,NRFA,
1977-04-13,0.538,NRFA,
1977-04-14,0.235,NRFA,
1977-04-15,0.155,NRFA,
1977-04-16,0.130,NRFA,
1977-04-17,0.146,NRFA,
1977-04-18,0.121,NRFA,
1977-04-19,0.104,NRFA,
1977-04-20,0.149,NRFA,
1977-04-21,1.178,NRFA,
1977-04-22,0.805,NRFA,
1977-04-23,0.488,NRFA,
1977-04-24,0.437,NRFA,
1977-04-25,0.681,NRFA,
1977-04-26,0.410,NRFA,
1977-04-27,0.472,NRFA,
1977-04-28,0.581,NRFA,
1977-04-29,0.583,NRFA,
1977-04-30,0.551,NRFA,
1977-05-01,0.462,NRFA,
1977-05-02,0.838,NRFA,
1977-05-03,2.302,NRFA,
1977-05-04,0.419,NRFA,
1977-05-05,0.221,NRFA,
1977-05-06,0.157,NRFA,
1977-05-07,1.136,NRFA,
1977-05-08,0.455,NRFA,
1977-05-09,0.235,NRFA,
1977-05-10,0.162,NRFA,
1977-05-11,0.148,NRFA,
1977-05-12,0.356,NRFA,
1977-05-13,0.383,NRFA,
1977-05-14,0.199,NRFA,
1977-05-15,0.206,NRFA,
1977-05-16,0.155,NRFA,
1977-05-17,0.112,NRFA,
1977-05-18,0.087,NRFA,
1977-05-19,0.073,NRFA,
1977-05-20,0.059,NRFA,
1977-05-21,0.051,NRFA,
1977-05-22,0.046,NRFA,
1977-05-23,0.047,NRFA,
1977-05-24,0.043,NRFA,
1977-05-25,0.042,NRFA,
1977-05-26,0.038,NRFA,
1977-05-27,0.034,NRFA,
1977-05-28,0.033,NRFA,
1977-05-29,0.035,NRFA,
1977-05-30,0.034,NRFA,
1977-05-31,0.032,NRFA,
1977-06-01,0.030,NRFA,
1977-06-02,0.029,NRFA,
1977-06-03,0.027,NRFA,
1977-06-04,0.027,NRFA,
1977-06-05,0.043,NRFA,
1977-06-06,0.098,NRFA,
1977-06-07,0.101,NRFA,
1977-06-08,0.059,NRFA,
1977-06-09,0.046,NRFA,
1977-06-10,0.332,NRFA,
1977-06-11,0.545,NRFA,
1977-06-12,1.414,NRFA,
1977-06-13,2.676,NRFA,
1977-06-14,0.499,NRFA,
1977-06-15,0.206,NRFA,
1977-06-16,0.138,NRFA,
1977-06-17,0.110,NRFA,
1977-06-18,0.099,NRFA,
1977-06-19,0.078,NRFA,
1977-06-20,0.062,NRFA,
1977-06-21,0.051,NRFA,
1977-06-22,0.044,NRFA,
1977-06-23,0.039,NRFA,
1977-06-24,0.035,NRFA,
1977-06-25,0.038,NRFA,
1977-06-26,0.035,NRFA,
1977-06-27,0.054,NRFA,
1977-06-28,0.041,NRFA,
1977-06-29,0.034,NRFA,
1977-06-30,0.066,NRFA,
1977-07-01,0.089,NRFA,
1977-07-02,0.072,NRFA,
1977-07-03,0.052,NRFA,
1977-07-04,0.043,NRFA,
1977-07-05,0.035,NRFA,
1977-07-06,0.031,NRFA,
1977-07-07,0.029,NRFA,
1977-07-08,0.027,NRFA,
1977-07-09,0.027,NRFA,
1977-07-10,0.027,NRFA,
1977-07-11,0.025,NRFA,
1977-07-12,0.025,NRFA,
1977-07-13,0.025,NRFA,
1977-07-14,0.025,NRFA,
1977-07-15,0.024,NRFA,
1977-07-16,0.025,NRFA,
1977-07-17,0.033,NRFA,
1977-07-18,0.033,NRFA,
1977-07-19,0.028,NRFA,
1977-07-20,0.027,NRFA,
1977-07-21,0.026,NRFA,
1977-07-22,0.026,NRFA,
1977-07-23,0.358,NRFA,
1977-07-24,0.163,NRFA,
1977-07-25,0.099,NRFA,
1977-07-26,0.064,NRFA,
1977-07-27,0.051,NRFA,
1977-07-28,0.043,NRFA,
1977-07-29,0.037,NRFA,
1977-07-30,0.034,NRFA,
1977-07-31,0.031,NRFA,
1977-08-01,0.029,NRFA,
1977-08-02,0.028,NRFA,
1977-08-03,0.025,NRFA,
1977-08-04,0.040,NRFA,
1977-08-05,0.049,NRFA,
1977-08-06,0.034,NRFA,
1977-08-07,0.030,NRFA,
1977-08-08,0.028,NRFA,
1977-08-09,0.026,NRFA,
1977-08-10,0.025,NRFA,
1977-08-11,0.025,NRFA,
1977-08-12,0.025,NRFA,
1977-08-13,0.025,NRFA,
1977-08-14,0.026,NRFA,
1977-08-15,0.026,NRFA,
1977-08-16,0.025,NRFA,
1977-08-17,0.023,NRFA,
1977-08-18,0.030,NRFA,
1977-08-19,0.259,NRFA,
1977-08-20,0.284,NRFA,
1977-08-21,0.269,NRFA,
1977-08-22,0.120,NRFA,
1977-08-23,0.301,NRFA,
1977-08-24,0.952,NRFA,
1977-08-25,0.790,NRFA,
1977-08-26,0.306,NRFA,
1977-08-27,0.548,NRFA,
1977-08-28,0.171,NRFA,
1977-08-29,0.117,NRFA,
1977-08-30,0.462,NRFA,
1977-08-31,0.340,NRFA,
1977-09-01,0.802,NRFA,
1977-09-02,0.326,NRFA,
1977-09-03,0.161,NRFA,
1977-09-04,0.337,NRFA,
1977-09-05,0.196,NRFA,
1977-09-06,1.000,NRFA,
1977-09-07,0.219,NRFA,
1977-09-08,0.135,NRFA,
1977-09-09,0.477,NRFA,
1977-09-10,1.042,NRFA,
1977-09-11,0.589,NRFA,
1977-09-12,0.243,NRFA,
1977-09-13,0.139,NRFA,
1977-09-14,0.110,NRFA,
1977-09-15,0.095,NRFA,
1977-09-16,0.083,NRFA,
1977-09-17,0.067,NRFA,
1977-09-18,0.055,NRFA,
1977-09-19,0.051,NRFA,
1977-09-20,0.047,NRFA,
1977-09-21,0.047,NRFA,
1977-09-22,0.047,NRFA,
1977-09-23,0.045,NRFA,
1977-09-24,0.043,NRFA,
1977-09-25,0.049,NRFA,
1977-09-26,0.044,NRFA,
1977-09-27,0.051,NRFA,
1977-09-28,0.139,NRFA,
1977-09-29,1.369,NRFA,
1977-09-30,1.671,NRFA,
1977-10-01,0.883,NRFA,
1977-10-02,0.254,NRFA,
1977-10-03,1.031,NRFA,
1977-10-04,1.089,NRFA,
1977-10-05,0.351,NRFA,
1977-10-06,1.251,NRFA,
1977-10-07,1.970,NRFA,
1977-10-08,0.413,NRFA,
1977-10-09,0.563,NRFA,
1977-10-10,0.289,NRFA,
1977-10-11,0.344,NRFA,
1977-10-12,0.668,NRFA,
1977-10-13,0.283,NRFA,
1977-10-14,0.178,NRFA,
1977-10-15,0.142,NRFA,
1977-10-16,0.122,NRFA,
1977-10-17,0.109,NRFA,
1977-10-18,0.099,NRFA,
1977-10-19,0.108,NRFA,
1977-10-20,0.114,NRFA,
1977-10-21,0.152,NRFA,
1977-10-22,0.124,NRFA,
1977-10-23,0.177,NRFA,
1977-10-24,0.335,NRFA,
1977-10-25,0.170,NRFA,
1977-10-26,0.119,NRFA,
1977-10-27,0.102,NRFA,
1977-10-28,0.101,NRFA,
1977-10-29,0.089,NRFA,
1977-10-30,1.214,NRFA,
1977-10-31,1.691,NRFA,
1977-11-01,1.084,NRFA,
1977-11-02,0.498,NRFA,
1977-11-03,0.771,NRFA,
1977-11-04,0.365,NRFA,
1977-11-05,1.289,NRFA,
1977-11-06,0.555,NRFA,
1977-11-07,1.715,NRFA,
1977-11-08,0.740,NRFA,
1977-11-09,1.595,NRFA,
1977-11-10,0.868,NRFA,
1977-11-11,3.446,NRFA,
1977-11-12,0.954,NRFA,
1977-11-13,0.731,NRFA,
1977-11-14,1.324,NRFA,
1977-11-15,0.337,NRFA,
1977-11-16,0.260,NRFA,
1977-11-17,0.206,NRFA,
1977-11-18,0.223,NRFA,
1977-11-19,1.434,NRFA,
1977-11-20,0.395,NRFA,
1977-11-21,0.265,NRFA,
1977-11-22,0.466,NRFA,
1977-11-23,2.952,NRFA,
1977-11-24,0.475,NRFA,
1977-11-25,0.233,NRFA,
1977-11-26,0.175,NRFA,
1977-11-27,0.166,NRFA,
1977-11-28,0.156,NRFA,
1977-11-29,0.116,NRFA,
1977-11-30,0.115,NRFA,
1977-12-01,0.337,NRFA,
1977-12-02,0.176,NRFA,
1977-12-03,0.122,NRFA,
1977-12-04,0.109,NRFA,
1977-12-05,0.139,NRFA,
1977-12-06,0.152,NRFA,
1977-12-07,0.203,NRFA,
1977-12-08,1.393,NRFA,
1977-12-09,1.294,NRFA,
1977-12-10,1.821,NRFA,
1977-12-11,1.459,NRFA,
1977-12-12,0.954,NRFA,
1977-12-13,0.343,NRFA,
1977-12-14,0.248,NRFA,
1977-12-15,0.191,NRFA,
1977-12-16,0.161,NRFA,
1977-12-17,0.143,NRFA,
1977-12-18,0.129,NRFA,
1977-12-19,0.120,NRFA,
1977-12-20,0.111,NRFA,
1977-12-21,0.113,NRFA,
1977-12-22,3.760,NRFA,
1977-12-23,3.769,NRFA,
1977-12-24,2.099,NRFA,
1977-12-25,0.491,NRFA,
1977-12-26,0.859,NRFA,
1977-12-27,0.588,NRFA,
1977-12-28,0.239,NRFA,
1977-12-29,0.259,NRFA,
1977-12-30,0.149,NRFA,
1977-12-31,0.182,NRFA,
1978-01-01,0.358,NRFA,
1978-01-02,0.541,NRFA,
1978-01-03,0.539,NRFA,
1978-01-04,0.238,NRFA,
1978-01-05,1.781,NRFA,
1978-01-06,1.030,NRFA,
1978-01-07,0.332,NRFA,
1978-01-08,0.248,NRFA,
1978-01-09,0.619,NRFA,
1978-01-10,0.253,NRFA,
1978-01-11,0.127,NRFA,
1978-01-12,0.237,NRFA,
1978-01-13,0.713,NRFA,
1978-01-14,0.360,NRFA,
1978-01-15,0.206,NRFA,
1978-01-16,0.167,NRFA,
1978-01-17,0.124,NRFA,
1978-01-18,0.131,NRFA,
1978-01-19,0.146,NRFA,
1978-01-20,0.109,NRFA,
1978-01-21,0.118,NRFA,
1978-01-22,0.318,NRFA,
1978-01-23,0.206,NRFA,
1978-01-24,0.328,NRFA,
1978-01-25,0.200,NRFA,
1978-01-26,0.154,NRFA,
1978-01-27,0.192,NRFA,
1978-01-28,0.726,NRFA,
1978-01-29,0.421,NRFA,
1978-01-30,0.270,NRFA,
1978-01-31,0.229,NRFA,
1978-02-01,0.208,NRFA,
1978-02-02,0.297,NRFA,
1978-02-03,0.228,NRFA,
1978-02-04,0.193,NRFA,
1978-02-05,0.239,NRFA,
1978-02-06,0.473,NRFA,
1978-02-07,0.381,NRFA,
1978-02-08,0.251,NRFA,
1978-02-09,0.197,NRFA,
1978-02-10,0.181,NRFA,
1978-02-11,0.261,NRFA,
1978-02-12,0.289,NRFA,
1978-02-13,0.275,NRFA,
1978-02-14,0.187,NRFA,
1978-02-15,0.140,NRFA,
1978-02-16,0.122,NRFA,
1978-02-17,0.109,NRFA,
1978-02-18,0.100,NRFA,
1978-02-19,0.094,NRFA,
1978-02-20,0.097,NRFA,
1978-02-21,0.098,NRFA,
1978-02-22,0.607,NRFA,
1978-02-23,3.503,NRFA,
1978-02-24,5.191,NRFA,
1978-02-25,3.812,NRFA,
1978-02-26,3.174,NRFA,
1978-02-27,2.345,NRFA,
1978-02-28,4.149,NRFA,
1978-03-01,2.939,NRFA,
1978-03-02,1.271,NRFA,
1978-03-03,0.780,NRFA,
1978-03-04,0.428,NRFA,
1978-03-05,0.281,NRFA,
1978-03-06,0.298,NRFA,
1978-03-07,0.707,NRFA,
1978-03-08,1.051,NRFA,
1978-03-09,0.461,NRFA,
1978-03-10,0.710,NRFA,
1978-03-11,0.586,NRFA,
1978-03-12,0.380,NRFA,
1978-03-13,0.759,NRFA,
1978-03-14,1.781,NRFA,
1978-03-15,1.113,NRFA,
1978-03-16,0.350,NRFA,
1978-03-17,0.245,NRFA,
1978-03-18,0.243,NRFA,
1978-03-19,2.227,NRFA,
1978-03-20,0.431,NRFA,
1978-03-21,0.414,NRFA,
1978-03-22,1.205,NRFA,
1978-03-23,0.876,NRFA,
1978-03-24,0.998,NRFA,
1978-03-25,0.679,NRFA,
1978-03-26,1.127,NRFA,
1978-03-27,1.837,NRFA,
1978-03-28,1.612,NRFA,
1978-03-29,1.017,NRFA,
1978-03-30,0.347,NRFA,
1978-03-31,0.325,NRFA,
1978-04-01,1.269,NRFA,
1978-04-02,0.447,NRFA,
1978-04-03,0.306,NRFA,
1978-04-04,0.225,NRFA,
1978-04-05,0.157,NRFA,
1978-04-06,0.128,NRFA,
1978-04-07,0.118,NRFA,
1978-04-08,0.104,NRFA,
1978-04-09,0.096,NRFA,
1978-04-10,0.093,NRFA,
1978-04-11,0.135,NRFA,
1978-04-12,0.207,NRFA,
1978-04-13,0.170,NRFA,
1978-04-14,0.168,NRFA,
1978-04-15,0.158,NRFA,
1978-04-16,0.136,NRFA,
1978-04-17,0.105,NRFA,
1978-04-18,0.097,NRFA,
1978-04-19,0.087,NRFA,
1978-04-20,0.296,NRFA,
1978-04-21,0.159,NRFA,
1978-04-22,0.116,NRFA,
1978-04-23,0.090,NRFA,
1978-04-24,0.074,NRFA,
1978-04-25,0.070,NRFA,
1978-04-26,0.071,NRFA,
1978-04-27,0.179,NRFA,
1978-04-28,0.875,NRFA,
1978-04-29,0.338,NRFA,
1978-04-30,0.382,NRFA,
1978-05-01,0.412,NRFA,
1978-05-02,0.242,NRFA,
1978-05-03,0.229,NRFA,
1978-05-04,0.284,NRFA,
1978-05-05,0.958,NRFA,
1978-05-06,0.478,NRFA,
1978-05-07,0.191,NRFA,
1978-05-08,0.120,NRFA,
1978-05-09,0.088,NRFA,
1978-05-10,0.073,NRFA,
1978-05-11,0.081,NRFA,
1978-05-12,0.157,NRFA,
1978-05-13,0.206,NRFA,
1978-05-14,0.235,NRFA,
1978-05-15,0.236,NRFA,
1978-05-16,0.147,NRFA,
1978-05-17,0.092,NRFA,
1978-05-18,0.066,NRFA,
1978-05-19,0.056,NRFA,
1978-05-20,0.050,NRFA,
1978-05-21,0.044,NRFA,
1978-05-22,0.044,NRFA,
1978-05-23,0.040,NRFA,
1978-05-24,0.037,NRFA,
1978-05-25,0.034,NRFA,
1978-05-26,0.032,NRFA,
1978-05-27,0.031,NRFA,
1978-05-28,0.029,NRFA,
1978-05-29,0.026,NRFA,
1978-05-30,0.026,NRFA,
1978-05-31,0.024,NRFA,
1978-06-01,0.024,NRFA,
1978-06-02,0.023,NRFA,
1978-06-03,0.024,NRFA,
1978-06-04,0.024,NRFA,
1978-06-05,0.025,NRFA,
1978-06-06,0.026,NRFA,
1978-06-07,0.029,NRFA,
1978-06-08,0.024,NRFA,
1978-06-09,0.022,NRFA,
1978-06-10,0.022,NRFA,
1978-06-11,0.018,NRFA,
1978-06-12,0.020,NRFA,
1978-06-13,0.021,NRFA,
1978-06-14,0.021,NRFA,
1978-06-15,0.021,NRFA,
1978-06-16,0.019,NRFA,
1978-06-17,0.018,NRFA,
1978-06-18,0.017,NRFA,
1978-06-19,0.017,NRFA,
1978-06-20,0.018,NRFA,
1978-06-21,0.025,NRFA,
1978-06-22,0.027,NRFA,
1978-06-23,0.031,NRFA,
1978-06-24,0.027,NRFA,
1978-06-25,0.025,NRFA,
1978-06-26,0.026,NRFA,
1978-06-27,0.023,NRFA,
1978-06-28,0.023,NRFA,
1978-06-29,0.023,NRFA,
1978-06-30,0.022,NRFA,
1978-07-01,0.022,NRFA,
1978-07-02,0.024,NRFA,
1978-07-03,0.029,NRFA,
1978-07-04,0.064,NRFA,
1978-07-05,0.066,NRFA,
1978-07-06,0.039,NRFA,
1978-07-07,0.031,NRFA,
1978-07-08,0.029,NRFA,
1978-07-09,0.025,NRFA,
1978-07-10,0.023,NRFA,
1978-07-11,0.021,NRFA,
1978-07-12,0.020,NRFA,
1978-07-13,0.018,NRFA,
1978-07-14,0.018,NRFA,
1978-07-15,0.018,NRFA,
1978-07-16,0.018,NRFA,
1978-07-17,0.016,NRFA,
1978-07-18,0.016,NRFA,
1978-07-19,0.016,NRFA,
1978-07-20,0.016,NRFA,
1978-07-21,0.017,NRFA,
1978-07-22,0.018,NRFA,
1978-07-23,0.023,NRFA,
1978-07-24,0.020,NRFA,
1978-07-25,0.020,NRFA,
1978-07-26,0.044,NRFA,
1978-07-27,0.027,NRFA,
1978-07-28,0.024,NRFA,
1978-07-29,0.021,NRFA,
1978-07-30,0.032,NRFA,
1978-07-31,0.061,NRFA,
1978-08-01,0.156,NRFA,
1978-08-02,0.093,NRFA,
1978-08-03,0.214,NRFA,
1978-08-04,0.068,NRFA,
1978-08-05,1.103,NRFA,
1978-08-06,1.424,NRFA,
1978-08-07,0.347,NRFA,
1978-08-08,0.352,NRFA,
1978-08-09,0.232,NRFA,
1978-08-10,0.129,NRFA,
1978-08-11,0.076,NRFA,
1978-08-12,0.533,NRFA,
1978-08-13,0.231,NRFA,
1978-08-14,0.365,NRFA,
1978-08-15,0.485,NRFA,
1978-08-16,0.283,NRFA,
1978-08-17,0.162,NRFA,
1978-08-18,0.101,NRFA,
1978-08-19,0.067,NRFA,
1978-08-20,0.065,NRFA,
1978-08-21,0.211,NRFA,
1978-08-22,0.229,NRFA,
1978-08-23,0.094,NRFA,
1978-08-24,0.067,NRFA,
1978-08-25,0.053,NRFA,
1978-08-26,0.044,NRFA,
1978-08-27,0.041,NRFA,
1978-08-28,0.035,NRFA,
1978-08-29,0.036,NRFA,
1978-08-30,0.037,NRFA,
1978-08-31,0.083,NRFA,
1978-09-01,0.054,NRFA,
1978-09-02,0.043,NRFA,
1978-09-03,0.050,NRFA,
1978-09-04,0.053,NRFA,
1978-09-05,0.094,NRFA,
1978-09-06,0.163,NRFA,
1978-09-07,0.140,NRFA,
1978-09-08,0.214,NRFA,
1978-09-09,1.069,NRFA,
1978-09-10,1.409,NRFA,
1978-09-11,0.873,NRFA,
1978-09-12,0.379,NRFA,
1978-09-13,2.623,NRFA,
1978-09-14,0.531,NRFA,
1978-09-15,0.237,NRFA,
1978-09-16,0.180,NRFA,
1978-09-17,0.133,NRFA,
1978-09-18,0.089,NRFA,
1978-09-19,0.069,NRFA,
1978-09-20,0.071,NRFA,
1978-09-21,0.068,NRFA,
1978-09-22,0.068,NRFA,
1978-09-23,0.066,NRFA,
1978-09-24,0.178,NRFA,
1978-09-25,0.125,NRFA,
1978-09-26,0.207,NRFA,
1978-09-27,0.273,NRFA,
1978-09-28,2.154,NRFA,
1978-09-29,2.690,NRFA,
1978-09-30,0.576,NRFA,
1978-10-01,0.296,NRFA,
1978-10-02,0.859,NRFA,
1978-10-03,0.341,NRFA,
1978-10-04,0.222,NRFA,
1978-10-05,0.162,NRFA,
1978-10-06,0.128,NRFA,
1978-10-07,0.113,NRFA,
1978-10-08,0.098,NRFA,
1978-10-09,0.116,NRFA,
1978-10-10,0.298,NRFA,
1978-10-11,0.148,NRFA,
1978-10-12,0.120,NRFA,
1978-10-13,0.105,NRFA,
1978-10-14,0.096,NRFA,
1978-10-15,0.579,NRFA,
1978-10-16,1.201,NRFA,
1978-10-17,0.299,NRFA,
1978-10-18,0.178,NRFA,
1978-10-19,0.134,NRFA,
1978-10-20,0.131,NRFA,
1978-10-21,0.171,NRFA,
1978-10-22,0.231,NRFA,
1978-10-23,0.129,NRFA,
1978-10-24,0.563,NRFA,
1978-10-25,0.490,NRFA,
1978-10-26,0.307,NRFA,
1978-10-27,0.165,NRFA,
1978-10-28,0.130,NRFA,
1978-10-29,0.118,NRFA,
1978-10-30,0.110,NRFA,
1978-10-31,0.248,NRFA,
1978-11-01,0.176,NRFA,
1978-11-02,0.225,NRFA,
1978-11-03,0.625,NRFA,
1978-11-04,0.993,NRFA,
1978-11-05,0.348,NRFA,
1978-11-06,0.188,NRFA,
1978-11-07,0.143,NRFA,
1978-11-08,0.160,NRFA,
1978-11-09,0.139,NRFA,
1978-11-10,0.161,NRFA,
1978-11-11,0.147,NRFA,
1978-11-12,0.892,NRFA,
1978-11-13,1.324,NRFA,
1978-11-14,4.360,NRFA,
1978-11-15,3.361,NRFA,
1978-11-16,0.907,NRFA,
1978-11-17,1.194,NRFA,
1978-11-18,0.971,NRFA,
1978-11-19,1.255,NRFA,
1978-11-20,1.446,NRFA,
1978-11-21,0.473,NRFA,
1978-11-22,0.338,NRFA,
1978-11-23,1.207,NRFA,
1978-11-24,0.653,NRFA,
1978-11-25,0.263,NRFA,
1978-11-26,0.155,NRFA,
1978-11-27,0.117,NRFA,
1978-11-28,0.104,NRFA,
1978-11-29,0.101,NRFA,
1978-11-30,0.075,NRFA,
1978-12-01,0.067,NRFA,
1978-12-02,0.070,NRFA,
1978-12-03,0.186,NRFA,
1978-12-04,0.316,NRFA,
1978-12-05,0.140,NRFA,
1978-12-06,0.132,NRFA,
1978-12-07,2.128,NRFA,
1978-12-08,3.228,NRFA,
1978-12-09,1.559,NRFA,
1978-12-10,1.345,NRFA,
1978-12-11,0.824,NRFA,
1978-12-12,1.186,NRFA,
1978-12-13,0.876,NRFA,
1978-12-14,0.353,NRFA,
1978-12-15,0.579,NRFA,
1978-12-16,0.316,NRFA,
1978-12-17,0.174,NRFA,
1978-12-18,0.136,NRFA,
1978-12-19,0.102,NRFA,
1978-12-20,0.122,NRFA,
1978-12-21,0.105,NRFA,
1978-12-22,0.142,NRFA,
1978-12-23,0.124,NRFA,
1978-12-24,1.654,NRFA,
1978-12-25,1.655,NRFA,
1978-12-26,1.584,NRFA,
1978-12-27,2.794,NRFA,
1978-12-28,0.839,NRFA,
1978-12-29,0.471,NRFA,
1978-12-30,0.339,NRFA,
1978-12-31,0.583,NRFA,
1979-01-01,0.386,NRFA,
1979-01-02,0.227,NRFA,
1979-01-03,0.220,NRFA,
1979-01-04,0.254,NRFA,
1979-01-05,0.161,NRFA,
1979-01-06,0.178,NRFA,
1979-01-07,3.546,NRFA,
1979-01-08,0.783,NRFA,
1979-01-09,0.339,NRFA,
1979-01-10,0.222,NRFA,
1979-01-11,0.252,NRFA,
1979-01-12,0.264,NRFA,
1979-01-13,0.362,NRFA,
1979-01-14,0.249,NRFA,
1979-01-15,0.343,NRFA,
1979-01-16,1.240,NRFA,
1979-01-17,0.487,NRFA,
1979-01-18,0.301,NRFA,
1979-01-19,0.354,NRFA,
1979-01-20,0.487,NRFA,
1979-01-21,0.323,NRFA,
1979-01-22,0.262,NRFA,
1979-01-23,0.184,NRFA,
1979-01-24,0.192,NRFA,
1979-01-25,0.186,NRFA,
1979-01-26,0.241,NRFA,
1979-01-27,0.244,NRFA,
1979-01-28,0.271,NRFA,
1979-01-29,0.191,NRFA,
1979-01-30,0.127,NRFA,
1979-01-31,0.131,NRFA,
1979-02-01,0.156,NRFA,
1979-02-02,0.129,NRFA,
1979-02-03,0.133,NRFA,
1979-02-04,0.120,NRFA,
1979-02-05,0.109,NRFA,
1979-02-06,0.101,NRFA,
1979-02-07,0.089,NRFA,
1979-02-08,0.091,NRFA,
1979-02-09,0.081,NRFA,
1979-02-10,0.075,NRFA,
1979-02-11,0.073,NRFA,
1979-02-12,0.078,NRFA,
1979-02-13,0.436,NRFA,
1979-02-14,1.133,NRFA,
1979-02-15,0.441,NRFA,
1979-02-16,0.263,NRFA,
1979-02-17,0.206,NRFA,
1979-02-18,0.163,NRFA,
1979-02-19,0.131,NRFA,
1979-02-20,0.117,NRFA,
1979-02-21,0.093,NRFA,
1979-02-22,0.098,NRFA,
1979-02-23,0.110,NRFA,
1979-02-24,0.098,NRFA,
1979-02-25,0.089,NRFA,
1979-02-26,3.414,NRFA,
1979-02-27,9.777,NRFA,
1979-02-28,1.412,NRFA,
1979-03-01,1.471,NRFA,
1979-03-02,9.652,NRFA,
1979-03-03,5.470,NRFA,
1979-03-04,1.008,NRFA,
1979-03-05,1.427,NRFA,
1979-03-06,1.639,NRFA,
1979-03-07,0.505,NRFA,
1979-03-08,6.327,NRFA,
1979-03-09,1.500,NRFA,
1979-03-10,0.930,NRFA,
1979-03-11,2.792,NRFA,
1979-03-12,0.929,NRFA,
1979-03-13,0.560,NRFA,
1979-03-14,0.369,NRFA,
1979-03-15,0.222,NRFA,
1979-03-16,0.044,NRFA,
1979-03-17,0.205,NRFA,
1979-03-18,0.304,NRFA,
1979-03-19,0.242,NRFA,
1979-03-20,0.177,NRFA,
1979-03-21,0.308,NRFA,
1979-03-22,0.209,NRFA,
1979-03-23,0.194,NRFA,
1979-03-24,0.241,NRFA,
1979-03-25,3.701,NRFA,
1979-03-26,1.662,NRFA,
1979-03-27,0.604,NRFA,
1979-03-28,0.368,NRFA,
1979-03-29,0.713,NRFA,
1979-03-30,1.284,NRFA,
1979-03-31,1.864,NRFA,
1979-04-01,1.286,NRFA,
1979-04-02,0.710,NRFA,
1979-04-03,0.513,NRFA,
1979-04-04,0.389,NRFA,
1979-04-05,0.333,NRFA,
1979-04-06,0.303,NRFA,
1979-04-07,0.443,NRFA,
1979-04-08,0.849,NRFA,
1979-04-09,0.595,NRFA,
1979-04-10,3.045,NRFA,
1979-04-11,4.057,NRFA,
1979-04-12,3.943,NRFA,
1979-04-13,2.607,NRFA,
1979-04-14,1.842,NRFA,
1979-04-15,1.415,NRFA,
1979-04-16,0.919,NRFA,
1979-04-17,0.616,NRFA,
1979-04-18,0.836,NRFA,
1979-04-19,1.284,NRFA,
1979-04-20,1.118,NRFA,
1979-04-21,0.941,NRFA,
1979-04-22,1.126,NRFA,
1979-04-23,1.249,NRFA,
1979-04-24,0.763,NRFA,
1979-04-25,0.771,NRFA,
1979-04-26,0.523,NRFA,
1979-04-27,0.682,NRFA,
1979-04-28,0.633,NRFA,
1979-04-29,0.880,NRFA,
1979-04-30,0.356,NRFA,
1979-05-01,0.187,NRFA,
1979-05-02,0.200,NRFA,
1979-05-03,0.221,NRFA,
1979-05-04,0.169,NRFA,
1979-05-05,0.167,NRFA,
1979-05-06,0.210,NRFA,
1979-05-07,0.436,NRFA,
1979-05-08,1.243,NRFA,
1979-05-09,0.454,NRFA,
1979-05-10,0.453,NRFA,
1979-05-11,0.584,NRFA,
1979-05-12,0.427,NRFA,
1979-05-13,0.376,NRFA,
1979-05-14,0.237,NRFA,
1979-05-15,0.167,NRFA,
1979-05-16,0.174,NRFA,
1979-05-17,0.666,NRFA,
1979-05-18,1.140,NRFA,
1979-05-19,0.413,NRFA,
1979-05-20,0.973,NRFA,
1979-05-21,0.882,NRFA,
1979-05-22,0.346,NRFA,
1979-05-23,1.163,NRFA,
1979-05-24,0.414,NRFA,
1979-05-25,0.210,NRFA,
1979-05-26,0.856,NRFA,
1979-05-27,0.434,NRFA,
1979-05-28,1.890,NRFA,
1979-05-29,0.383,NRFA,
1979-05-30,0.722,NRFA,
1979-05-31,0.385,NRFA,
1979-06-01,0.186,NRFA,
1979-06-02,0.132,NRFA,
1979-06-03,0.109,NRFA,
1979-06-04,0.372,NRFA,
1979-06-05,0.115,NRFA,
1979-06-06,0.097,NRFA,
1979-06-07,0.472,NRFA,
1979-06-08,0.370,NRFA,
1979-06-09,0.154,NRFA,
1979-06-10,0.116,NRFA,
1979-06-11,0.094,NRFA,
1979-06-12,0.076,NRFA,
1979-06-13,0.085,NRFA,
1979-06-14,0.487,NRFA,
1979-06-15,0.271,NRFA,
1979-06-16,0.135,NRFA,
1979-06-17,0.086,NRFA,
1979-06-18,0.059,NRFA,
1979-06-19,0.050,NRFA,
1979-06-20,0.045,NRFA,
1979-06-21,0.047,NRFA,
1979-06-22,0.042,NRFA,
1979-06-23,0.052,NRFA,
1979-06-24,0.051,NRFA,
1979-06-25,0.041,NRFA,
1979-06-26,0.037,NRFA,
1979-06-27,0.034,NRFA,
1979-06-28,0.036,NRFA,
1979-06-29,0.036,NRFA,
1979-06-30,0.034,NRFA,
1979-07-01,0.031,NRFA,
1979-07-02,0.029,NRFA,
1979-07-03,0.029,NRFA,
1979-07-04,0.028,NRFA,
1979-07-05,0.027,NRFA,
1979-07-06,0.026,NRFA,
1979-07-07,0.027,NRFA,
1979-07-08,0.028,NRFA,
1979-07-09,0.029,NRFA,
1979-07-10,0.027,NRFA,
1979-07-11,0.026,NRFA,
1979-07-12,0.025,NRFA,
1979-07-13,0.026,NRFA,
1979-07-14,0.025,NRFA,
1979-07-15,0.025,NRFA,
1979-07-16,0.030,NRFA,
1979-07-17,0.038,NRFA,
1979-07-18,0.031,NRFA,
1979-07-19,0.027,NRFA,
1979-07-20,0.026,NRFA,
1979-07-21,0.032,NRFA,
1979-07-22,0.028,NRFA,
1979-07-23,0.026,NRFA,
1979-07-24,0.036,NRFA,
1979-07-25,0.045,NRFA,
1979-07-26,0.034,NRFA,
1979-07-27,0.030,NRFA,
1979-07-28,0.036,NRFA,
1979-07-29,0.092,NRFA,
1979-07-30,0.091,NRFA,
1979-07-31,0.123,NRFA,
1979-08-01,0.589,NRFA,
1979-08-02,0.195,NRFA,
1979-08-03,0.104,NRFA,
1979-08-04,0.070,NRFA,
1979-08-05,0.055,NRFA,
1979-08-06,0.046,NRFA,
1979-08-07,0.114,NRFA,
1979-08-08,0.069,NRFA,
1979-08-09,0.116,NRFA,
1979-08-10,0.066,NRFA,
1979-08-11,0.050,NRFA,
1979-08-12,0.048,NRFA,
1979-08-13,0.799,NRFA,
1979-08-14,1.249,NRFA,
1979-08-15,0.411,NRFA,
1979-08-16,1.249,NRFA,
1979-08-17,1.017,NRFA,
1979-08-18,0.351,NRFA,
1979-08-19,0.168,NRFA,
1979-08-20,0.135,NRFA,
1979-08-21,0.145,NRFA,
1979-08-22,0.250,NRFA,
1979-08-23,0.577,NRFA,
1979-08-24,0.226,NRFA,
1979-08-25,0.140,NRFA,
1979-08-26,0.112,NRFA,
1979-08-27,0.092,NRFA,
1979-08-28,0.068,NRFA,
1979-08-29,0.055,NRFA,
1979-08-30,0.048,NRFA,
1979-08-31,0.043,NRFA,
1979-09-01,0.050,NRFA,
1979-09-02,0.057,NRFA,
1979-09-03,0.075,NRFA,
1979-09-04,0.050,NRFA,
1979-09-05,0.043,NRFA,
1979-09-06,0.041,NRFA,
1979-09-07,0.041,NRFA,
1979-09-08,0.080,NRFA,
1979-09-09,0.077,NRFA,
1979-09-10,0.055,NRFA,
1979-09-11,0.075,NRFA,
1979-09-12,0.077,NRFA,
1979-09-13,0.060,NRFA,
1979-09-14,0.071,NRFA,
1979-09-15,0.052,NRFA,
1979-09-16,0.104,NRFA,
1979-09-17,0.755,NRFA,
1979-09-18,0.322,NRFA,
1979-09-19,0.123,NRFA,
1979-09-20,0.873,NRFA,
1979-09-21,0.276,NRFA,
1979-09-22,0.150,NRFA,
1979-09-23,0.146,NRFA,
1979-09-24,0.102,NRFA,
1979-09-25,1.011,NRFA,
1979-09-26,1.762,NRFA,
1979-09-27,0.321,NRFA,
1979-09-28,0.160,NRFA,
1979-09-29,0.115,NRFA,
1979-09-30,0.096,NRFA,
1979-10-01,0.840,NRFA,
1979-10-02,0.336,NRFA,
1979-10-03,0.469,NRFA,
1979-10-04,0.951,NRFA,
1979-10-05,0.260,NRFA,
1979-10-06,0.158,NRFA,
1979-10-07,0.149,NRFA,
1979-10-08,0.158,NRFA,
1979-10-09,0.248,NRFA,
1979-10-10,0.261,NRFA,
1979-10-11,0.178,NRFA,
1979-10-12,0.123,NRFA,
1979-10-13,1.860,NRFA,
1979-10-14,0.452,NRFA,
1979-10-15,0.518,NRFA,
1979-10-16,0.280,NRFA,
1979-10-17,0.299,NRFA,
1979-10-18,0.225,NRFA,
1979-10-19,0.617,NRFA,
1979-10-20,0.221,NRFA,
1979-10-21,0.148,NRFA,
1979-10-22,0.118,NRFA,
1979-10-23,0.101,NRFA,
1979-10-24,0.089,NRFA,
1979-10-25,0.656,NRFA,
1979-10-26,0.497,NRFA,
1979-10-27,0.195,NRFA,
1979-10-28,0.151,NRFA,
1979-10-29,0.124,NRFA,
1979-10-30,0.615,NRFA,
1979-10-31,1.476,NRFA,
1979-11-01,0.619,NRFA,
1979-11-02,1.380,NRFA,
1979-11-03,1.232,NRFA,
1979-11-04,0.480,NRFA,
1979-11-05,0.876,NRFA,
1979-11-06,0.551,NRFA,
1979-11-07,0.415,NRFA,
1979-11-08,0.533,NRFA,
1979-11-09,0.291,NRFA,
1979-11-10,0.479,NRFA,
1979-11-11,1.434,NRFA,
1979-11-12,0.314,NRFA,
1979-11-13,0.178,NRFA,
1979-11-14,0.152,NRFA,
1979-11-15,0.349,NRFA,
1979-11-16,0.646,NRFA,
1979-11-17,1.100,NRFA,
1979-11-18,1.307,NRFA,
1979-11-19,0.332,NRFA,
1979-11-20,0.189,NRFA,
1979-11-21,0.242,NRFA,
1979-11-22,0.612,NRFA,
1979-11-23,1.214,NRFA,
1979-11-24,0.379,NRFA,
1979-11-25,7.670,NRFA,
1979-11-26,1.922,NRFA,
1979-11-27,0.497,NRFA,
1979-11-28,0.295,NRFA,
1979-11-29,0.296,NRFA,
1979-11-30,1.426,NRFA,
1979-12-01,0.465,NRFA,
1979-12-02,2.273,NRFA,
1979-12-03,2.073,NRFA,
1979-12-04,4.268,NRFA,
1979-12-05,0.842,NRFA,
1979-12-06,0.324,NRFA,
1979-12-07,1.104,NRFA,
1979-12-08,0.896,NRFA,
1979-12-09,2.147,NRFA,
1979-12-10,1.629,NRFA,
1979-12-11,0.875,NRFA,
1979-12-12,1.624,NRFA,
1979-12-13,1.272,NRFA,
1979-12-14,0.606,NRFA,
1979-12-15,0.954,NRFA,
1979-12-16,0.806,NRFA,
1979-12-17,1.789,NRFA,
1979-12-18,0.523,NRFA,
1979-12-19,0.211,NRFA,
1979-12-20,0.163,NRFA,
1979-12-21,0.131,NRFA,
1979-12-22,0.116,NRFA,
1979-12-23,0.103,NRFA,
1979-12-24,0.088,NRFA,
1979-12-25,0.159,NRFA,
1979-12-26,4.441,NRFA,
1979-12-27,2.929,NRFA,
1979-12-28,0.369,NRFA,
1979-12-29,0.195,NRFA,
1979-12-30,0.120,NRFA,
1979-12-31,0.090,NRFA,
1980-01-01,0.082,NRFA,
1980-01-02,0.108,NRFA,
1980-01-03,1.855,NRFA,
1980-01-04,0.733,NRFA,
1980-01-05,0.766,NRFA,
1980-01-06,0.449,NRFA,
1980-01-07,0.398,NRFA,
1980-01-08,0.200,NRFA,
1980-01-09,0.136,NRFA,
1980-01-10,0.107,NRFA,
1980-01-11,0.100,NRFA,
1980-01-12,0.092,NRFA,
1980-01-13,0.078,NRFA,
1980-01-14,0.080,NRFA,
1980-01-15,0.087,NRFA,
1980-01-16,0.079,NRFA,
1980-01-17,0.072,NRFA,
1980-01-18,0.041,NRFA,
1980-01-19,0.067,NRFA,
1980-01-20,0.061,NRFA,
1980-01-21,0.098,NRFA,
1980-01-22,0.260,NRFA,
1980-01-23,0.280,NRFA,
1980-01-24,0.163,NRFA,
1980-01-25,0.115,NRFA,
1980-01-26,0.088,NRFA,
1980-01-27,0.099,NRFA,
1980-01-28,0.088,NRFA,
1980-01-29,0.972,NRFA,
1980-01-30,1.988,NRFA,
1980-01-31,0.457,NRFA,
1980-02-01,0.222,NRFA,
1980-02-02,0.169,NRFA,
1980-02-03,0.137,NRFA,
1980-02-04,0.088,NRFA,
1980-02-05,0.195,NRFA,
1980-02-06,0.187,NRFA,
1980-02-07,0.163,NRFA,
1980-02-08,2.782,NRFA,
1980-02-09,4.513,NRFA,
1980-02-10,2.126,NRFA,
1980-02-11,1.263,NRFA,
1980-02-12,1.054,NRFA,
1980-02-13,0.592,NRFA,
1980-02-14,0.703,NRFA,
1980-02-15,0.679,NRFA,
1980-02-16,0.321,NRFA,
1980-02-17,0.336,NRFA,
1980-02-18,0.233,NRFA,
1980-02-19,0.184,NRFA,
1980-02-20,0.140,NRFA,
1980-02-21,1.448,NRFA,
1980-02-22,0.883,NRFA,
1980-02-23,0.312,NRFA,
1980-02-24,0.212,NRFA,
1980-02-25,0.164,NRFA,
1980-02-26,0.131,NRFA,
1980-02-27,0.110,NRFA,
1980-02-28,0.110,NRFA,
1980-02-29,0.114,NRFA,
1980-03-01,0.092,NRFA,
1980-03-02,0.076,NRFA,
1980-03-03,0.063,NRFA,
1980-03-04,0.068,NRFA,
1980-03-05,0.069,NRFA,
1980-03-06,0.157,NRFA,
1980-03-07,0.499,NRFA,
1980-03-08,0.683,NRFA,
1980-03-09,0.251,NRFA,
1980-03-10,0.197,NRFA,
1980-03-11,0.994,NRFA,
1980-03-12,0.683,NRFA,
1980-03-13,0.225,NRFA,
1980-03-14,0.156,NRFA,
1980-03-15,0.125,NRFA,
1980-03-16,0.108,NRFA,
1980-03-17,0.136,NRFA,
1980-03-18,0.209,NRFA,
1980-03-19,0.170,NRFA,
1980-03-20,0.158,NRFA,
1980-03-21,0.127,NRFA,
1980-03-22,0.105,NRFA,
1980-03-23,0.111,NRFA,
1980-03-24,0.427,NRFA,
1980-03-25,1.893,NRFA,
1980-03-26,2.025,NRFA,
1980-03-27,1.649,NRFA,
1980-03-28,0.512,NRFA,
1980-03-29,1.003,NRFA,
1980-03-30,0.994,NRFA,
1980-03-31,1.669,NRFA,
1980-04-01,0.899,NRFA,
1980-04-02,0.671,NRFA,
1980-04-03,0.352,NRFA,
1980-04-04,0.299,NRFA,
1980-04-05,0.237,NRFA,
1980-04-06,0.282,NRFA,
1980-04-07,0.216,NRFA,
1980-04-08,0.130,NRFA,
1980-04-09,0.138,NRFA,
1980-04-10,0.121,NRFA,
1980-04-11,0.105,NRFA,
1980-04-12,0.145,NRFA,
1980-04-13,0.131,NRFA,
1980-04-14,0.098,NRFA,
1980-04-15,0.078,NRFA,
1980-04-16,0.064,NRFA,
1980-04-17,0.057,NRFA,
1980-04-18,0.054,NRFA,
1980-04-19,0.042,NRFA,
1980-04-20,0.036,NRFA,
1980-04-21,0.035,NRFA,
1980-04-22,0.038,NRFA,
1980-04-23,0.035,NRFA,
1980-04-24,0.035,NRFA,
1980-04-25,0.034,NRFA,
1980-04-26,0.032,NRFA,
1980-04-27,0.031,NRFA,
1980-04-28,0.031,NRFA,
1980-04-29,0.031,NRFA,
1980-04-30,0.034,NRFA,
1980-05-01,0.033,NRFA,
1980-05-02,0.031,NRFA,
1980-05-03,0.028,NRFA,
1980-05-04,0.027,NRFA,
1980-05-05,0.026,NRFA,
1980-05-06,0.026,NRFA,
1980-05-07,0.030,NRFA,
1980-05-08,0.028,NRFA,
1980-05-09,0.025,NRFA,
1980-05-10,0.024,NRFA,
1980-05-11,0.022,NRFA,
1980-05-12,0.022,NRFA,
1980-05-13,0.021,NRFA,
1980-05-14,0.020,NRFA,
1980-05-15,0.020,NRFA,
1980-05-16,0.020,NRFA,
1980-05-17,0.020,NRFA,
1980-05-18,0.020,NRFA,
1980-05-19,0.021,NRFA,
1980-05-20,0.038,NRFA,
1980-05-21,0.028,NRFA,
1980-05-22,0.026,NRFA,
1980-05-23,0.025,NRFA,
1980-05-24,0.025,NRFA,
1980-05-25,0.025,NRFA,
1980-05-26,0.025,NRFA,
1980-05-27,0.025,NRFA,
1980-05-28,0.056,NRFA,
1980-05-29,0.034,NRFA,
1980-05-30,0.031,NRFA,
1980-05-31,0.031,NRFA,
1980-06-01,0.029,NRFA,
1980-06-02,0.025,NRFA,
1980-06-03,0.027,NRFA,
1980-06-04,0.025,NRFA,
1980-06-05,0.133,NRFA,
1980-06-06,0.072,NRFA,
1980-06-07,0.051,NRFA,
1980-06-08,0.043,NRFA,
1980-06-09,0.034,NRFA,
1980-06-10,0.030,NRFA,
1980-06-11,0.676,NRFA,
1980-06-12,0.652,NRFA,
1980-06-13,0.244,NRFA,
1980-06-14,1.397,NRFA,
1980-06-15,0.626,NRFA,
1980-06-16,0.625,NRFA,
1980-06-17,0.367,NRFA,
1980-06-18,0.154,NRFA,
1980-06-19,0.178,NRFA,
1980-06-20,0.956,NRFA,
1980-06-21,0.418,NRFA,
1980-06-22,0.196,NRFA,
1980-06-23,0.179,NRFA,
1980-06-24,0.591,NRFA,
1980-06-25,0.192,NRFA,
1980-06-26,0.169,NRFA,
1980-06-27,0.128,NRFA,
1980-06-28,0.142,NRFA,
1980-06-29,0.100,NRFA,
1980-06-30,1.592,NRFA,
1980-07-01,0.822,NRFA,
1980-07-02,0.296,NRFA,
1980-07-03,0.149,NRFA,
1980-07-04,0.115,NRFA,
1980-07-05,0.114,NRFA,
1980-07-06,0.085,NRFA,
1980-07-07,0.067,NRFA,
1980-07-08,0.055,NRFA,
1980-07-09,0.048,NRFA,
1980-07-10,0.044,NRFA,
1980-07-11,0.041,NRFA,
1980-07-12,0.041,NRFA,
1980-07-13,0.041,NRFA,
1980-07-14,0.040,NRFA,
1980-07-15,0.040,NRFA,
1980-07-16,0.034,NRFA,
1980-07-17,0.065,NRFA,
1980-07-18,0.066,NRFA,
1980-07-19,0.226,NRFA,
1980-07-20,0.357,NRFA,
1980-07-21,0.117,NRFA,
1980-07-22,0.072,NRFA,
1980-07-23,0.060,NRFA,
1980-07-24,0.050,NRFA,
1980-07-25,0.043,NRFA,
1980-07-26,0.047,NRFA,
1980-07-27,0.045,NRFA,
1980-07-28,0.038,NRFA,
1980-07-29,0.036,NRFA,
1980-07-30,1.946,NRFA,
1980-07-31,0.217,NRFA,
1980-08-01,0.131,NRFA,
1980-08-02,0.119,NRFA,
1980-08-03,0.145,NRFA,
1980-08-04,0.209,NRFA,
1980-08-05,0.197,NRFA,
1980-08-06,0.115,NRFA,
1980-08-07,1.448,NRFA,
1980-08-08,0.349,NRFA,
1980-08-09,0.157,NRFA,
1980-08-10,0.118,NRFA,
1980-08-11,0.504,NRFA,
1980-08-12,0.345,NRFA,
1980-08-13,0.191,NRFA,
1980-08-14,0.377,NRFA,
1980-08-15,0.542,NRFA,
1980-08-16,0.192,NRFA,
1980-08-17,0.130,NRFA,
1980-08-18,0.116,NRFA,
1980-08-19,0.333,NRFA,
1980-08-20,0.885,NRFA,
1980-08-21,0.292,NRFA,
1980-08-22,0.128,NRFA,
1980-08-23,0.091,NRFA,
1980-08-24,0.070,NRFA,
1980-08-25,0.059,NRFA,
1980-08-26,0.053,NRFA,
1980-08-27,0.046,NRFA,
1980-08-28,0.045,NRFA,
1980-08-29,0.617,NRFA,
1980-08-30,1.323,NRFA,
1980-08-31,0.215,NRFA,
1980-09-01,0.117,NRFA,
1980-09-02,0.079,NRFA,
1980-09-03,0.072,NRFA,
1980-09-04,0.072,NRFA,
1980-09-05,0.062,NRFA,
1980-09-06,0.051,NRFA,
1980-09-07,0.047,NRFA,
1980-09-08,0.046,NRFA,
1980-09-09,0.043,NRFA,
1980-09-10,0.220,NRFA,
1980-09-11,0.909,NRFA,
1980-09-12,0.786,NRFA,
1980-09-13,1.267,NRFA,
1980-09-14,0.492,NRFA,
1980-09-15,0.416,NRFA,
1980-09-16,0.545,NRFA,
1980-09-17,0.330,NRFA,
1980-09-18,0.553,NRFA,
1980-09-19,0.534,NRFA,
1980-09-20,0.323,NRFA,
1980-09-21,0.445,NRFA,
1980-09-22,0.216,NRFA,
1980-09-23,0.206,NRFA,
1980-09-24,0.274,NRFA,
1980-09-25,0.170,NRFA,
1980-09-26,0.117,NRFA,
1980-09-27,0.108,NRFA,
1980-09-28,0.082,NRFA,
1980-09-29,0.075,NRFA,
1980-09-30,0.070,NRFA,
1980-10-01,0.061,NRFA,
1980-10-02,0.055,NRFA,
1980-10-03,0.099,NRFA,
1980-10-04,0.108,NRFA,
1980-10-05,0.319,NRFA,
1980-10-06,3.926,NRFA,
1980-10-07,0.713,NRFA,
1980-10-08,0.264,NRFA,
1980-10-09,0.152,NRFA,
1980-10-10,0.109,NRFA,
1980-10-11,0.090,NRFA,
1980-10-12,0.079,NRFA,
1980-10-13,0.072,NRFA,
1980-10-14,0.075,NRFA,
1980-10-15,0.087,NRFA,
1980-10-16,0.994,NRFA,
1980-10-17,0.896,NRFA,
1980-10-18,0.300,NRFA,
1980-10-19,0.405,NRFA,
1980-10-20,0.211,NRFA,
1980-10-21,0.218,NRFA,
1980-10-22,1.006,NRFA,
1980-10-23,1.702,NRFA,
1980-10-24,1.526,NRFA,
1980-10-25,0.318,NRFA,
1980-10-26,1.793,NRFA,
1980-10-27,2.299,NRFA,
1980-10-28,1.517,NRFA,
1980-10-29,0.379,NRFA,
1980-10-30,0.191,NRFA,
1980-10-31,0.144,NRFA,
1980-11-01,0.108,NRFA,
1980-11-02,0.090,NRFA,
1980-11-03,0.078,NRFA,
1980-11-04,0.073,NRFA,
1980-11-05,0.101,NRFA,
1980-11-06,0.325,NRFA,
1980-11-07,0.565,NRFA,
1980-11-08,0.266,NRFA,
1980-11-09,0.226,NRFA,
1980-11-10,0.155,NRFA,
1980-11-11,0.163,NRFA,
1980-11-12,0.107,NRFA,
1980-11-13,0.159,NRFA,
1980-11-14,2.776,NRFA,
1980-11-15,0.527,NRFA,
1980-11-16,2.756,NRFA,
1980-11-17,2.333,NRFA,
1980-11-18,0.508,NRFA,
1980-11-19,1.070,NRFA,
1980-11-20,2.270,NRFA,
1980-11-21,2.361,NRFA,
1980-11-22,0.693,NRFA,
1980-11-23,0.540,NRFA,
1980-11-24,2.495,NRFA,
1980-11-25,0.524,NRFA,
1980-11-26,0.815,NRFA,
1980-11-27,0.596,NRFA,
1980-11-28,0.239,NRFA,
1980-11-29,0.203,NRFA,
1980-11-30,0.167,NRFA,
1980-12-01,1.238,NRFA,
1980-12-02,0.449,NRFA,
1980-12-03,0.180,NRFA,
1980-12-04,0.155,NRFA,
1980-12-05,0.355,NRFA,
1980-12-06,0.109,NRFA,
1980-12-07,0.093,NRFA,
1980-12-08,0.108,NRFA,
1980-12-09,0.341,NRFA,
1980-12-10,3.233,NRFA,
1980-12-11,0.806,NRFA,
1980-12-12,2.623,NRFA,
1980-12-13,1.901,NRFA,
1980-12-14,1.552,NRFA,
1980-12-15,0.283,NRFA,
1980-12-16,0.281,NRFA,
1980-12-17,0.674,NRFA,
1980-12-18,0.244,NRFA,
1980-12-19,0.186,NRFA,
1980-12-20,0.160,NRFA,
1980-12-21,0.354,NRFA,
1980-12-22,2.993,NRFA,
1980-12-23,1.334,NRFA,
1980-12-24,1.211,NRFA,
1980-12-25,0.402,NRFA,
1980-12-26,0.193,NRFA,
1980-12-27,0.219,NRFA,
1980-12-28,1.328,NRFA,
1980-12-29,0.375,NRFA,
1980-12-30,1.906,NRFA,
1980-12-31,0.713,NRFA,
1981-01-01,1.427,NRFA,
1981-01-02,3.116,NRFA,
1981-01-03,0.873,NRFA,
1981-01-04,0.207,NRFA,
1981-01-05,0.160,NRFA,
1981-01-06,0.109,NRFA,
1981-01-07,0.226,NRFA,
1981-01-08,0.944,NRFA,
1981-01-09,0.491,NRFA,
1981-01-10,0.167,NRFA,
1981-01-11,0.323,NRFA,
1981-01-12,0.354,NRFA,
1981-01-13,1.415,NRFA,
1981-01-14,1.824,NRFA,
1981-01-15,0.160,NRFA,
1981-01-16,0.129,NRFA,
1981-01-17,0.174,NRFA,
1981-01-18,0.214,NRFA,
1981-01-19,0.199,NRFA,
1981-01-20,0.177,NRFA,
1981-01-21,3.116,NRFA,
1981-01-22,0.927,NRFA,
1981-01-23,0.395,NRFA,
1981-01-24,0.252,NRFA,
1981-01-25,0.214,NRFA,
1981-01-26,0.344,NRFA,
1981-01-27,0.205,NRFA,
1981-01-28,0.157,NRFA,
1981-01-29,0.129,NRFA,
1981-01-30,0.114,NRFA,
1981-01-31,0.102,NRFA,
1981-02-01,0.090,NRFA,
1981-02-02,7.225,NRFA,
1981-02-03,0.830,NRFA,
1981-02-04,0.321,NRFA,
1981-02-05,0.577,NRFA,
1981-02-06,0.476,NRFA,
1981-02-07,0.516,NRFA,
1981-02-08,0.314,NRFA,
1981-02-09,0.252,NRFA,
1981-02-10,0.159,NRFA,
1981-02-11,0.155,NRFA,
1981-02-12,0.225,NRFA,
1981-02-13,0.195,NRFA,
1981-02-14,0.141,NRFA,
1981-02-15,0.124,NRFA,
1981-02-16,0.120,NRFA,
1981-02-17,0.115,NRFA,
1981-02-18,0.094,NRFA,
1981-02-19,0.093,NRFA,
1981-02-20,0.089,NRFA,
1981-02-21,0.064,NRFA,
1981-02-22,0.079,NRFA,
1981-02-23,0.065,NRFA,
1981-02-24,0.071,NRFA,
1981-02-25,0.072,NRFA,
1981-02-26,0.055,NRFA,
1981-02-27,0.068,NRFA,
1981-02-28,0.066,NRFA,
1981-03-01,0.454,NRFA,
1981-03-02,0.894,NRFA,
1981-03-03,0.275,NRFA,
1981-03-04,0.183,NRFA,
1981-03-05,0.151,NRFA,
1981-03-06,3.293,NRFA,
1981-03-07,4.844,NRFA,
1981-03-08,1.156,NRFA,
1981-03-09,0.452,NRFA,
1981-03-10,2.841,NRFA,
1981-03-11,0.996,NRFA,
1981-03-12,0.357,NRFA,
1981-03-13,0.214,NRFA,
1981-03-14,0.206,NRFA,
1981-03-15,0.159,NRFA,
1981-03-16,0.132,NRFA,
1981-03-17,0.128,NRFA,
1981-03-18,0.174,NRFA,
1981-03-19,0.872,NRFA,
1981-03-20,0.774,NRFA,
1981-03-21,3.033,NRFA,
1981-03-22,0.723,NRFA,
1981-03-23,3.085,NRFA,
1981-03-24,2.107,NRFA,
1981-03-25,1.602,NRFA,
1981-03-26,0.578,NRFA,
1981-03-27,0.269,NRFA,
1981-03-28,0.156,NRFA,
1981-03-29,0.115,NRFA,
1981-03-30,0.098,NRFA,
1981-03-31,0.085,NRFA,
1981-04-01,0.130,NRFA,
1981-04-02,0.098,NRFA,
1981-04-03,0.080,NRFA,
1981-04-04,0.071,NRFA,
1981-04-05,0.066,NRFA,
1981-04-06,0.064,NRFA,
1981-04-07,0.066,NRFA,
1981-04-08,0.060,NRFA,
1981-04-09,0.053,NRFA,
1981-04-10,0.049,NRFA,
1981-04-11,0.142,NRFA,
1981-04-12,0.633,NRFA,
1981-04-13,0.176,NRFA,
1981-04-14,0.093,NRFA,
1981-04-15,0.069,NRFA,
1981-04-16,0.057,NRFA,
1981-04-17,0.051,NRFA,
1981-04-18,0.046,NRFA,
1981-04-19,0.044,NRFA,
1981-04-20,0.042,NRFA,
1981-04-21,0.040,NRFA,
1981-04-22,0.039,NRFA,
1981-04-23,0.041,NRFA,
1981-04-24,0.036,NRFA,
1981-04-25,0.101,NRFA,
1981-04-26,0.086,NRFA,
1981-04-27,0.359,NRFA,
1981-04-28,2.691,NRFA,
1981-04-29,2.721,NRFA,
1981-04-30,0.824,NRFA,
1981-05-01,0.222,NRFA,
1981-05-02,0.141,NRFA,
1981-05-03,1.163,NRFA,
1981-05-04,0.469,NRFA,
1981-05-05,0.234,NRFA,
1981-05-06,0.374,NRFA,
1981-05-07,0.236,NRFA,
1981-05-08,0.193,NRFA,
1981-05-09,0.236,NRFA,
1981-05-10,0.204,NRFA,
1981-05-11,0.146,NRFA,
1981-05-12,0.116,NRFA,
1981-05-13,0.088,NRFA,
1981-05-14,0.081,NRFA,
1981-05-15,0.076,NRFA,
1981-05-16,0.136,NRFA,
1981-05-17,0.158,NRFA,
1981-05-18,0.352,NRFA,
1981-05-19,0.175,NRFA,
1981-05-20,0.124,NRFA,
1981-05-21,0.945,NRFA,
1981-05-22,0.612,NRFA,
1981-05-23,0.550,NRFA,
1981-05-24,0.218,NRFA,
1981-05-25,0.111,NRFA,
1981-05-26,0.129,NRFA,
1981-05-27,0.567,NRFA,
1981-05-28,0.229,NRFA,
1981-05-29,0.118,NRFA,
1981-05-30,0.083,NRFA,
1981-05-31,0.156,NRFA,
1981-06-01,0.101,NRFA,
1981-06-02,1.377,NRFA,
1981-06-03,0.164,NRFA,
1981-06-04,0.139,NRFA,
1981-06-05,0.121,NRFA,
1981-06-06,0.272,NRFA,
1981-06-07,0.443,NRFA,
1981-06-08,0.671,NRFA,
1981-06-09,0.352,NRFA,
1981-06-10,0.226,NRFA,
1981-06-11,1.043,NRFA,
1981-06-12,0.218,NRFA,
1981-06-13,0.358,NRFA,
1981-06-14,0.341,NRFA,
1981-06-15,0.131,NRFA,
1981-06-16,0.091,NRFA,
1981-06-17,0.084,NRFA,
1981-06-18,0.075,NRFA,
1981-06-19,0.072,NRFA,
1981-06-20,0.065,NRFA,
1981-06-21,0.054,NRFA,
1981-06-22,0.046,NRFA,
1981-06-23,0.043,NRFA,
1981-06-24,0.047,NRFA,
1981-06-25,0.047,NRFA,
1981-06-26,0.050,NRFA,
1981-06-27,0.044,NRFA,
1981-06-28,0.039,NRFA,
1981-06-29,0.034,NRFA,
1981-06-30,0.034,NRFA,
1981-07-01,0.033,NRFA,
1981-07-02,0.032,NRFA,
1981-07-03,0.032,NRFA,
1981-07-04,0.024,NRFA,
1981-07-05,0.017,NRFA,
1981-07-06,0.018,NRFA,
1981-07-07,0.017,NRFA,
1981-07-08,0.028,NRFA,
1981-07-09,0.033,NRFA,
1981-07-10,0.030,NRFA,
1981-07-11,0.036,NRFA,
1981-07-12,0.033,NRFA,
1981-07-13,0.030,NRFA,
1981-07-14,0.027,NRFA,
1981-07-15,0.028,NRFA,
1981-07-16,0.051,NRFA,
1981-07-17,0.062,NRFA,
1981-07-18,0.043,NRFA,
1981-07-19,0.035,NRFA,
1981-07-20,0.096,NRFA,
1981-07-21,0.172,NRFA,
1981-07-22,0.963,NRFA,
1981-07-23,1.182,NRFA,
1981-07-24,0.414,NRFA,
1981-07-25,0.151,NRFA,
1981-07-26,0.089,NRFA,
1981-07-27,0.059,NRFA,
1981-07-28,0.050,NRFA,
1981-07-29,0.041,NRFA,
1981-07-30,0.036,NRFA,
1981-07-31,0.034,NRFA,
1981-08-01,0.033,NRFA,
1981-08-02,0.030,NRFA,
1981-08-03,0.024,NRFA,
1981-08-04,0.025,NRFA,
1981-08-05,0.025,NRFA,
1981-08-06,0.029,NRFA,
1981-08-07,0.029,NRFA,
1981-08-08,0.029,NRFA,
1981-08-09,0.028,NRFA,
1981-08-10,0.025,NRFA,
1981-08-11,0.023,NRFA,
1981-08-12,0.024,NRFA,
1981-08-13,0.027,NRFA,
1981-08-14,0.026,NRFA,
1981-08-15,0.023,NRFA,
1981-08-16,0.022,NRFA,
1981-08-17,0.021,NRFA,
1981-08-18,0.024,NRFA,
1981-08-19,0.166,NRFA,
1981-08-20,0.113,NRFA,
1981-08-21,0.044,NRFA,
1981-08-22,0.033,NRFA,
1981-08-23,0.028,NRFA,
1981-08-24,0.026,NRFA,
1981-08-25,0.025,NRFA,
1981-08-26,0.023,NRFA,
1981-08-27,0.022,NRFA,
1981-08-28,0.022,NRFA,
1981-08-29,0.022,NRFA,
1981-08-30,0.022,NRFA,
1981-08-31,0.021,NRFA,
1981-09-01,0.021,NRFA,
1981-09-02,0.021,NRFA,
1981-09-03,0.020,NRFA,
1981-09-04,0.019,NRFA,
1981-09-05,0.019,NRFA,
1981-09-06,0.021,NRFA,
1981-09-07,0.020,NRFA,
1981-09-08,0.021,NRFA,
1981-09-09,0.019,NRFA,
1981-09-10,0.023,NRFA,
1981-09-11,0.028,NRFA,
1981-09-12,0.037,NRFA,
1981-09-13,0.025,NRFA,
1981-09-14,0.059,NRFA,
1981-09-15,0.065,NRFA,
1981-09-16,0.035,NRFA,
1981-09-17,0.306,NRFA,
1981-09-18,0.282,NRFA,
1981-09-19,3.230,NRFA,
1981-09-20,1.211,NRFA,
1981-09-21,0.305,NRFA,
1981-09-22,0.154,NRFA,
1981-09-23,0.533,NRFA,
1981-09-24,0.524,NRFA,
1981-09-25,0.464,NRFA,
1981-09-26,3.518,NRFA,
1981-09-27,1.415,NRFA,
1981-09-28,0.795,NRFA,
1981-09-29,1.045,NRFA,
1981-09-30,0.571,NRFA,
1981-10-01,4.979,NRFA,
1981-10-02,2.048,NRFA,
1981-10-03,1.454,NRFA,
1981-10-04,0.738,NRFA,
1981-10-05,0.681,NRFA,
1981-10-06,0.569,NRFA,
1981-10-07,1.781,NRFA,
1981-10-08,2.691,NRFA,
1981-10-09,2.134,NRFA,
1981-10-10,0.507,NRFA,
1981-10-11,0.218,NRFA,
1981-10-12,0.153,NRFA,
1981-10-13,0.133,NRFA,
1981-10-14,0.113,NRFA,
1981-10-15,0.089,NRFA,
1981-10-16,0.078,NRFA,
1981-10-17,0.073,NRFA,
1981-10-18,0.070,NRFA,
1981-10-19,0.228,NRFA,
1981-10-20,0.159,NRFA,
1981-10-21,0.159,NRFA,
1981-10-22,0.085,NRFA,
1981-10-23,0.071,NRFA,
1981-10-24,0.169,NRFA,
1981-10-25,0.180,NRFA,
1981-10-26,0.127,NRFA,
1981-10-27,0.167,NRFA,
1981-10-28,1.216,NRFA,
1981-10-29,1.378,NRFA,
1981-10-30,0.444,NRFA,
1981-10-31,0.390,NRFA,
1981-11-01,2.751,NRFA,
1981-11-02,0.489,NRFA,
1981-11-03,0.524,NRFA,
1981-11-04,0.273,NRFA,
1981-11-05,0.165,NRFA,
1981-11-06,0.127,NRFA,
1981-11-07,0.111,NRFA,
1981-11-08,0.093,NRFA,
1981-11-09,0.087,NRFA,
1981-11-10,0.636,NRFA,
1981-11-11,1.000,NRFA,
1981-11-12,0.234,NRFA,
1981-11-13,0.155,NRFA,
1981-11-14,0.133,NRFA,
1981-11-15,0.120,NRFA,
1981-11-16,0.118,NRFA,
1981-11-17,1.702,NRFA,
1981-11-18,0.915,NRFA,
1981-11-19,0.384,NRFA,
1981-11-20,1.691,NRFA,
1981-11-21,0.496,NRFA,
1981-11-22,1.875,NRFA,
1981-11-23,2.850,NRFA,
1981-11-24,0.270,NRFA,
1981-11-25,0.910,NRFA,
1981-11-26,4.070,NRFA,
1981-11-27,1.017,NRFA,
1981-11-28,0.449,NRFA,
1981-11-29,0.753,NRFA,
1981-11-30,1.789,NRFA,
1981-12-01,0.300,NRFA,
1981-12-02,0.283,NRFA,
1981-12-03,0.491,NRFA,
1981-12-04,0.868,NRFA,
1981-12-05,0.233,NRFA,
1981-12-06,0.170,NRFA,
1981-12-07,0.104,NRFA,
1981-12-08,0.080,NRFA,
1981-12-09,0.090,NRFA,
1981-12-10,0.071,NRFA,
1981-12-11,0.099,NRFA,
1981-12-12,0.110,NRFA,
1981-12-13,0.080,NRFA,
1981-12-14,0.080,NRFA,
1981-12-15,0.061,NRFA,
1981-12-16,0.053,NRFA,
1981-12-17,0.054,NRFA,
1981-12-18,0.048,NRFA,
1981-12-19,0.042,NRFA,
1981-12-20,0.043,NRFA,
1981-12-21,0.041,NRFA,
1981-12-22,0.040,NRFA,
1981-12-23,0.039,NRFA,
1981-12-24,0.039,NRFA,
1981-12-25,0.038,NRFA,
1981-12-26,0.038,NRFA,
1981-12-27,0.039,NRFA,
1981-12-28,0.039,NRFA,
1981-12-29,0.078,NRFA,
1981-12-30,0.159,NRFA,
1981-12-31,0.262,NRFA,
1982-01-01,0.152,NRFA,
1982-01-02,5.233,NRFA,
1982-01-03,7.904,NRFA,
1982-01-04,2.181,NRFA,
1982-01-05,0.554,NRFA,
1982-01-06,0.322,NRFA,
1982-01-07,0.354,NRFA,
1982-01-08,0.243,NRFA,
1982-01-09,0.347,NRFA,
1982-01-10,0.735,NRFA,
1982-01-11,0.727,NRFA,
1982-01-12,0.482,NRFA,
1982-01-13,0.408,NRFA,
1982-01-14,0.499,NRFA,
1982-01-15,0.408,NRFA,
1982-01-16,0.742,NRFA,
1982-01-17,2.535,NRFA,
1982-01-18,1.425,NRFA,
1982-01-19,0.788,NRFA,
1982-01-20,0.918,NRFA,
1982-01-21,1.963,NRFA,
1982-01-22,0.882,NRFA,
1982-01-23,0.476,NRFA,
1982-01-24,0.339,NRFA,
1982-01-25,1.177,NRFA,
1982-01-26,0.672,NRFA,
1982-01-27,0.289,NRFA,
1982-01-28,0.592,NRFA,
1982-01-29,0.878,NRFA,
1982-01-30,0.643,NRFA,
1982-01-31,0.436,NRFA,
1982-02-01,0.282,NRFA,
1982-02-02,0.211,NRFA,
1982-02-03,0.152,NRFA,
1982-02-04,0.152,NRFA,
1982-02-05,0.591,NRFA,
1982-02-06,0.582,NRFA,
1982-02-07,0.384,NRFA,
1982-02-08,1.354,NRFA,
1982-02-09,0.816,NRFA,
1982-02-10,0.433,NRFA,
1982-02-11,0.343,NRFA,
1982-02-12,0.517,NRFA,
1982-02-13,0.500,NRFA,
1982-02-14,0.320,NRFA,
1982-02-15,0.181,NRFA,
1982-02-16,0.134,NRFA,
1982-02-17,0.112,NRFA,
1982-02-18,0.109,NRFA,
1982-02-19,0.098,NRFA,
1982-02-20,0.068,NRFA,
1982-02-21,0.069,NRFA,
1982-02-22,0.058,NRFA,
1982-02-23,0.080,NRFA,
1982-02-24,0.077,NRFA,
1982-02-25,0.082,NRFA,
1982-02-26,0.241,NRFA,
1982-02-27,0.183,NRFA,
1982-02-28,0.659,NRFA,
1982-03-01,0.544,NRFA,
1982-03-02,1.573,NRFA,
1982-03-03,0.755,NRFA,
1982-03-04,0.576,NRFA,
1982-03-05,0.230,NRFA,
1982-03-06,0.549,NRFA,
1982-03-07,0.266,NRFA,
1982-03-08,0.200,NRFA,
1982-03-09,1.698,NRFA,
1982-03-10,0.765,NRFA,
1982-03-11,0.911,NRFA,
1982-03-12,1.235,NRFA,
1982-03-13,1.331,NRFA,
1982-03-14,2.423,NRFA,
1982-03-15,0.944,NRFA,
1982-03-16,0.752,NRFA,
1982-03-17,0.919,NRFA,
1982-03-18,0.644,NRFA,
1982-03-19,0.464,NRFA,
1982-03-20,0.735,NRFA,
1982-03-21,0.452,NRFA,
1982-03-22,0.698,NRFA,
1982-03-23,0.342,NRFA,
1982-03-24,0.245,NRFA,
1982-03-25,0.198,NRFA,
1982-03-26,0.136,NRFA,
1982-03-27,0.108,NRFA,
1982-03-28,0.100,NRFA,
1982-03-29,0.086,NRFA,
1982-03-30,0.074,NRFA,
1982-03-31,0.101,NRFA,
1982-04-01,0.113,NRFA,
1982-04-02,0.080,NRFA,
1982-04-03,0.072,NRFA,
1982-04-04,0.074,NRFA,
1982-04-05,0.092,NRFA,
1982-04-06,0.105,NRFA,
1982-04-07,0.234,NRFA,
1982-04-08,0.185,NRFA,
1982-04-09,0.121,NRFA,
1982-04-10,0.104,NRFA,
1982-04-11,0.075,NRFA,
1982-04-12,0.065,NRFA,
1982-04-13,0.058,NRFA,
1982-04-14,0.052,NRFA,
1982-04-15,0.048,NRFA,
1982-04-16,0.045,NRFA,
1982-04-17,0.044,NRFA,
1982-04-18,0.040,NRFA,
1982-04-19,0.039,NRFA,
1982-04-20,0.036,NRFA,
1982-04-21,0.035,NRFA,
1982-04-22,0.033,NRFA,
1982-04-23,0.031,NRFA,
1982-04-24,0.031,NRFA,
1982-04-25,0.030,NRFA,
1982-04-26,0.029,NRFA,
1982-04-27,0.027,NRFA,
1982-04-28,0.026,NRFA,
1982-04-29,0.028,NRFA,
1982-04-30,0.036,NRFA,
1982-05-01,0.039,NRFA,
1982-05-02,1.544,NRFA,
1982-05-03,0.702,NRFA,
1982-05-04,0.743,NRFA,
1982-05-05,0.243,NRFA,
1982-05-06,0.137,NRFA,
1982-05-07,0.107,NRFA,
1982-05-08,0.081,NRFA,
1982-05-09,0.065,NRFA,
1982-05-10,0.055,NRFA,
1982-05-11,0.047,NRFA,
1982-05-12,0.040,NRFA,
1982-05-13,0.037,NRFA,
1982-05-14,0.033,NRFA,
1982-05-15,0.032,NRFA,
1982-05-16,0.032,NRFA,
1982-05-17,0.031,NRFA,
1982-05-18,0.030,NRFA,
1982-05-19,0.028,NRFA,
1982-05-20,0.031,NRFA,
1982-05-21,0.043,NRFA,
1982-05-22,0.045,NRFA,
1982-05-23,0.061,NRFA,
1982-05-24,0.046,NRFA,
1982-05-25,0.208,NRFA,
1982-05-26,0.113,NRFA,
1982-05-27,0.068,NRFA,
1982-05-28,0.058,NRFA,
1982-05-29,0.045,NRFA,
1982-05-30,0.038,NRFA,
1982-05-31,0.034,NRFA,
1982-06-01,1.743,NRFA,
1982-06-02,0.218,NRFA,
1982-06-03,0.089,NRFA,
1982-06-04,0.059,NRFA,
1982-06-05,0.047,NRFA,
1982-06-06,0.048,NRFA,
1982-06-07,0.040,NRFA,
1982-06-08,0.034,NRFA,
1982-06-09,0.038,NRFA,
1982-06-10,0.037,NRFA,
1982-06-11,0.042,NRFA,
1982-06-12,0.052,NRFA,
1982-06-13,0.044,NRFA,
1982-06-14,0.037,NRFA,
1982-06-15,0.091,NRFA,
1982-06-16,0.083,NRFA,
1982-06-17,0.053,NRFA,
1982-06-18,0.052,NRFA,
1982-06-19,0.087,NRFA,
1982-06-20,0.124,NRFA,
1982-06-21,0.109,NRFA,
1982-06-22,0.652,NRFA,
1982-06-23,0.592,NRFA,
1982-06-24,0.293,NRFA,
1982-06-25,1.750,NRFA,
1982-06-26,1.879,NRFA,
1982-06-27,0.743,NRFA,
1982-06-28,0.444,NRFA,
1982-06-29,0.215,NRFA,
1982-06-30,0.119,NRFA,
1982-07-01,0.079,NRFA,
1982-07-02,0.061,NRFA,
1982-07-03,0.052,NRFA,
1982-07-04,0.049,NRFA,
1982-07-05,0.045,NRFA,
1982-07-06,0.042,NRFA,
1982-07-07,0.037,NRFA,
1982-07-08,0.037,NRFA,
1982-07-09,0.034,NRFA,
1982-07-10,0.031,NRFA,
1982-07-11,0.030,NRFA,
1982-07-12,0.029,NRFA,
1982-07-13,0.027,NRFA,
1982-07-14,0.054,NRFA,
1982-07-15,0.945,NRFA,
1982-07-16,0.367,NRFA,
1982-07-17,0.126,NRFA,
1982-07-18,0.073,NRFA,
1982-07-19,0.052,NRFA,
1982-07-20,0.041,NRFA,
1982-07-21,0.036,NRFA,
1982-07-22,0.032,NRFA,
1982-07-23,0.033,NRFA,
1982-07-24,0.031,NRFA,
1982-07-25,0.028,NRFA,
1982-07-26,0.027,NRFA,
1982-07-27,0.026,NRFA,
1982-07-28,0.025,NRFA,
1982-07-29,0.027,NRFA,
1982-07-30,0.025,NRFA,
1982-07-31,0.026,NRFA,
1982-08-01,0.026,NRFA,
1982-08-02,0.022,NRFA,
1982-08-03,0.020,NRFA,
1982-08-04,0.019,NRFA,
1982-08-05,0.019,NRFA,
1982-08-06,0.020,NRFA,
1982-08-07,0.019,NRFA,
1982-08-08,0.020,NRFA,
1982-08-09,0.019,NRFA,
1982-08-10,0.018,NRFA,
1982-08-11,0.022,NRFA,
1982-08-12,0.025,NRFA,
1982-08-13,0.031,NRFA,
1982-08-14,0.024,NRFA,
1982-08-15,0.029,NRFA,
1982-08-16,0.054,NRFA,
1982-08-17,0.284,NRFA,
1982-08-18,0.306,NRFA,
1982-08-19,0.232,NRFA,
1982-08-20,0.615,NRFA,
1982-08-21,0.222,NRFA,
1982-08-22,0.297,NRFA,
1982-08-23,0.205,NRFA,
1982-08-24,0.525,NRFA,
1982-08-25,0.200,NRFA,
1982-08-26,0.169,NRFA,
1982-08-27,0.102,NRFA,
1982-08-28,0.066,NRFA,
1982-08-29,0.162,NRFA,
1982-08-30,0.456,NRFA,
1982-08-31,0.161,NRFA,
1982-09-01,0.082,NRFA,
1982-09-02,0.056,NRFA,
1982-09-03,0.050,NRFA,
1982-09-04,0.062,NRFA,
1982-09-05,0.136,NRFA,
1982-09-06,0.395,NRFA,
1982-09-07,0.207,NRFA,
1982-09-08,0.095,NRFA,
1982-09-09,0.067,NRFA,
1982-09-10,0.063,NRFA,
1982-09-11,0.055,NRFA,
1982-09-12,0.045,NRFA,
1982-09-13,0.040,NRFA,
1982-09-14,0.036,NRFA,
1982-09-15,0.034,NRFA,
1982-09-16,0.032,NRFA,
1982-09-17,0.030,NRFA,
1982-09-18,0.028,NRFA,
1982-09-19,0.035,NRFA,
1982-09-20,0.092,NRFA,
1982-09-21,0.062,NRFA,
1982-09-22,0.049,NRFA,
1982-09-23,0.107,NRFA,
1982-09-24,0.825,NRFA,
1982-09-25,0.227,NRFA,
1982-09-26,0.363,NRFA,
1982-09-27,0.828,NRFA,
1982-09-28,1.335,NRFA,
1982-09-29,0.414,NRFA,
1982-09-30,0.189,NRFA,
1982-10-01,1.336,NRFA,
1982-10-02,0.454,NRFA,
1982-10-03,0.225,NRFA,
1982-10-04,0.343,NRFA,
1982-10-05,1.834,NRFA,
1982-10-06,2.158,NRFA,
1982-10-07,0.848,NRFA,
1982-10-08,0.589,NRFA,
1982-10-09,0.406,NRFA,
1982-10-10,0.832,NRFA,
1982-10-11,0.300,NRFA,
1982-10-12,1.109,NRFA,
1982-10-13,0.504,NRFA,
1982-10-14,0.315,NRFA,
1982-10-15,0.165,NRFA,
1982-10-16,0.819,NRFA,
1982-10-17,0.390,NRFA,
1982-10-18,0.501,NRFA,
1982-10-19,0.491,NRFA,
1982-10-20,1.463,NRFA,
1982-10-21,0.270,NRFA,
1982-10-22,0.173,NRFA,
1982-10-23,0.127,NRFA,
1982-10-24,0.116,NRFA,
1982-10-25,0.102,NRFA,
1982-10-26,0.180,NRFA,
1982-10-27,0.125,NRFA,
1982-10-28,0.095,NRFA,
1982-10-29,0.078,NRFA,
1982-10-30,0.237,NRFA,
1982-10-31,0.324,NRFA,
1982-11-01,0.817,NRFA,
1982-11-02,0.211,NRFA,
1982-11-03,0.153,NRFA,
1982-11-04,0.154,NRFA,
1982-11-05,0.598,NRFA,
1982-11-06,0.281,NRFA,
1982-11-07,0.205,NRFA,
1982-11-08,0.399,NRFA,
1982-11-09,0.371,NRFA,
1982-11-10,1.452,NRFA,
1982-11-11,2.067,NRFA,
1982-11-12,1.547,NRFA,
1982-11-13,0.401,NRFA,
1982-11-14,0.278,NRFA,
1982-11-15,1.453,NRFA,
1982-11-16,1.111,NRFA,
1982-11-17,2.938,NRFA,
1982-11-18,2.080,NRFA,
1982-11-19,0.602,NRFA,
1982-11-20,2.199,NRFA,
1982-11-21,3.645,NRFA,
1982-11-22,3.530,NRFA,
1982-11-23,1.450,NRFA,
1982-11-24,2.087,NRFA,
1982-11-25,0.907,NRFA,
1982-11-26,0.407,NRFA,
1982-11-27,0.312,NRFA,
1982-11-28,0.489,NRFA,
1982-11-29,0.225,NRFA,
1982-11-30,0.170,NRFA,
1982-12-01,0.132,NRFA,
1982-12-02,0.114,NRFA,
1982-12-03,0.105,NRFA,
1982-12-04,0.539,NRFA,
1982-12-05,0.286,NRFA,
1982-12-06,0.137,NRFA,
1982-12-07,1.142,NRFA,
1982-12-08,1.780,NRFA,
1982-12-09,0.537,NRFA,
1982-12-10,0.448,NRFA,
1982-12-11,0.209,NRFA,
1982-12-12,0.147,NRFA,
1982-12-13,0.123,NRFA,
1982-12-14,1.418,NRFA,
1982-12-15,3.271,NRFA,
1982-12-16,0.334,NRFA,
1982-12-17,0.191,NRFA,
1982-12-18,0.148,NRFA,
1982-12-19,3.374,NRFA,
1982-12-20,1.898,NRFA,
1982-12-21,0.603,NRFA,
1982-12-22,0.176,NRFA,
1982-12-23,0.517,NRFA,
1982-12-24,2.441,NRFA,
1982-12-25,1.363,NRFA,
1982-12-26,0.660,NRFA,
1982-12-27,0.455,NRFA,
1982-12-28,0.337,NRFA,
1982-12-29,0.258,NRFA,
1982-12-30,0.206,NRFA,
1982-12-31,0.267,NRFA,
1983-01-01,1.132,NRFA,
1983-01-02,2.054,NRFA,
1983-01-03,2.369,NRFA,
1983-01-04,0.882,NRFA,
1983-01-05,4.249,NRFA,
1983-01-06,1.193,NRFA,
1983-01-07,0.319,NRFA,
1983-01-08,2.300,NRFA,
1983-01-09,0.683,NRFA,
1983-01-10,0.410,NRFA,
1983-01-11,0.533,NRFA,
1983-01-12,1.563,NRFA,
1983-01-13,0.366,NRFA,
1983-01-14,1.760,NRFA,
1983-01-15,0.886,NRFA,
1983-01-16,0.292,NRFA,
1983-01-17,0.763,NRFA,
1983-01-18,0.254,NRFA,
1983-01-19,0.166,NRFA,
1983-01-20,0.200,NRFA,
1983-01-21,0.239,NRFA,
1983-01-22,0.133,NRFA,
1983-01-23,0.122,NRFA,
1983-01-24,0.523,NRFA,
1983-01-25,0.902,NRFA,
1983-01-26,1.399,NRFA,
1983-01-27,0.796,NRFA,
1983-01-28,2.146,NRFA,
1983-01-29,0.429,NRFA,
1983-01-30,0.230,NRFA,
1983-01-31,0.925,NRFA,
1983-02-01,0.461,NRFA,
1983-02-02,0.230,NRFA,
1983-02-03,0.122,NRFA,
1983-02-04,0.206,NRFA,
1983-02-05,0.242,NRFA,
1983-02-06,0.162,NRFA,
1983-02-07,0.172,NRFA,
1983-02-08,0.149,NRFA,
1983-02-09,0.154,NRFA,
1983-02-10,0.130,NRFA,
1983-02-11,0.176,NRFA,
1983-02-12,0.138,NRFA,
1983-02-13,0.095,NRFA,
1983-02-14,0.118,NRFA,
1983-02-15,0.133,NRFA,
1983-02-16,0.135,NRFA,
1983-02-17,0.117,NRFA,
1983-02-18,0.096,NRFA,
1983-02-19,0.095,NRFA,
1983-02-20,0.077,NRFA,
1983-02-21,0.067,NRFA,
1983-02-22,0.057,NRFA,
1983-02-23,0.068,NRFA,
1983-02-24,0.058,NRFA,
1983-02-25,0.121,NRFA,
1983-02-26,0.933,NRFA,
1983-02-27,1.488,NRFA,
1983-02-28,0.608,NRFA,
1983-03-01,0.305,NRFA,
1983-03-02,2.335,NRFA,
1983-03-03,2.184,NRFA,
1983-03-04,0.589,NRFA,
1983-03-05,1.400,NRFA,
1983-03-06,0.882,NRFA,
1983-03-07,0.495,NRFA,
1983-03-08,0.229,NRFA,
1983-03-09,0.232,NRFA,
1983-03-10,0.280,NRFA,
1983-03-11,0.199,NRFA,
1983-03-12,0.179,NRFA,
1983-03-13,0.249,NRFA,
1983-03-14,0.377,NRFA,
1983-03-15,0.182,NRFA,
1983-03-16,0.319,NRFA,
1983-03-17,0.456,NRFA,
1983-03-18,1.018,NRFA,
1983-03-19,0.499,NRFA,
1983-03-20,0.635,NRFA,
1983-03-21,1.367,NRFA,
1983-03-22,0.646,NRFA,
1983-03-23,1.080,NRFA,
1983-03-24,0.450,NRFA,
1983-03-25,0.643,NRFA,
1983-03-26,0.407,NRFA,
1983-03-27,0.280,NRFA,
1983-03-28,0.226,NRFA,
1983-03-29,0.930,NRFA,
1983-03-30,0.548,NRFA,
1983-03-31,0.778,NRFA,
1983-04-01,0.887,NRFA,
1983-04-02,0.336,NRFA,
1983-04-03,0.256,NRFA,
1983-04-04,0.404,NRFA,
1983-04-05,0.328,NRFA,
1983-04-06,0.245,NRFA,
1983-04-07,0.207,NRFA,
1983-04-08,0.179,NRFA,
1983-04-09,0.220,NRFA,
1983-04-10,0.237,NRFA,
1983-04-11,0.525,NRFA,
1983-04-12,0.270,NRFA,
1983-04-13,0.425,NRFA,
1983-04-14,0.281,NRFA,
1983-04-15,0.194,NRFA,
1983-04-16,0.136,NRFA,
1983-04-17,0.098,NRFA,
1983-04-18,0.072,NRFA,
1983-04-19,0.140,NRFA,
1983-04-20,0.468,NRFA,
1983-04-21,0.799,NRFA,
1983-04-22,3.154,NRFA,
1983-04-23,1.196,NRFA,
1983-04-24,0.459,NRFA,
1983-04-25,0.541,NRFA,
1983-04-26,0.278,NRFA,
1983-04-27,0.191,NRFA,
1983-04-28,1.506,NRFA,
1983-04-29,0.825,NRFA,
1983-04-30,0.297,NRFA,
1983-05-01,0.808,NRFA,
1983-05-02,1.209,NRFA,
1983-05-03,0.455,NRFA,
1983-05-04,0.210,NRFA,
1983-05-05,0.675,NRFA,
1983-05-06,1.074,NRFA,
1983-05-07,1.478,NRFA,
1983-05-08,0.929,NRFA,
1983-05-09,0.586,NRFA,
1983-05-10,1.557,NRFA,
1983-05-11,0.435,NRFA,
1983-05-12,0.709,NRFA,
1983-05-13,0.705,NRFA,
1983-05-14,0.215,NRFA,
1983-05-15,0.181,NRFA,
1983-05-16,0.147,NRFA,
1983-05-17,0.150,NRFA,
1983-05-18,0.254,NRFA,
1983-05-19,0.167,NRFA,
1983-05-20,0.110,NRFA,
1983-05-21,0.190,NRFA,
1983-05-22,0.192,NRFA,
1983-05-23,0.101,NRFA,
1983-05-24,0.077,NRFA,
1983-05-25,0.063,NRFA,
1983-05-26,0.055,NRFA,
1983-05-27,0.634,NRFA,
1983-05-28,0.700,NRFA,
1983-05-29,0.260,NRFA,
1983-05-30,0.171,NRFA,
1983-05-31,0.158,NRFA,
1983-06-01,1.552,NRFA,
1983-06-02,0.471,NRFA,
1983-06-03,0.571,NRFA,
1983-06-04,0.222,NRFA,
1983-06-05,0.129,NRFA,
1983-06-06,0.091,NRFA,
1983-06-07,1.489,NRFA,
1983-06-08,0.465,NRFA,
1983-06-09,0.240,NRFA,
1983-06-10,0.137,NRFA,
1983-06-11,0.119,NRFA,
1983-06-12,0.089,NRFA,
1983-06-13,0.091,NRFA,
1983-06-14,0.119,NRFA,
1983-06-15,0.087,NRFA,
1983-06-16,0.075,NRFA,
1983-06-17,0.069,NRFA,
1983-06-18,0.063,NRFA,
1983-06-19,0.057,NRFA,
1983-06-20,0.054,NRFA,
1983-06-21,0.051,NRFA,
1983-06-22,0.049,NRFA,
1983-06-23,0.050,NRFA,
1983-06-24,0.048,NRFA,
1983-06-25,0.045,NRFA,
1983-06-26,0.042,NRFA,
1983-06-27,0.040,NRFA,
1983-06-28,0.043,NRFA,
1983-06-29,0.041,NRFA,
1983-06-30,0.040,NRFA,
1983-07-01,0.039,NRFA,
1983-07-02,0.040,NRFA,
1983-07-03,0.029,NRFA,
1983-07-04,0.025,NRFA,
1983-07-05,0.023,NRFA,
1983-07-06,0.024,NRFA,
1983-07-07,0.033,NRFA,
1983-07-08,0.028,NRFA,
1983-07-09,0.025,NRFA,
1983-07-10,0.024,NRFA,
1983-07-11,0.022,NRFA,
1983-07-12,0.021,NRFA,
1983-07-13,0.020,NRFA,
1983-07-14,0.019,NRFA,
1983-07-15,0.018,NRFA,
1983-07-16,0.020,NRFA,
1983-07-17,4.830,NRFA,
1983-07-18,0.204,NRFA,
1983-07-19,0.135,NRFA,
1983-07-20,0.068,NRFA,
1983-07-21,0.049,NRFA,
1983-07-22,0.037,NRFA,
1983-07-23,0.030,NRFA,
1983-07-24,0.031,NRFA,
1983-07-25,0.033,NRFA,
1983-07-26,0.039,NRFA,
1983-07-27,0.032,NRFA,
1983-07-28,0.026,NRFA,
1983-07-29,0.023,NRFA,
1983-07-30,0.021,NRFA,
1983-07-31,0.021,NRFA,
1983-08-01,0.023,NRFA,
1983-08-02,0.026,NRFA,
1983-08-03,0.022,NRFA,
1983-08-04,0.021,NRFA,
1983-08-05,0.020,NRFA,
1983-08-06,0.019,NRFA,
1983-08-07,0.018,NRFA,
1983-08-08,0.018,NRFA,
1983-08-09,0.018,NRFA,
1983-08-10,0.018,NRFA,
1983-08-11,0.016,NRFA,
1983-08-12,0.016,NRFA,
1983-08-13,0.016,NRFA,
1983-08-14,0.015,NRFA,
1983-08-15,0.018,NRFA,
1983-08-16,0.026,NRFA,
1983-08-17,0.020,NRFA,
1983-08-18,0.018,NRFA,
1983-08-19,0.017,NRFA,
1983-08-20,0.018,NRFA,
1983-08-21,0.017,NRFA,
1983-08-22,0.034,NRFA,
1983-08-23,0.024,NRFA,
1983-08-24,0.020,NRFA,
1983-08-25,0.020,NRFA,
1983-08-26,0.018,NRFA,
1983-08-27,0.018,NRFA,
1983-08-28,0.018,NRFA,
1983-08-29,0.017,NRFA,
1983-08-30,0.016,NRFA,
1983-08-31,0.019,NRFA,
1983-09-01,0.026,NRFA,
1983-09-02,0.112,NRFA,
1983-09-03,0.109,NRFA,
1983-09-04,0.050,NRFA,
1983-09-05,0.042,NRFA,
1983-09-06,0.033,NRFA,
1983-09-07,0.030,NRFA,
1983-09-08,0.144,NRFA,
1983-09-09,0.081,NRFA,
1983-09-10,0.443,NRFA,
1983-09-11,0.650,NRFA,
1983-09-12,0.137,NRFA,
1983-09-13,0.096,NRFA,
1983-09-14,0.148,NRFA,
1983-09-15,0.383,NRFA,
1983-09-16,0.364,NRFA,
1983-09-17,0.366,NRFA,
1983-09-18,2.016,NRFA,
1983-09-19,0.756,NRFA,
1983-09-20,0.372,NRFA,
1983-09-21,0.208,NRFA,
1983-09-22,0.132,NRFA,
1983-09-23,0.094,NRFA,
1983-09-24,0.100,NRFA,
1983-09-25,0.086,NRFA,
1983-09-26,0.066,NRFA,
1983-09-27,0.060,NRFA,
1983-09-28,0.055,NRFA,
1983-09-29,0.054,NRFA,
1983-09-30,0.052,NRFA,
1983-10-01,0.092,NRFA,
1983-10-02,0.086,NRFA,
1983-10-03,0.081,NRFA,
1983-10-04,0.376,NRFA,
1983-10-05,0.213,NRFA,
1983-10-06,0.234,NRFA,
1983-10-07,0.780,NRFA,
1983-10-08,3.002,NRFA,
1983-10-09,1.762,NRFA,
1983-10-10,1.236,NRFA,
1983-10-11,0.594,NRFA,
1983-10-12,1.756,NRFA,
1983-10-13,1.263,NRFA,
1983-10-14,1.810,NRFA,
1983-10-15,4.524,NRFA,
1983-10-16,3.772,NRFA,
1983-10-17,0.672,NRFA,
1983-10-18,0.811,NRFA,
1983-10-19,0.378,NRFA,
1983-10-20,0.233,NRFA,
1983-10-21,0.176,NRFA,
1983-10-22,0.144,NRFA,
1983-10-23,0.124,NRFA,
1983-10-24,0.102,NRFA,
1983-10-25,0.092,NRFA,
1983-10-26,0.085,NRFA,
1983-10-27,0.110,NRFA,
1983-10-28,0.099,NRFA,
1983-10-29,0.077,NRFA,
1983-10-30,0.188,NRFA,
1983-10-31,0.128,NRFA,
1983-11-01,,M,NRFA,M
1983-11-02,,M,NRFA,M
1983-11-03,,M,NRFA,M
1983-11-04,,M,NRFA,M
1983-11-05,,M,NRFA,M
1983-11-06,,M,NRFA,M
1983-11-07,,M,NRFA,M
1983-11-08,,M,NRFA,M
1983-11-09,,M,NRFA,M
1983-11-10,,M,NRFA,M
1983-11-11,,M,NRFA,M
1983-11-12,,M,NRFA,M
1983-11-13,,M,NRFA,M
1983-11-14,,M,NRFA,M
1983-11-15,,M,NRFA,M
1983-11-16,,M,NRFA,M
1983-11-17,,M,NRFA,M
1983-11-18,,M,NRFA,M
1983-11-19,,M,NRFA,M
1983-11-20,,M,NRFA,M
1983-11-21,,M,NRFA,M
1983-11-22,,M,NRFA,M
1983-11-23,,M,NRFA,M
1983-11-24,,M,NRFA,M
1983-11-25,,M,NRFA,M
1983-11-26,,M,NRFA,M
1983-11-27,,M,NRFA,M
1983-11-28,,M,NRFA,M
1983-11-29,,M,NRFA,M
1983-11-30,,M,NRFA,M
1983-12-01,,M,NRFA,M
1983-12-02,,M,NRFA,M
1983-12-03,,M,NRFA,M
1983-12-04,,M,NRFA,M
1983-12-05,,M,NRFA,M
1983-12-06,,M,NRFA,M
1983-12-07,,M,NRFA,M
1983-12-08,,M,NRFA,M
1983-12-09,,M,NRFA,M
1983-12-10,,M,NRFA,M
1983-12-11,,M,NRFA,M
1983-12-12,,M,NRFA,M
1983-12-13,,M,NRFA,M
1983-12-14,,M,NRFA,M
1983-12-15,,M,NRFA,M
1983-12-16,,M,NRFA,M
1983-12-17,,M,NRFA,M
1983-12-18,,M,NRFA,M
1983-12-19,,M,NRFA,M
1983-12-20,,M,NRFA,M
1983-12-21,,M,NRFA,M
1983-12-22,,M,NRFA,M
1983-12-23,,M,NRFA,M
1983-12-24,,M,NRFA,M
1983-12-25,,M,NRFA,M
1983-12-26,,M,NRFA,M
1983-12-27,,M,NRFA,M
1983-12-28,,M,NRFA,M
1983-12-29,,M,NRFA,M
1983-12-30,,M,NRFA,M
1983-12-31,,M,NRFA,M
1984-01-01,,M,NRFA,M
1984-01-02,,M,NRFA,M
1984-01-03,,M,NRFA,M
1984-01-04,,M,NRFA,M
1984-01-05,,M,NRFA,M
1984-01-06,,M,NRFA,M
1984-01-07,,M,NRFA,M
1984-01-08,,M,NRFA,M
1984-01-09,,M,NRFA,M
1984-01-10,,M,NRFA,M
1984-01-11,,M,NRFA,M
1984-01-12,,M,NRFA,M
1984-01-13,,M,NRFA,M
1984-01-14,,M,NRFA,M
1984-01-15,,M,NRFA,M
1984-01-16,,M,NRFA,M
1984-01-17,,M,NRFA,M
1984-01-18,,M,NRFA,M
1984-01-19,,M,NRFA,M
1984-01-20,,M,NRFA,M
1984-01-21,,M,NRFA,M
1984-01-22,,M,NRFA,M
1984-01-23,,M,NRFA,M
1984-01-24,,M,NRFA,M
1984-01-25,,M,NRFA,M
1984-01-26,,M,NRFA,M
1984-01-27,,M,NRFA,M
1984-01-28,,M,NRFA,M
1984-01-29,,M,NRFA,M
1984-01-30,,M,NRFA,M
1984-01-31,,M,NRFA,M
1984-02-01,,M,NRFA,M
1984-02-02,,M,NRFA,M
1984-02-03,,M,NRFA,M
1984-02-04,,M,NRFA,M
1984-02-05,,M,NRFA,M
1984-02-06,,M,NRFA,M
1984-02-07,,M,NRFA,M
1984-02-08,,M,NRFA,M
1984-02-09,,M,NRFA,M
1984-02-10,,M,NRFA,M
1984-02-11,,M,NRFA,M
1984-02-12,,M,NRFA,M
1984-02-13,,M,NRFA,M
1984-02-14,,M,NRFA,M
1984-02-15,,M,NRFA,M
1984-02-16,,M,NRFA,M
1984-02-17,,M,NRFA,M
1984-02-18,,M,NRFA,M
1984-02-19,,M,NRFA,M
1984-02-20,,M,NRFA,M
1984-02-21,,M,NRFA,M
1984-02-22,,M,NRFA,M
1984-02-23,,M,NRFA,M
1984-02-24,,M,NRFA,M
1984-02-25,,M,NRFA,M
1984-02-26,,M,NRFA,M
1984-02-27,,M,NRFA,M
1984-02-28,,M,NRFA,M
1984-02-29,,M,NRFA,M
1984-03-01,,M,NRFA,M
1984-03-02,,M,NRFA,M
1984-03-03,,M,NRFA,M
1984-03-04,,M,NRFA,M
1984-03-05,,M,NRFA,M
1984-03-06,,M,NRFA,M
1984-03-07,,M,NRFA,M
1984-03-08,,M,NRFA,M
1984-03-09,,M,NRFA,M
1984-03-10,,M,NRFA,M
1984-03-11,,M,NRFA,M
1984-03-12,,M,NRFA,M
1984-03-13,,M,NRFA,M
1984-03-14,,M,NRFA,M
1984-03-15,,M,NRFA,M
1984-03-16,,M,NRFA,M
1984-03-17,,M,NRFA,M
1984-03-18,,M,NRFA,M
1984-03-19,,M,NRFA,M
1984-03-20,,M,NRFA,M
1984-03-21,,M,NRFA,M
1984-03-22,,M,NRFA,M
1984-03-23,,M,NRFA,M
1984-03-24,,M,NRFA,M
1984-03-25,,M,NRFA,M
1984-03-26,,M,NRFA,M
1984-03-27,,M,NRFA,M
1984-03-28,,M,NRFA,M
1984-03-29,,M,NRFA,M
1984-03-30,,M,NRFA,M
1984-03-31,,M,NRFA,M
1984-04-01,,M,NRFA,M
1984-04-02,,M,NRFA,M
1984-04-03,,M,NRFA,M
1984-04-04,,M,NRFA,M
1984-04-05,,M,NRFA,M
1984-04-06,,M,NRFA,M
1984-04-07,,M,NRFA,M
1984-04-08,,M,NRFA,M
1984-04-09,,M,NRFA,M
1984-04-10,,M,NRFA,M
1984-04-11,,M,NRFA,M
1984-04-12,,M,NRFA,M
1984-04-13,,M,NRFA,M
1984-04-14,,M,NRFA,M
1984-04-15,,M,NRFA,M
1984-04-16,,M,NRFA,M
1984-04-17,,M,NRFA,M
1984-04-18,,M,NRFA,M
1984-04-19,,M,NRFA,M
1984-04-20,,M,NRFA,M
1984-04-21,,M,NRFA,M
1984-04-22,,M,NRFA,M
1984-04-23,,M,NRFA,M
1984-04-24,,M,NRFA,M
1984-04-25,,M,NRFA,M
1984-04-26,,M,NRFA,M
1984-04-27,,M,NRFA,M
1984-04-28,,M,NRFA,M
1984-04-29,,M,NRFA,M
1984-04-30,,M,NRFA,M
1984-05-01,,M,NRFA,M
1984-05-02,,M,NRFA,M
1984-05-03,,M,NRFA,M
1984-05-04,,M,NRFA,M
1984-05-05,,M,NRFA,M
1984-05-06,,M,NRFA,M
1984-05-07,,M,NRFA,M
1984-05-08,,M,NRFA,M
1984-05-09,,M,NRFA,M
1984-05-10,,M,NRFA,M
1984-05-11,,M,NRFA,M
1984-05-12,,M,NRFA,M
1984-05-13,,M,NRFA,M
1984-05-14,,M,NRFA,M
1984-05-15,,M,NRFA,M
1984-05-16,,M,NRFA,M
1984-05-17,,M,NRFA,M
1984-05-18,,M,NRFA,M
1984-05-19,,M,NRFA,M
1984-05-20,,M,NRFA,M
1984-05-21,,M,NRFA,M
1984-05-22,,M,NRFA,M
1984-05-23,,M,NRFA,M
1984-05-24,,M,NRFA,M
1984-05-25,,M,NRFA,M
1984-05-26,,M,NRFA,M
1984-05-27,,M,NRFA,M
1984-05-28,,M,NRFA,M
1984-05-29,,M,NRFA,M
1984-05-30,,M,NRFA,M
1984-05-31,,M,NRFA,M
1984-06-01,,M,NRFA,M
1984-06-02,,M,NRFA,M
1984-06-03,,M,NRFA,M
1984-06-04,,M,NRFA,M
1984-06-05,,M,NRFA,M
1984-06-06,,M,NRFA,M
1984-06-07,,M,NRFA,M
1984-06-08,,M,NRFA,M
1984-06-09,,M,NRFA,M
1984-06-10,,M,NRFA,M
1984-06-11,,M,NRFA,M
1984-06-12,,M,NRFA,M
1984-06-13,,M,NRFA,M
1984-06-14,,M,NRFA,M
1984-06-15,,M,NRFA,M
1984-06-16,,M,NRFA,M
1984-06-17,,M,NRFA,M
1984-06-18,,M,NRFA,M
1984-06-19,,M,NRFA,M
1984-06-20,,M,NRFA,M
1984-06-21,,M,NRFA,M
1984-06-22,,M,NRFA,M
1984-06-23,,M,NRFA,M
1984-06-24,,M,NRFA,M
1984-06-25,,M,NRFA,M
1984-06-26,,M,NRFA,M
1984-06-27,,M,NRFA,M
1984-06-28,,M,NRFA,M
1984-06-29,,M,NRFA,M
1984-06-30,,M,NRFA,M
1984-07-01,,M,NRFA,M
1984-07-02,,M,NRFA,M
1984-07-03,,M,NRFA,M
1984-07-04,,M,NRFA,M
1984-07-05,,M,NRFA,M
1984-07-06,,M,NRFA,M
1984-07-07,,M,NRFA,M
1984-07-08,,M,NRFA,M
1984-07-09,,M,NRFA,M
1984-07-10,,M,NRFA,M
1984-07-11,,M,NRFA,M
1984-07-12,,M,NRFA,M
1984-07-13,,M,NRFA,M
1984-07-14,,M,NRFA,M
1984-07-15,,M,NRFA,M
1984-07-16,,M,NRFA,M
1984-07-17,,M,NRFA,M
1984-07-18,,M,NRFA,M
1984-07-19,,M,NRFA,M
1984-07-20,,M,NRFA,M
1984-07-21,,M,NRFA,M
1984-07-22,,M,NRFA,M
1984-07-23,,M,NRFA,M
1984-07-24,,M,NRFA,M
1984-07-25,,M,NRFA,M
1984-07-26,,M,NRFA,M
1984-07-27,,M,NRFA,M
1984-07-28,,M,NRFA,M
1984-07-29,,M,NRFA,M
1984-07-30,,M,NRFA,M
1984-07-31,,M,NRFA,M
1984-08-01,,M,NRFA,M
1984-08-02,,M,NRFA,M
1984-08-03,,M,NRFA,M
1984-08-04,,M,NRFA,M
1984-08-05,,M,NRFA,M
1984-08-06,,M,NRFA,M
1984-08-07,,M,NRFA,M
1984-08-08,,M,NRFA,M
1984-08-09,,M,NRFA,M
1984-08-10,,M,NRFA,M
1984-08-11,,M,NRFA,M
1984-08-12,,M,NRFA,M
1984-08-13,,M,NRFA,M
1984-08-14,,M,NRFA,M
1984-08-15,,M,NRFA,M
1984-08-16,,M,NRFA,M
1984-08-17,,M,NRFA,M
1984-08-18,,M,NRFA,M
1984-08-19,,M,NRFA,M
1984-08-20,,M,NRFA,M
1984-08-21,,M,NRFA,M
1984-08-22,,M,NRFA,M
1984-08-23,,M,NRFA,M
1984-08-24,,M,NRFA,M
1984-08-25,,M,NRFA,M
1984-08-26,,M,NRFA,M
1984-08-27,,M,NRFA,M
1984-08-28,,M,NRFA,M
1984-08-29,,M,NRFA,M
1984-08-30,,M,NRFA,M
1984-08-31,,M,NRFA,M
1984-09-01,,M,NRFA,M
1984-09-02,,M,NRFA,M
1984-09-03,,M,NRFA,M
1984-09-04,,M,NRFA,M
1984-09-05,,M,NRFA,M
1984-09-06,,M,NRFA,M
1984-09-07,,M,NRFA,M
1984-09-08,,M,NRFA,M
1984-09-09,,M,NRFA,M
1984-09-10,,M,NRFA,M
1984-09-11,,M,NRFA,M
1984-09-12,,M,NRFA,M
1984-09-13,,M,NRFA,M
1984-09-14,,M,NRFA,M
1984-09-15,,M,NRFA,M
1984-09-16,,M,NRFA,M
1984-09-17,,M,NRFA,M
1984-09-18,,M,NRFA,M
1984-09-19,,M,NRFA,M
1984-09-20,,M,NRFA,M
1984-09-21,,M,NRFA,M
1984-09-22,,M,NRFA,M
1984-09-23,,M,NRFA,M
1984-09-24,,M,NRFA,M
1984-09-25,,M,NRFA,M
1984-09-26,,M,NRFA,M
1984-09-27,,M,NRFA,M
1984-09-28,,M,NRFA,M
1984-09-29,,M,NRFA,M
1984-09-30,,M,NRFA,M
1984-10-01,,M,NRFA,M
1984-10-02,,M,NRFA,M
1984-10-03,,M,NRFA,M
1984-10-04,,M,NRFA,M
1984-10-05,,M,NRFA,M
1984-10-06,,M,NRFA,M
1984-10-07,,M,NRFA,M
1984-10-08,,M,NRFA,M
1984-10-09,,M,NRFA,M
1984-10-10,,M,NRFA,M
1984-10-11,,M,NRFA,M
1984-10-12,,M,NRFA,M
1984-10-13,,M,NRFA,M
1984-10-14,,M,NRFA,M
1984-10-15,,M,NRFA,M
1984-10-16,,M,NRFA,M
1984-10-17,,M,NRFA,M
1984-10-18,,M,NRFA,M
1984-10-19,,M,NRFA,M
1984-10-20,,M,NRFA,M
1984-10-21,,M,NRFA,M
1984-10-22,,M,NRFA,M
1984-10-23,,M,NRFA,M
1984-10-24,,M,NRFA,M
1984-10-25,,M,NRFA,M
1984-10-26,,M,NRFA,M
1984-10-27,,M,NRFA,M
1984-10-28,,M,NRFA,M
1984-10-29,,M,NRFA,M
1984-10-30,,M,NRFA,M
1984-10-31,,M,NRFA,M
1984-11-01,,M,NRFA,M
1984-11-02,,M,NRFA,M
1984-11-03,,M,NRFA,M
1984-11-04,,M,NRFA,M
1984-11-05,,M,NRFA,M
1984-11-06,,M,NRFA,M
1984-11-07,,M,NRFA,M
1984-11-08,,M,NRFA,M
1984-11-09,,M,NRFA,M
1984-11-10,,M,NRFA,M
1984-11-11,,M,NRFA,M
1984-11-12,,M,NRFA,M
1984-11-13,,M,NRFA,M
1984-11-14,,M,NRFA,M
1984-11-15,,M,NRFA,M
1984-11-16,,M,NRFA,M
1984-11-17,,M,NRFA,M
1984-11-18,,M,NRFA,M
1984-11-19,,M,NRFA,M
1984-11-20,,M,NRFA,M
1984-11-21,,M,NRFA,M
1984-11-22,,M,NRFA,M
1984-11-23,,M,NRFA,M
1984-11-24,,M,NRFA,M
1984-11-25,,M,NRFA,M
1984-11-26,,M,NRFA,M
1984-11-27,,M,NRFA,M
1984-11-28,,M,NRFA,M
1984-11-29,,M,NRFA,M
1984-11-30,,M,NRFA,M
1984-12-01,,M,NRFA,M
1984-12-02,,M,NRFA,M
1984-12-03,,M,NRFA,M
1984-12-04,,M,NRFA,M
1984-12-05,,M,NRFA,M
1984-12-06,,M,NRFA,M
1984-12-07,,M,NRFA,M
1984-12-08,,M,NRFA,M
1984-12-09,,M,NRFA,M
1984-12-10,,M,NRFA,M
1984-12-11,,M,NRFA,M
1984-12-12,,M,NRFA,M
1984-12-13,,M,NRFA,M
1984-12-14,,M,NRFA,M
1984-12-15,,M,NRFA,M
1984-12-16,,M,NRFA,M
1984-12-17,,M,NRFA,M
1984-12-18,,M,NRFA,M
1984-12-19,,M,NRFA,M
1984-12-20,,M,NRFA,M
1984-12-21,,M,NRFA,M
1984-12-22,,M,NRFA,M
1984-12-23,,M,NRFA,M
1984-12-24,,M,NRFA,M
1984-12-25,,M,NRFA,M
1984-12-26,,M,NRFA,M
1984-12-27,,M,NRFA,M
1984-12-28,,M,NRFA,M
1984-12-29,,M,NRFA,M
1984-12-30,,M,NRFA,M
1984-12-31,,M,NRFA,M
1985-01-01,,M,NRFA,M
1985-01-02,,M,NRFA,M
1985-01-03,,M,NRFA,M
1985-01-04,,M,NRFA,M
1985-01-05,,M,NRFA,M
1985-01-06,,M,NRFA,M
1985-01-07,,M,NRFA,M
1985-01-08,,M,NRFA,M
1985-01-09,,M,NRFA,M
1985-01-10,,M,NRFA,M
1985-01-11,,M,NRFA,M
1985-01-12,,M,NRFA,M
1985-01-13,,M,NRFA,M
1985-01-14,,M,NRFA,M
1985-01-15,,M,NRFA,M
1985-01-16,,M,NRFA,M
1985-01-17,,M,NRFA,M
1985-01-18,,M,NRFA,M
1985-01-19,,M,NRFA,M
1985-01-20,,M,NRFA,M
1985-01-21,,M,NRFA,M
1985-01-22,,M,NRFA,M
1985-01-23,,M,NRFA,M
1985-01-24,,M,NRFA,M
1985-01-25,,M,NRFA,M
1985-01-26,,M,NRFA,M
1985-01-27,,M,NRFA,M
1985-01-28,,M,NRFA,M
1985-01-29,,M,NRFA,M
1985-01-30,,M,NRFA,M
1985-01-31,,M,NRFA,M
1985-02-01,,M,NRFA,M
1985-02-02,,M,NRFA,M
1985-02-03,,M,NRFA,M
1985-02-04,,M,NRFA,M
1985-02-05,,M,NRFA,M
1985-02-06,,M,NRFA,M
1985-02-07,,M,NRFA,M
1985-02-08,,M,NRFA,M
1985-02-09,,M,NRFA,M
1985-02-10,,M,NRFA,M
1985-02-11,,M,NRFA,M
1985-02-12,,M,NRFA,M
1985-02-13,,M,NRFA,M
1985-02-14,,M,NRFA,M
1985-02-15,,M,NRFA,M
1985-02-16,,M,NRFA,M
1985-02-17,,M,NRFA,M
1985-02-18,,M,NRFA,M
1985-02-19,,M,NRFA,M
1985-02-20,,M,NRFA,M
1985-02-21,,M,NRFA,M
1985-02-22,,M,NRFA,M
1985-02-23,,M,NRFA,M
1985-02-24,,M,NRFA,M
1985-02-25,,M,NRFA,M
1985-02-26,,M,NRFA,M
1985-02-27,,M,NRFA,M
1985-02-28,,M,NRFA,M
1985-03-01,,M,NRFA,M
1985-03-02,,M,NRFA,M
1985-03-03,,M,NRFA,M
1985-03-04,,M,NRFA,M
1985-03-05,,M,NRFA,M
1985-03-06,,M,NRFA,M
1985-03-07,,M,NRFA,M
1985-03-08,,M,NRFA,M
1985-03-09,,M,NRFA,M
1985-03-10,,M,NRFA,M
1985-03-11,,M,NRFA,M
1985-03-12,,M,NRFA,M
1985-03-13,,M,NRFA,M
1985-03-14,,M,NRFA,M
1985-03-15,,M,NRFA,M
1985-03-16,,M,NRFA,M
1985-03-17,,M,NRFA,M
1985-03-18,,M,NRFA,M
1985-03-19,,M,NRFA,M
1985-03-20,,M,NRFA,M
1985-03-21,,M,NRFA,M
1985-03-22,,M,NRFA,M
1985-03-23,,M,NRFA,M
1985-03-24,,M,NRFA,M
1985-03-25,,M,NRFA,M
1985-03-26,,M,NRFA,M
1985-03-27,,M,NRFA,M
1985-03-28,,M,NRFA,M
1985-03-29,,M,NRFA,M
1985-03-30,,M,NRFA,M
1985-03-31,,M,NRFA,M
1985-04-01,,M,NRFA,M
1985-04-02,,M,NRFA,M
1985-04-03,,M,NRFA,M
1985-04-04,,M,NRFA,M
1985-04-05,,M,NRFA,M
1985-04-06,,M,NRFA,M
1985-04-07,,M,NRFA,M
1985-04-08,,M,NRFA,M
1985-04-09,,M,NRFA,M
1985-04-10,,M,NRFA,M
1985-04-11,,M,NRFA,M
1985-04-12,,M,NRFA,M
1985-04-13,,M,NRFA,M
1985-04-14,,M,NRFA,M
1985-04-15,,M,NRFA,M
1985-04-16,,M,NRFA,M
1985-04-17,,M,NRFA,M
1985-04-18,,M,NRFA,M
1985-04-19,,M,NRFA,M
1985-04-20,,M,NRFA,M
1985-04-21,,M,NRFA,M
1985-04-22,,M,NRFA,M
1985-04-23,,M,NRFA,M
1985-04-24,,M,NRFA,M
1985-04-25,,M,NRFA,M
1985-04-26,,M,NRFA,M
1985-04-27,,M,NRFA,M
1985-04-28,,M,NRFA,M
1985-04-29,,M,NRFA,M
1985-04-30,,M,NRFA,M
1985-05-01,,M,NRFA,M
1985-05-02,,M,NRFA,M
1985-05-03,,M,NRFA,M
1985-05-04,,M,NRFA,M
1985-05-05,,M,NRFA,M
1985-05-06,,M,NRFA,M
1985-05-07,,M,NRFA,M
1985-05-08,,M,NRFA,M
1985-05-09,,M,NRFA,M
1985-05-10,,M,NRFA,M
1985-05-11,,M,NRFA,M
1985-05-12,,M,NRFA,M
1985-05-13,,M,NRFA,M
1985-05-14,,M,NRFA,M
1985-05-15,,M,NRFA,M
1985-05-16,,M,NRFA,M
1985-05-17,,M,NRFA,M
1985-05-18,,M,NRFA,M
1985-05-19,,M,NRFA,M
1985-05-20,,M,NRFA,M
1985-05-21,,M,NRFA,M
1985-05-22,,M,NRFA,M
1985-05-23,,M,NRFA,M
1985-05-24,,M,NRFA,M
1985-05-25,,M,NRFA,M
1985-05-26,,M,NRFA,M
1985-05-27,,M,NRFA,M
1985-05-28,,M,NRFA,M
1985-05-29,,M,NRFA,M
1985-05-30,,M,NRFA,M
1985-05-31,,M,NRFA,M
1985-06-01,,M,NRFA,M
1985-06-02,,M,NRFA,M
1985-06-03,,M,NRFA,M
1985-06-04,,M,NRFA,M
1985-06-05,,M,NRFA,M
1985-06-06,,M,NRFA,M
1985-06-07,,M,NRFA,M
1985-06-08,,M,NRFA,M
1985-06-09,,M,NRFA,M
1985-06-10,,M,NRFA,M
1985-06-11,,M,NRFA,M
1985-06-12,,M,NRFA,M
1985-06-13,,M,NRFA,M
1985-06-14,,M,NRFA,M
1985-06-15,,M,NRFA,M
1985-06-16,,M,NRFA,M
1985-06-17,,M,NRFA,M
1985-06-18,,M,NRFA,M
1985-06-19,,M,NRFA,M
1985-06-20,,M,NRFA,M
1985-06-21,,M,NRFA,M
1985-06-22,,M,NRFA,M
1985-06-23,,M,NRFA,M
1985-06-24,,M,NRFA,M
1985-06-25,,M,NRFA,M
1985-06-26,,M,NRFA,M
1985-06-27,,M,NRFA,M
1985-06-28,,M,NRFA,M
1985-06-29,,M,NRFA,M
1985-06-30,,M,NRFA,M
1985-07-01,,M,NRFA,M
1985-07-02,,M,NRFA,M
1985-07-03,,M,NRFA,M
1985-07-04,,M,NRFA,M
1985-07-05,,M,NRFA,M
1985-07-06,,M,NRFA,M
1985-07-07,,M,NRFA,M
1985-07-08,,M,NRFA,M
1985-07-09,,M,NRFA,M
1985-07-10,,M,NRFA,M
1985-07-11,,M,NRFA,M
1985-07-12,,M,NRFA,M
1985-07-13,,M,NRFA,M
1985-07-14,,M,NRFA,M
1985-07-15,,M,NRFA,M
1985-07-16,,M,NRFA,M
1985-07-17,,M,NRFA,M
1985-07-18,,M,NRFA,M
1985-07-19,,M,NRFA,M
1985-07-20,,M,NRFA,M
1985-07-21,,M,NRFA,M
1985-07-22,,M,NRFA,M
1985-07-23,,M,NRFA,M
1985-07-24,,M,NRFA,M
1985-07-25,,M,NRFA,M
1985-07-26,,M,NRFA,M
1985-07-27,,M,NRFA,M
1985-07-28,,M,NRFA,M
1985-07-29,,M,NRFA,M
1985-07-30,,M,NRFA,M
1985-07-31,,M,NRFA,M
1985-08-01,,M,NRFA,M
1985-08-02,,M,NRFA,M
1985-08-03,,M,NRFA,M
1985-08-04,,M,NRFA,M
1985-08-05,,M,NRFA,M
1985-08-06,,M,NRFA,M
1985-08-07,,M,NRFA,M
1985-08-08,,M,NRFA,M
1985-08-09,,M,NRFA,M
1985-08-10,,M,NRFA,M
1985-08-11,,M,NRFA,M
1985-08-12,,M,NRFA,M
1985-08-13,,M,NRFA,M
1985-08-14,,M,NRFA,M
1985-08-15,,M,NRFA,M
1985-08-16,,M,NRFA,M
1985-08-17,,M,NRFA,M
1985-08-18,,M,NRFA,M
1985-08-19,,M,NRFA,M
1985-08-20,,M,NRFA,M
1985-08-21,,M,NRFA,M
1985-08-22,,M,NRFA,M
1985-08-23,,M,NRFA,M
1985-08-24,,M,NRFA,M
1985-08-25,,M,NRFA,M
1985-08-26,,M,NRFA,M
1985-08-27,,M,NRFA,M
1985-08-28,,M,NRFA,M
1985-08-29,,M,NRFA,M
1985-08-30,,M,NRFA,M
1985-08-31,,M,NRFA,M
1985-09-01,,M,NRFA,M
1985-09-02,,M,NRFA,M
1985-09-03,,M,NRFA,M
1985-09-04,,M,NRFA,M
1985-09-05,,M,NRFA,M
1985-09-06,,M,NRFA,M
1985-09-07,,M,NRFA,M
1985-09-08,,M,NRFA,M
1985-09-09,,M,NRFA,M
1985-09-10,,M,NRFA,M
1985-09-11,,M,NRFA,M
1985-09-12,,M,NRFA,M
1985-09-13,,M,NRFA,M
1985-09-14,,M,NRFA,M
1985-09-15,,M,NRFA,M
1985-09-16,,M,NRFA,M
1985-09-17,,M,NRFA,M
1985-09-18,,M,NRFA,M
1985-09-19,,M,NRFA,M
1985-09-20,,M,NRFA,M
1985-09-21,,M,NRFA,M
1985-09-22,,M,NRFA,M
1985-09-23,,M,NRFA,M
1985-09-24,,M,NRFA,M
1985-09-25,,M,NRFA,M
1985-09-26,,M,NRFA,M
1985-09-27,,M,NRFA,M
1985-09-28,,M,NRFA,M
1985-09-29,,M,NRFA,M
1985-09-30,,M,NRFA,M
1985-10-01,,M,NRFA,M
1985-10-02,,M,NRFA,M
1985-10-03,,M,NRFA,M
1985-10-04,,M,NRFA,M
1985-10-05,,M,NRFA,M
1985-10-06,,M,NRFA,M
1985-10-07,,M,NRFA,M
1985-10-08,,M,NRFA,M
1985-10-09,,M,NRFA,M
1985-10-10,,M,NRFA,M
1985-10-11,,M,NRFA,M
1985-10-12,,M,NRFA,M
1985-10-13,,M,NRFA,M
1985-10-14,,M,NRFA,M
1985-10-15,,M,NRFA,M
1985-10-16,,M,NRFA,M
1985-10-17,,M,NRFA,M
1985-10-18,,M,NRFA,M
1985-10-19,,M,NRFA,M
1985-10-20,,M,NRFA,M
1985-10-21,,M,NRFA,M
1985-10-22,,M,NRFA,M
1985-10-23,,M,NRFA,M
1985-10-24,,M,NRFA,M
1985-10-25,,M,NRFA,M
1985-10-26,,M,NRFA,M
1985-10-27,,M,NRFA,M
1985-10-28,,M,NRFA,M
1985-10-29,,M,NRFA,M
1985-10-30,,M,NRFA,M
1985-10-31,,M,NRFA,M
1985-11-01,,M,NRFA,M
1985-11-02,,M,NRFA,M
1985-11-03,,M,NRFA,M
1985-11-04,,M,NRFA,M
1985-11-05,,M,NRFA,M
1985-11-06,,M,NRFA,M
1985-11-07,,M,NRFA,M
1985-11-08,,M,NRFA,M
1985-11-09,,M,NRFA,M
1985-11-10,,M,NRFA,M
1985-11-11,,M,NRFA,M
1985-11-12,,M,NRFA,M
1985-11-13,,M,NRFA,M
1985-11-14,,M,NRFA,M
1985-11-15,,M,NRFA,M
1985-11-16,,M,NRFA,M
1985-11-17,,M,NRFA,M
1985-11-18,,M,NRFA,M
1985-11-19,,M,NRFA,M
1985-11-20,,M,NRFA,M
1985-11-21,,M,NRFA,M
1985-11-22,,M,NRFA,M
1985-11-23,,M,NRFA,M
1985-11-24,,M,NRFA,M
1985-11-25,,M,NRFA,M
1985-11-26,,M,NRFA,M
1985-11-27,,M,NRFA,M
1985-11-28,,M,NRFA,M
1985-11-29,,M,NRFA,M
1985-11-30,,M,NRFA,M
1985-12-01,,M,NRFA,M
1985-12-02,,M,NRFA,M
1985-12-03,,M,NRFA,M
1985-12-04,,M,NRFA,M
1985-12-05,,M,NRFA,M
1985-12-06,,M,NRFA,M
1985-12-07,,M,NRFA,M
1985-12-08,,M,NRFA,M
1985-12-09,,M,NRFA,M
1985-12-10,,M,NRFA,M
1985-12-11,,M,NRFA,M
1985-12-12,,M,NRFA,M
1985-12-13,,M,NRFA,M
1985-12-14,,M,NRFA,M
1985-12-15,,M,NRFA,M
1985-12-16,,M,NRFA,M
1985-12-17,,M,NRFA,M
1985-12-18,,M,NRFA,M
1985-12-19,,M,NRFA,M
1985-12-20,,M,NRFA,M
1985-12-21,,M,NRFA,M
1985-12-22,,M,NRFA,M
1985-12-23,,M,NRFA,M
1985-12-24,,M,NRFA,M
1985-12-25,,M,NRFA,M
1985-12-26,,M,NRFA,M
1985-12-27,,M,NRFA,M
1985-12-28,,M,NRFA,M
1985-12-29,,M,NRFA,M
1985-12-30,,M,NRFA,M
1985-12-31,,M,NRFA,M
1986-01-01,,M,NRFA,M
1986-01-02,,M,NRFA,M
1986-01-03,,M,NRFA,M
1986-01-04,,M,NRFA,M
1986-01-05,,M,NRFA,M
1986-01-06,,M,NRFA,M
1986-01-07,,M,NRFA,M
1986-01-08,,M,NRFA,M
1986-01-09,,M,NRFA,M
1986-01-10,,M,NRFA,M
1986-01-11,,M,NRFA,M
1986-01-12,,M,NRFA,M
1986-01-13,,M,NRFA,M
1986-01-14,,M,NRFA,M
1986-01-15,,M,NRFA,M
1986-01-16,,M,NRFA,M
1986-01-17,,M,NRFA,M
1986-01-18,,M,NRFA,M
1986-01-19,,M,NRFA,M
1986-01-20,,M,NRFA,M
1986-01-21,,M,NRFA,M
1986-01-22,,M,NRFA,M
1986-01-23,,M,NRFA,M
1986-01-24,,M,NRFA,M
1986-01-25,,M,NRFA,M
1986-01-26,,M,NRFA,M
1986-01-27,,M,NRFA,M
1986-01-28,,M,NRFA,M
1986-01-29,,M,NRFA,M
1986-01-30,,M,NRFA,M
1986-01-31,,M,NRFA,M
1986-02-01,,M,NRFA,M
1986-02-02,,M,NRFA,M
1986-02-03,,M,NRFA,M
1986-02-04,,M,NRFA,M
1986-02-05,,M,NRFA,M
1986-02-06,,M,NRFA,M
1986-02-07,,M,NRFA,M
1986-02-08,,M,NRFA,M
1986-02-09,,M,NRFA,M
1986-02-10,,M,NRFA,M
1986-02-11,,M,NRFA,M
1986-02-12,,M,NRFA,M
1986-02-13,,M,NRFA,M
1986-02-14,,M,NRFA,M
1986-02-15,,M,NRFA,M
1986-02-16,,M,NRFA,M
1986-02-17,,M,NRFA,M
1986-02-18,,M,NRFA,M
1986-02-19,,M,NRFA,M
1986-02-20,,M,NRFA,M
1986-02-21,,M,NRFA,M
1986-02-22,,M,NRFA,M
1986-02-23,,M,NRFA,M
1986-02-24,,M,NRFA,M
1986-02-25,,M,NRFA,M
1986-02-26,,M,NRFA,M
1986-02-27,,M,NRFA,M
1986-02-28,,M,NRFA,M
1986-03-01,,M,NRFA,M
1986-03-02,,M,NRFA,M
1986-03-03,,M,NRFA,M
1986-03-04,,M,NRFA,M
1986-03-05,,M,NRFA,M
1986-03-06,,M,NRFA,M
1986-03-07,,M,NRFA,M
1986-03-08,,M,NRFA,M
1986-03-09,,M,NRFA,M
1986-03-10,,M,NRFA,M
1986-03-11,,M,NRFA,M
1986-03-12,,M,NRFA,M
1986-03-13,,M,NRFA,M
1986-03-14,,M,NRFA,M
1986-03-15,,M,NRFA,M
1986-03-16,,M,NRFA,M
1986-03-17,,M,NRFA,M
1986-03-18,,M,NRFA,M
1986-03-19,,M,NRFA,M
1986-03-20,,M,NRFA,M
1986-03-21,,M,NRFA,M
1986-03-22,,M,NRFA,M
1986-03-23,,M,NRFA,M
1986-03-24,,M,NRFA,M
1986-03-25,,M,NRFA,M
1986-03-26,,M,NRFA,M
1986-03-27,,M,NRFA,M
1986-03-28,,M,NRFA,M
1986-03-29,,M,NRFA,M
1986-03-30,,M,NRFA,M
1986-03-31,,M,NRFA,M
1986-04-01,,M,NRFA,M
1986-04-02,,M,NRFA,M
1986-04-03,,M,NRFA,M
1986-04-04,,M,NRFA,M
1986-04-05,,M,NRFA,M
1986-04-06,,M,NRFA,M
1986-04-07,,M,NRFA,M
1986-04-08,,M,NRFA,M
1986-04-09,,M,NRFA,M
1986-04-10,,M,NRFA,M
1986-04-11,,M,NRFA,M
1986-04-12,,M,NRFA,M
1986-04-13,,M,NRFA,M
1986-04-14,,M,NRFA,M
1986-04-15,,M,NRFA,M
1986-04-16,,M,NRFA,M
1986-04-17,,M,NRFA,M
1986-04-18,,M,NRFA,M
1986-04-19,,M,NRFA,M
1986-04-20,,M,NRFA,M
1986-04-21,,M,NRFA,M
1986-04-22,,M,NRFA,M
1986-04-23,,M,NRFA,M
1986-04-24,,M,NRFA,M
1986-04-25,,M,NRFA,M
1986-04-26,,M,NRFA,M
1986-04-27,,M,NRFA,M
1986-04-28,,M,NRFA,M
1986-04-29,,M,NRFA,M
1986-04-30,,M,NRFA,M
1986-05-01,,M,NRFA,M
1986-05-02,,M,NRFA,M
1986-05-03,,M,NRFA,M
1986-05-04,,M,NRFA,M
1986-05-05,,M,NRFA,M
1986-05-06,,M,NRFA,M
1986-05-07,,M,NRFA,M
1986-05-08,,M,NRFA,M
1986-05-09,,M,NRFA,M
1986-05-10,,M,NRFA,M
1986-05-11,,M,NRFA,M
1986-05-12,,M,NRFA,M
1986-05-13,,M,NRFA,M
1986-05-14,,M,NRFA,M
1986-05-15,,M,NRFA,M
1986-05-16,,M,NRFA,M
1986-05-17,,M,NRFA,M
1986-05-18,,M,NRFA,M
1986-05-19,,M,NRFA,M
1986-05-20,,M,NRFA,M
1986-05-21,,M,NRFA,M
1986-05-22,,M,NRFA,M
1986-05-23,,M,NRFA,M
1986-05-24,,M,NRFA,M
1986-05-25,,M,NRFA,M
1986-05-26,,M,NRFA,M
1986-05-27,,M,NRFA,M
1986-05-28,,M,NRFA,M
1986-05-29,,M,NRFA,M
1986-05-30,,M,NRFA,M
1986-05-31,,M,NRFA,M
1986-06-01,,M,NRFA,M
1986-06-02,,M,NRFA,M
1986-06-03,,M,NRFA,M
1986-06-04,,M,NRFA,M
1986-06-05,,M,NRFA,M
1986-06-06,,M,NRFA,M
1986-06-07,,M,NRFA,M
1986-06-08,,M,NRFA,M
1986-06-09,,M,NRFA,M
1986-06-10,,M,NRFA,M
1986-06-11,,M,NRFA,M
1986-06-12,,M,NRFA,M
1986-06-13,,M,NRFA,M
1986-06-14,,M,NRFA,M
1986-06-15,,M,NRFA,M
1986-06-16,,M,NRFA,M
1986-06-17,,M,NRFA,M
1986-06-18,,M,NRFA,M
1986-06-19,,M,NRFA,M
1986-06-20,,M,NRFA,M
1986-06-21,,M,NRFA,M
1986-06-22,,M,NRFA,M
1986-06-23,,M,NRFA,M
1986-06-24,,M,NRFA,M
1986-06-25,,M,NRFA,M
1986-06-26,,M,NRFA,M
1986-06-27,,M,NRFA,M
1986-06-28,,M,NRFA,M
1986-06-29,,M,NRFA,M
1986-06-30,,M,NRFA,M
1986-07-01,,M,NRFA,M
1986-07-02,,M,NRFA,M
1986-07-03,,M,NRFA,M
1986-07-04,,M,NRFA,M
1986-07-05,,M,NRFA,M
1986-07-06,,M,NRFA,M
1986-07-07,,M,NRFA,M
1986-07-08,,M,NRFA,M
1986-07-09,,M,NRFA,M
1986-07-10,,M,NRFA,M
1986-07-11,,M,NRFA,M
1986-07-12,,M,NRFA,M
1986-07-13,,M,NRFA,M
1986-07-14,,M,NRFA,M
1986-07-15,,M,NRFA,M
1986-07-16,,M,NRFA,M
1986-07-17,,M,NRFA,M
1986-07-18,,M,NRFA,M
1986-07-19,,M,NRFA,M
1986-07-20,,M,NRFA,M
1986-07-21,,M,NRFA,M
1986-07-22,,M,NRFA,M
1986-07-23,,M,NRFA,M
1986-07-24,,M,NRFA,M
1986-07-25,,M,NRFA,M
1986-07-26,,M,NRFA,M
1986-07-27,,M,NRFA,M
1986-07-28,,M,NRFA,M
1986-07-29,,M,NRFA,M
1986-07-30,,M,NRFA,M
1986-07-31,,M,NRFA,M
1986-08-01,,M,NRFA,M
1986-08-02,,M,NRFA,M
1986-08-03,,M,NRFA,M
1986-08-04,,M,NRFA,M
1986-08-05,,M,NRFA,M
1986-08-06,,M,NRFA,M
1986-08-07,,M,NRFA,M
1986-08-08,,M,NRFA,M
1986-08-09,,M,NRFA,M
1986-08-10,,M,NRFA,M
1986-08-11,,M,NRFA,M
1986-08-12,,M,NRFA,M
1986-08-13,,M,NRFA,M
1986-08-14,,M,NRFA,M
1986-08-15,,M,NRFA,M
1986-08-16,,M,NRFA,M
1986-08-17,,M,NRFA,M
1986-08-18,,M,NRFA,M
1986-08-19,,M,NRFA,M
1986-08-20,,M,NRFA,M
1986-08-21,,M,NRFA,M
1986-08-22,,M,NRFA,M
1986-08-23,,M,NRFA,M
1986-08-24,,M,NRFA,M
1986-08-25,,M,NRFA,M
1986-08-26,,M,NRFA,M
1986-08-27,,M,NRFA,M
1986-08-28,,M,NRFA,M
1986-08-29,,M,NRFA,M
1986-08-30,,M,NRFA,M
1986-08-31,,M,NRFA,M
1986-09-01,,M,NRFA,M
1986-09-02,,M,NRFA,M
1986-09-03,,M,NRFA,M
1986-09-04,,M,NRFA,M
1986-09-05,,M,NRFA,M
1986-09-06,,M,NRFA,M
1986-09-07,,M,NRFA,M
1986-09-08,,M,NRFA,M
1986-09-09,,M,NRFA,M
1986-09-10,,M,NRFA,M
1986-09-11,,M,NRFA,M
1986-09-12,,M,NRFA,M
1986-09-13,,M,NRFA,M
1986-09-14,,M,NRFA,M
1986-09-15,,M,NRFA,M
1986-09-16,,M,NRFA,M
1986-09-17,,M,NRFA,M
1986-09-18,,M,NRFA,M
1986-09-19,,M,NRFA,M
1986-09-20,,M,NRFA,M
1986-09-21,,M,NRFA,M
1986-09-22,,M,NRFA,M
1986-09-23,,M,NRFA,M
1986-09-24,,M,NRFA,M
1986-09-25,,M,NRFA,M
1986-09-26,,M,NRFA,M
1986-09-27,,M,NRFA,M
1986-09-28,,M,NRFA,M
1986-09-29,,M,NRFA,M
1986-09-30,,M,NRFA,M
1986-10-01,,M,NRFA,M
1986-10-02,,M,NRFA,M
1986-10-03,,M,NRFA,M
1986-10-04,,M,NRFA,M
1986-10-05,,M,NRFA,M
1986-10-06,,M,NRFA,M
1986-10-07,,M,NRFA,M
1986-10-08,,M,NRFA,M
1986-10-09,,M,NRFA,M
1986-10-10,,M,NRFA,M
1986-10-11,,M,NRFA,M
1986-10-12,,M,NRFA,M
1986-10-13,,M,NRFA,M
1986-10-14,,M,NRFA,M
1986-10-15,,M,NRFA,M
1986-10-16,,M,NRFA,M
1986-10-17,,M,NRFA,M
1986-10-18,,M,NRFA,M
1986-10-19,,M,NRFA,M
1986-10-20,,M,NRFA,M
1986-10-21,,M,NRFA,M
1986-10-22,,M,NRFA,M
1986-10-23,,M,NRFA,M
1986-10-24,,M,NRFA,M
1986-10-25,,M,NRFA,M
1986-10-26,,M,NRFA,M
1986-10-27,,M,NRFA,M
1986-10-28,,M,NRFA,M
1986-10-29,,M,NRFA,M
1986-10-30,,M,NRFA,M
1986-10-31,,M,NRFA,M
1986-11-01,,M,NRFA,M
1986-11-02,,M,NRFA,M
1986-11-03,,M,NRFA,M
1986-11-04,,M,NRFA,M
1986-11-05,,M,NRFA,M
1986-11-06,,M,NRFA,M
1986-11-07,,M,NRFA,M
1986-11-08,,M,NRFA,M
1986-11-09,,M,NRFA,M
1986-11-10,,M,NRFA,M
1986-11-11,,M,NRFA,M
1986-11-12,,M,NRFA,M
1986-11-13,,M,NRFA,M
1986-11-14,,M,NRFA,M
1986-11-15,,M,NRFA,M
1986-11-16,,M,NRFA,M
1986-11-17,,M,NRFA,M
1986-11-18,,M,NRFA,M
1986-11-19,,M,NRFA,M
1986-11-20,,M,NRFA,M
1986-11-21,,M,NRFA,M
1986-11-22,,M,NRFA,M
1986-11-23,,M,NRFA,M
1986-11-24,,M,NRFA,M
1986-11-25,,M,NRFA,M
1986-11-26,,M,NRFA,M
1986-11-27,,M,NRFA,M
1986-11-28,,M,NRFA,M
1986-11-29,,M,NRFA,M
1986-11-30,,M,NRFA,M
1986-12-01,,M,NRFA,M
1986-12-02,,M,NRFA,M
1986-12-03,,M,NRFA,M
1986-12-04,,M,NRFA,M
1986-12-05,,M,NRFA,M
1986-12-06,,M,NRFA,M
1986-12-07,,M,NRFA,M
1986-12-08,,M,NRFA,M
1986-12-09,,M,NRFA,M
1986-12-10,,M,NRFA,M
1986-12-11,,M,NRFA,M
1986-12-12,,M,NRFA,M
1986-12-13,,M,NRFA,M
1986-12-14,,M,NRFA,M
1986-12-15,,M,NRFA,M
1986-12-16,,M,NRFA,M
1986-12-17,,M,NRFA,M
1986-12-18,,M,NRFA,M
1986-12-19,,M,NRFA,M
1986-12-20,,M,NRFA,M
1986-12-21,,M,NRFA,M
1986-12-22,,M,NRFA,M
1986-12-23,,M,NRFA,M
1986-12-24,,M,NRFA,M
1986-12-25,,M,NRFA,M
1986-12-26,,M,NRFA,M
1986-12-27,,M,NRFA,M
1986-12-28,,M,NRFA,M
1986-12-29,,M,NRFA,M
1986-12-30,,M,NRFA,M
1986-12-31,,M,NRFA,M
1987-01-01,,M,NRFA,M
1987-01-02,,M,NRFA,M
1987-01-03,,M,NRFA,M
1987-01-04,,M,NRFA,M
1987-01-05,,M,NRFA,M
1987-01-06,,M,NRFA,M
1987-01-07,,M,NRFA,M
1987-01-08,,M,NRFA,M
1987-01-09,,M,NRFA,M
1987-01-10,,M,NRFA,M
1987-01-11,,M,NRFA,M
1987-01-12,,M,NRFA,M
1987-01-13,,M,NRFA,M
1987-01-14,,M,NRFA,M
1987-01-15,,M,NRFA,M
1987-01-16,,M,NRFA,M
1987-01-17,,M,NRFA,M
1987-01-18,,M,NRFA,M
1987-01-19,,M,NRFA,M
1987-01-20,,M,NRFA,M
1987-01-21,,M,NRFA,M
1987-01-22,,M,NRFA,M
1987-01-23,,M,NRFA,M
1987-01-24,,M,NRFA,M
1987-01-25,,M,NRFA,M
1987-01-26,,M,NRFA,M
1987-01-27,,M,NRFA,M
1987-01-28,,M,NRFA,M
1987-01-29,,M,NRFA,M
1987-01-30,,M,NRFA,M
1987-01-31,,M,NRFA,M
1987-02-01,,M,NRFA,M
1987-02-02,,M,NRFA,M
1987-02-03,,M,NRFA,M
1987-02-04,,M,NRFA,M
1987-02-05,,M,NRFA,M
1987-02-06,,M,NRFA,M
1987-02-07,,M,NRFA,M
1987-02-08,,M,NRFA,M
1987-02-09,,M,NRFA,M
1987-02-10,,M,NRFA,M
1987-02-11,,M,NRFA,M
1987-02-12,,M,NRFA,M
1987-02-13,,M,NRFA,M
1987-02-14,,M,NRFA,M
1987-02-15,,M,NRFA,M
1987-02-16,,M,NRFA,M
1987-02-17,,M,NRFA,M
1987-02-18,,M,NRFA,M
1987-02-19,,M,NRFA,M
1987-02-20,,M,NRFA,M
1987-02-21,,M,NRFA,M
1987-02-22,,M,NRFA,M
1987-02-23,,M,NRFA,M
1987-02-24,,M,NRFA,M
1987-02-25,,M,NRFA,M
1987-02-26,,M,NRFA,M
1987-02-27,,M,NRFA,M
1987-02-28,,M,NRFA,M
1987-03-01,,M,NRFA,M
1987-03-02,,M,NRFA,M
1987-03-03,,M,NRFA,M
1987-03-04,,M,NRFA,M
1987-03-05,,M,NRFA,M
1987-03-06,,M,NRFA,M
1987-03-07,,M,NRFA,M
1987-03-08,,M,NRFA,M
1987-03-09,,M,NRFA,M
1987-03-10,,M,NRFA,M
1987-03-11,,M,NRFA,M
1987-03-12,,M,NRFA,M
1987-03-13,,M,NRFA,M
1987-03-14,,M,NRFA,M
1987-03-15,,M,NRFA,M
1987-03-16,,M,NRFA,M
1987-03-17,,M,NRFA,M
1987-03-18,,M,NRFA,M
1987-03-19,,M,NRFA,M
1987-03-20,,M,NRFA,M
1987-03-21,,M,NRFA,M
1987-03-22,,M,NRFA,M
1987-03-23,,M,NRFA,M
1987-03-24,,M,NRFA,M
1987-03-25,,M,NRFA,M
1987-03-26,,M,NRFA,M
1987-03-27,,M,NRFA,M
1987-03-28,,M,NRFA,M
1987-03-29,,M,NRFA,M
1987-03-30,,M,NRFA,M
1987-03-31,,M,NRFA,M
1987-04-01,,M,NRFA,M
1987-04-02,,M,NRFA,M
1987-04-03,,M,NRFA,M
1987-04-04,,M,NRFA,M
1987-04-05,,M,NRFA,M
1987-04-06,,M,NRFA,M
1987-04-07,,M,NRFA,M
1987-04-08,,M,NRFA,M
1987-04-09,,M,NRFA,M
1987-04-10,,M,NRFA,M
1987-04-11,,M,NRFA,M
1987-04-12,,M,NRFA,M
1987-04-13,,M,NRFA,M
1987-04-14,,M,NRFA,M
1987-04-15,,M,NRFA,M
1987-04-16,,M,NRFA,M
1987-04-17,,M,NRFA,M
1987-04-18,,M,NRFA,M
1987-04-19,,M,NRFA,M
1987-04-20,,M,NRFA,M
1987-04-21,,M,NRFA,M
1987-04-22,,M,NRFA,M
1987-04-23,,M,NRFA,M
1987-04-24,,M,NRFA,M
1987-04-25,,M,NRFA,M
1987-04-26,,M,NRFA,M
1987-04-27,,M,NRFA,M
1987-04-28,,M,NRFA,M
1987-04-29,,M,NRFA,M
1987-04-30,,M,NRFA,M
1987-05-01,,M,NRFA,M
1987-05-02,,M,NRFA,M
1987-05-03,,M,NRFA,M
1987-05-04,,M,NRFA,M
1987-05-05,,M,NRFA,M
1987-05-06,,M,NRFA,M
1987-05-07,,M,NRFA,M
1987-05-08,,M,NRFA,M
1987-05-09,,M,NRFA,M
1987-05-10,,M,NRFA,M
1987-05-11,,M,NRFA,M
1987-05-12,,M,NRFA,M
1987-05-13,,M,NRFA,M
1987-05-14,,M,NRFA,M
1987-05-15,,M,NRFA,M
1987-05-16,,M,NRFA,M
1987-05-17,,M,NRFA,M
1987-05-18,,M,NRFA,M
1987-05-19,,M,NRFA,M
1987-05-20,,M,NRFA,M
1987-05-21,,M,NRFA,M
1987-05-22,,M,NRFA,M
1987-05-23,,M,NRFA,M
1987-05-24,,M,NRFA,M
1987-05-25,,M,NRFA,M
1987-05-26,,M,NRFA,M
1987-05-27,,M,NRFA,M
1987-05-28,,M,NRFA,M
1987-05-29,,M,NRFA,M
1987-05-30,,M,NRFA,M
1987-05-31,,M,NRFA,M
1987-06-01,,M,NRFA,M
1987-06-02,,M,NRFA,M
1987-06-03,,M,NRFA,M
1987-06-04,,M,NRFA,M
1987-06-05,,M,NRFA,M
1987-06-06,,M,NRFA,M
1987-06-07,,M,NRFA,M
1987-06-08,,M,NRFA,M
1987-06-09,,M,NRFA,M
1987-06-10,,M,NRFA,M
1987-06-11,,M,NRFA,M
1987-06-12,,M,NRFA,M
1987-06-13,,M,NRFA,M
1987-06-14,,M,NRFA,M
1987-06-15,,M,NRFA,M
1987-06-16,,M,NRFA,M
1987-06-17,,M,NRFA,M
1987-06-18,,M,NRFA,M
1987-06-19,,M,NRFA,M
1987-06-20,,M,NRFA,M
1987-06-21,,M,NRFA,M
1987-06-22,,M,NRFA,M
1987-06-23,,M,NRFA,M
1987-06-24,,M,NRFA,M
1987-06-25,,M,NRFA,M
1987-06-26,,M,NRFA,M
1987-06-27,,M,NRFA,M
1987-06-28,,M,NRFA,M
1987-06-29,,M,NRFA,M
1987-06-30,,M,NRFA,M
1987-07-01,,M,NRFA,M
1987-07-02,,M,NRFA,M
1987-07-03,,M,NRFA,M
1987-07-04,,M,NRFA,M
1987-07-05,,M,NRFA,M
1987-07-06,,M,NRFA,M
1987-07-07,,M,NRFA,M
1987-07-08,,M,NRFA,M
1987-07-09,,M,NRFA,M
1987-07-10,,M,NRFA,M
1987-07-11,,M,NRFA,M
1987-07-12,,M,NRFA,M
1987-07-13,,M,NRFA,M
1987-07-14,,M,NRFA,M
1987-07-15,,M,NRFA,M
1987-07-16,,M,NRFA,M
1987-07-17,,M,NRFA,M
1987-07-18,,M,NRFA,M
1987-07-19,,M,NRFA,M
1987-07-20,,M,NRFA,M
1987-07-21,,M,NRFA,M
1987-07-22,,M,NRFA,M
1987-07-23,,M,NRFA,M
1987-07-24,,M,NRFA,M
1987-07-25,,M,NRFA,M
1987-07-26,,M,NRFA,M
1987-07-27,,M,NRFA,M
1987-07-28,,M,NRFA,M
1987-07-29,,M,NRFA,M
1987-07-30,,M,NRFA,M
1987-07-31,,M,NRFA,M
1987-08-01,,M,NRFA,M
1987-08-02,,M,NRFA,M
1987-08-03,,M,NRFA,M
1987-08-04,,M,NRFA,M
1987-08-05,,M,NRFA,M
1987-08-06,,M,NRFA,M
1987-08-07,,M,NRFA,M
1987-08-08,,M,NRFA,M
1987-08-09,,M,NRFA,M
1987-08-10,,M,NRFA,M
1987-08-11,,M,NRFA,M
1987-08-12,,M,NRFA,M
1987-08-13,,M,NRFA,M
1987-08-14,,M,NRFA,M
1987-08-15,,M,NRFA,M
1987-08-16,,M,NRFA,M
1987-08-17,,M,NRFA,M
1987-08-18,,M,NRFA,M
1987-08-19,,M,NRFA,M
1987-08-20,,M,NRFA,M
1987-08-21,,M,NRFA,M
1987-08-22,,M,NRFA,M
1987-08-23,,M,NRFA,M
1987-08-24,,M,NRFA,M
1987-08-25,,M,NRFA,M
1987-08-26,,M,NRFA,M
1987-08-27,,M,NRFA,M
1987-08-28,,M,NRFA,M
1987-08-29,,M,NRFA,M
1987-08-30,,M,NRFA,M
1987-08-31,,M,NRFA,M
1987-09-01,,M,NRFA,M
1987-09-02,,M,NRFA,M
1987-09-03,,M,NRFA,M
1987-09-04,,M,NRFA,M
1987-09-05,,M,NRFA,M
1987-09-06,,M,NRFA,M
1987-09-07,,M,NRFA,M
1987-09-08,,M,NRFA,M
1987-09-09,,M,NRFA,M
1987-09-10,,M,NRFA,M
1987-09-11,,M,NRFA,M
1987-09-12,,M,NRFA,M
1987-09-13,,M,NRFA,M
1987-09-14,,M,NRFA,M
1987-09-15,,M,NRFA,M
1987-09-16,,M,NRFA,M
1987-09-17,,M,NRFA,M
1987-09-18,,M,NRFA,M
1987-09-19,,M,NRFA,M
1987-09-20,,M,NRFA,M
1987-09-21,,M,NRFA,M
1987-09-22,,M,NRFA,M
1987-09-23,,M,NRFA,M
1987-09-24,,M,NRFA,M
1987-09-25,,M,NRFA,M
1987-09-26,,M,NRFA,M
1987-09-27,,M,NRFA,M
1987-09-28,,M,NRFA,M
1987-09-29,,M,NRFA,M
1987-09-30,,M,NRFA,M
1987-10-01,,M,NRFA,M
1987-10-02,,M,NRFA,M
1987-10-03,,M,NRFA,M
1987-10-04,,M,NRFA,M
1987-10-05,,M,NRFA,M
1987-10-06,,M,NRFA,M
1987-10-07,,M,NRFA,M
1987-10-08,,M,NRFA,M
1987-10-09,,M,NRFA,M
1987-10-10,,M,NRFA,M
1987-10-11,,M,NRFA,M
1987-10-12,,M,NRFA,M
1987-10-13,,M,NRFA,M
1987-10-14,,M,NRFA,M
1987-10-15,,M,NRFA,M
1987-10-16,,M,NRFA,M
1987-10-17,,M,NRFA,M
1987-10-18,,M,NRFA,M
1987-10-19,,M,NRFA,M
1987-10-20,,M,NRFA,M
1987-10-21,,M,NRFA,M
1987-10-22,,M,NRFA,M
1987-10-23,,M,NRFA,M
1987-10-24,,M,NRFA,M
1987-10-25,,M,NRFA,M
1987-10-26,,M,NRFA,M
1987-10-27,,M,NRFA,M
1987-10-28,,M,NRFA,M
1987-10-29,,M,NRFA,M
1987-10-30,,M,NRFA,M
1987-10-31,,M,NRFA,M
1987-11-01,,M,NRFA,M
1987-11-02,,M,NRFA,M
1987-11-03,,M,NRFA,M
1987-11-04,,M,NRFA,M
1987-11-05,,M,NRFA,M
1987-11-06,,M,NRFA,M
1987-11-07,,M,NRFA,M
1987-11-08,,M,NRFA,M
1987-11-09,,M,NRFA,M
1987-11-10,,M,NRFA,M
1987-11-11,,M,NRFA,M
1987-11-12,,M,NRFA,M
1987-11-13,,M,NRFA,M
1987-11-14,,M,NRFA,M
1987-11-15,,M,NRFA,M
1987-11-16,,M,NRFA,M
1987-11-17,,M,NRFA,M
1987-11-18,,M,NRFA,M
1987-11-19,,M,NRFA,M
1987-11-20,,M,NRFA,M
1987-11-21,,M,NRFA,M
1987-11-22,,M,NRFA,M
1987-11-23,,M,NRFA,M
1987-11-24,,M,NRFA,M
1987-11-25,,M,NRFA,M
1987-11-26,,M,NRFA,M
1987-11-27,,M,NRFA,M
1987-11-28,,M,NRFA,M
1987-11-29,,M,NRFA,M
1987-11-30,,M,NRFA,M
1987-12-01,,M,NRFA,M
1987-12-02,,M,NRFA,M
1987-12-03,,M,NRFA,M
1987-12-04,,M,NRFA,M
1987-12-05,,M,NRFA,M
1987-12-06,,M,NRFA,M
1987-12-07,,M,NRFA,M
1987-12-08,,M,NRFA,M
1987-12-09,,M,NRFA,M
1987-12-10,,M,NRFA,M
1987-12-11,,M,NRFA,M
1987-12-12,,M,NRFA,M
1987-12-13,,M,NRFA,M
1987-12-14,,M,NRFA,M
1987-12-15,,M,NRFA,M
1987-12-16,,M,NRFA,M
1987-12-17,,M,NRFA,M
1987-12-18,,M,NRFA,M
1987-12-19,,M,NRFA,M
1987-12-20,,M,NRFA,M
1987-12-21,,M,NRFA,M
1987-12-22,,M,NRFA,M
1987-12-23,,M,NRFA,M
1987-12-24,,M,NRFA,M
1987-12-25,,M,NRFA,M
1987-12-26,,M,NRFA,M
1987-12-27,,M,NRFA,M
1987-12-28,,M,NRFA,M
1987-12-29,,M,NRFA,M
1987-12-30,,M,NRFA,M
1987-12-31,,M,NRFA,M
1988-01-01,,M,NRFA,M
1988-01-02,,M,NRFA,M
1988-01-03,,M,NRFA,M
1988-01-04,,M,NRFA,M
1988-01-05,,M,NRFA,M
1988-01-06,,M,NRFA,M
1988-01-07,,M,NRFA,M
1988-01-08,,M,NRFA,M
1988-01-09,,M,NRFA,M
1988-01-10,,M,NRFA,M
1988-01-11,,M,NRFA,M
1988-01-12,,M,NRFA,M
1988-01-13,,M,NRFA,M
1988-01-14,,M,NRFA,M
1988-01-15,,M,NRFA,M
1988-01-16,,M,NRFA,M
1988-01-17,,M,NRFA,M
1988-01-18,,M,NRFA,M
1988-01-19,,M,NRFA,M
1988-01-20,,M,NRFA,M
1988-01-21,,M,NRFA,M
1988-01-22,,M,NRFA,M
1988-01-23,,M,NRFA,M
1988-01-24,,M,NRFA,M
1988-01-25,,M,NRFA,M
1988-01-26,,M,NRFA,M
1988-01-27,,M,NRFA,M
1988-01-28,,M,NRFA,M
1988-01-29,,M,NRFA,M
1988-01-30,,M,NRFA,M
1988-01-31,,M,NRFA,M
1988-02-01,,M,NRFA,M
1988-02-02,,M,NRFA,M
1988-02-03,,M,NRFA,M
1988-02-04,,M,NRFA,M
1988-02-05,,M,NRFA,M
1988-02-06,,M,NRFA,M
1988-02-07,,M,NRFA,M
1988-02-08,,M,NRFA,M
1988-02-09,,M,NRFA,M
1988-02-10,,M,NRFA,M
1988-02-11,,M,NRFA,M
1988-02-12,,M,NRFA,M
1988-02-13,,M,NRFA,M
1988-02-14,,M,NRFA,M
1988-02-15,,M,NRFA,M
1988-02-16,,M,NRFA,M
1988-02-17,,M,NRFA,M
1988-02-18,,M,NRFA,M
1988-02-19,,M,NRFA,M
1988-02-20,,M,NRFA,M
1988-02-21,,M,NRFA,M
1988-02-22,,M,NRFA,M
1988-02-23,,M,NRFA,M
1988-02-24,,M,NRFA,M
1988-02-25,,M,NRFA,M
1988-02-26,,M,NRFA,M
1988-02-27,,M,NRFA,M
1988-02-28,,M,NRFA,M
1988-02-29,,M,NRFA,M
1988-03-01,,M,NRFA,M
1988-03-02,,M,NRFA,M
1988-03-03,,M,NRFA,M
1988-03-04,,M,NRFA,M
1988-03-05,,M,NRFA,M
1988-03-06,,M,NRFA,M
1988-03-07,,M,NRFA,M
1988-03-08,,M,NRFA,M
1988-03-09,,M,NRFA,M
1988-03-10,,M,NRFA,M
1988-03-11,,M,NRFA,M
1988-03-12,,M,NRFA,M
1988-03-13,,M,NRFA,M
1988-03-14,,M,NRFA,M
1988-03-15,,M,NRFA,M
1988-03-16,,M,NRFA,M
1988-03-17,,M,NRFA,M
1988-03-18,,M,NRFA,M
1988-03-19,,M,NRFA,M
1988-03-20,,M,NRFA,M
1988-03-21,,M,NRFA,M
1988-03-22,,M,NRFA,M
1988-03-23,,M,NRFA,M
1988-03-24,,M,NRFA,M
1988-03-25,,M,NRFA,M
1988-03-26,,M,NRFA,M
1988-03-27,,M,NRFA,M
1988-03-28,,M,NRFA,M
1988-03-29,,M,NRFA,M
1988-03-30,,M,NRFA,M
1988-03-31,,M,NRFA,M
1988-04-01,,M,NRFA,M
1988-04-02,,M,NRFA,M
1988-04-03,,M,NRFA,M
1988-04-04,,M,NRFA,M
1988-04-05,,M,NRFA,M
1988-04-06,,M,NRFA,M
1988-04-07,,M,NRFA,M
1988-04-08,,M,NRFA,M
1988-04-09,,M,NRFA,M
1988-04-10,,M,NRFA,M
1988-04-11,,M,NRFA,M
1988-04-12,,M,NRFA,M
1988-04-13,,M,NRFA,M
1988-04-14,,M,NRFA,M
1988-04-15,,M,NRFA,M
1988-04-16,,M,NRFA,M
1988-04-17,,M,NRFA,M
1988-04-18,,M,NRFA,M
1988-04-19,,M,NRFA,M
1988-04-20,,M,NRFA,M
1988-04-21,,M,NRFA,M
1988-04-22,,M,NRFA,M
1988-04-23,,M,NRFA,M
1988-04-24,,M,NRFA,M
1988-04-25,,M,NRFA,M
1988-04-26,,M,NRFA,M
1988-04-27,,M,NRFA,M
1988-04-28,,M,NRFA,M
1988-04-29,,M,NRFA,M
1988-04-30,,M,NRFA,M
1988-05-01,,M,NRFA,M
1988-05-02,,M,NRFA,M
1988-05-03,,M,NRFA,M
1988-05-04,,M,NRFA,M
1988-05-05,,M,NRFA,M
1988-05-06,,M,NRFA,M
1988-05-07,,M,NRFA,M
1988-05-08,,M,NRFA,M
1988-05-09,,M,NRFA,M
1988-05-10,,M,NRFA,M
1988-05-11,,M,NRFA,M
1988-05-12,,M,NRFA,M
1988-05-13,,M,NRFA,M
1988-05-14,,M,NRFA,M
1988-05-15,,M,NRFA,M
1988-05-16,,M,NRFA,M
1988-05-17,,M,NRFA,M
1988-05-18,,M,NRFA,M
1988-05-19,,M,NRFA,M
1988-05-20,,M,NRFA,M
1988-05-21,,M,NRFA,M
1988-05-22,,M,NRFA,M
1988-05-23,,M,NRFA,M
1988-05-24,,M,NRFA,M
1988-05-25,,M,NRFA,M
1988-05-26,,M,NRFA,M
1988-05-27,,M,NRFA,M
1988-05-28,,M,NRFA,M
1988-05-29,,M,NRFA,M
1988-05-30,,M,NRFA,M
1988-05-31,,M,NRFA,M
1988-06-01,,M,NRFA,M
1988-06-02,,M,NRFA,M
1988-06-03,,M,NRFA,M
1988-06-04,,M,NRFA,M
1988-06-05,,M,NRFA,M
1988-06-06,,M,NRFA,M
1988-06-07,,M,NRFA,M
1988-06-08,,M,NRFA,M
1988-06-09,,M,NRFA,M
1988-06-10,,M,NRFA,M
1988-06-11,,M,NRFA,M
1988-06-12,,M,NRFA,M
1988-06-13,,M,NRFA,M
1988-06-14,,M,NRFA,M
1988-06-15,,M,NRFA,M
1988-06-16,,M,NRFA,M
1988-06-17,,M,NRFA,M
1988-06-18,,M,NRFA,M
1988-06-19,,M,NRFA,M
1988-06-20,,M,NRFA,M
1988-06-21,,M,NRFA,M
1988-06-22,,M,NRFA,M
1988-06-23,,M,NRFA,M
1988-06-24,,M,NRFA,M
1988-06-25,,M,NRFA,M
1988-06-26,,M,NRFA,M
1988-06-27,,M,NRFA,M
1988-06-28,,M,NRFA,M
1988-06-29,,M,NRFA,M
1988-06-30,,M,NRFA,M
1988-07-01,,M,NRFA,M
1988-07-02,,M,NRFA,M
1988-07-03,,M,NRFA,M
1988-07-04,,M,NRFA,M
1988-07-05,,M,NRFA,M
1988-07-06,,M,NRFA,M
1988-07-07,,M,NRFA,M
1988-07-08,,M,NRFA,M
1988-07-09,,M,NRFA,M
1988-07-10,,M,NRFA,M
1988-07-11,,M,NRFA,M
1988-07-12,,M,NRFA,M
1988-07-13,,M,NRFA,M
1988-07-14,,M,NRFA,M
1988-07-15,,M,NRFA,M
1988-07-16,,M,NRFA,M
1988-07-17,,M,NRFA,M
1988-07-18,,M,NRFA,M
1988-07-19,,M,NRFA,M
1988-07-20,,M,NRFA,M
1988-07-21,,M,NRFA,M
1988-07-22,,M,NRFA,M
1988-07-23,,M,NRFA,M
1988-07-24,,M,NRFA,M
1988-07-25,,M,NRFA,M
1988-07-26,,M,NRFA,M
1988-07-27,,M,NRFA,M
1988-07-28,,M,NRFA,M
1988-07-29,,M,NRFA,M
1988-07-30,,M,NRFA,M
1988-07-31,,M,NRFA,M
1988-08-01,,M,NRFA,M
1988-08-02,,M,NRFA,M
1988-08-03,,M,NRFA,M
1988-08-04,,M,NRFA,M
1988-08-05,,M,NRFA,M
1988-08-06,,M,NRFA,M
1988-08-07,,M,NRFA,M
1988-08-08,,M,NRFA,M
1988-08-09,,M,NRFA,M
1988-08-10,,M,NRFA,M
1988-08-11,,M,NRFA,M
1988-08-12,,M,NRFA,M
1988-08-13,,M,NRFA,M
1988-08-14,,M,NRFA,M
1988-08-15,,M,NRFA,M
1988-08-16,,M,NRFA,M
1988-08-17,,M,NRFA,M
1988-08-18,,M,NRFA,M
1988-08-19,,M,NRFA,M
1988-08-20,,M,NRFA,M
1988-08-21,,M,NRFA,M
1988-08-22,,M,NRFA,M
1988-08-23,,M,NRFA,M
1988-08-24,,M,NRFA,M
1988-08-25,,M,NRFA,M
1988-08-26,,M,NRFA,M
1988-08-27,,M,NRFA,M
1988-08-28,,M,NRFA,M
1988-08-29,,M,NRFA,M
1988-08-30,,M,NRFA,M
1988-08-31,,M,NRFA,M
1988-09-01,,M,NRFA,M
1988-09-02,,M,NRFA,M
1988-09-03,,M,NRFA,M
1988-09-04,,M,NRFA,M
1988-09-05,,M,NRFA,M
1988-09-06,,M,NRFA,M
1988-09-07,,M,NRFA,M
1988-09-08,,M,NRFA,M
1988-09-09,,M,NRFA,M
1988-09-10,,M,NRFA,M
1988-09-11,,M,NRFA,M
1988-09-12,,M,NRFA,M
1988-09-13,,M,NRFA,M
1988-09-14,,M,NRFA,M
1988-09-15,,M,NRFA,M
1988-09-16,,M,NRFA,M
1988-09-17,,M,NRFA,M
1988-09-18,,M,NRFA,M
1988-09-19,,M,NRFA,M
1988-09-20,,M,NRFA,M
1988-09-21,,M,NRFA,M
1988-09-22,,M,NRFA,M
1988-09-23,,M,NRFA,M
1988-09-24,,M,NRFA,M
1988-09-25,,M,NRFA,M
1988-09-26,,M,NRFA,M
1988-09-27,,M,NRFA,M
1988-09-28,,M,NRFA,M
1988-09-29,,M,NRFA,M
1988-09-30,,M,NRFA,M
1988-10-01,,M,NRFA,M
1988-10-02,,M,NRFA,M
1988-10-03,,M,NRFA,M
1988-10-04,,M,NRFA,M
1988-10-05,,M,NRFA,M
1988-10-06,,M,NRFA,M
1988-10-07,,M,NRFA,M
1988-10-08,,M,NRFA,M
1988-10-09,,M,NRFA,M
1988-10-10,,M,NRFA,M
1988-10-11,,M,NRFA,M
1988-10-12,,M,NRFA,M
1988-10-13,,M,NRFA,M
1988-10-14,,M,NRFA,M
1988-10-15,,M,NRFA,M
1988-10-16,,M,NRFA,M
1988-10-17,,M,NRFA,M
1988-10-18,,M,NRFA,M
1988-10-19,,M,NRFA,M
1988-10-20,,M,NRFA,M
1988-10-21,,M,NRFA,M
1988-10-22,,M,NRFA,M
1988-10-23,,M,NRFA,M
1988-10-24,,M,NRFA,M
1988-10-25,,M,NRFA,M
1988-10-26,,M,NRFA,M
1988-10-27,,M,NRFA,M
1988-10-28,,M,NRFA,M
1988-10-29,,M,NRFA,M
1988-10-30,,M,NRFA,M
1988-10-31,,M,NRFA,M
1988-11-01,,M,NRFA,M
1988-11-02,,M,NRFA,M
1988-11-03,,M,NRFA,M
1988-11-04,,M,NRFA,M
1988-11-05,,M,NRFA,M
1988-11-06,,M,NRFA,M
1988-11-07,,M,NRFA,M
1988-11-08,,M,NRFA,M
1988-11-09,,M,NRFA,M
1988-11-10,,M,NRFA,M
1988-11-11,,M,NRFA,M
1988-11-12,,M,NRFA,M
1988-11-13,,M,NRFA,M
1988-11-14,,M,NRFA,M
1988-11-15,,M,NRFA,M
1988-11-16,,M,NRFA,M
1988-11-17,,M,NRFA,M
1988-11-18,,M,NRFA,M
1988-11-19,,M,NRFA,M
1988-11-20,,M,NRFA,M
1988-11-21,,M,NRFA,M
1988-11-22,,M,NRFA,M
1988-11-23,,M,NRFA,M
1988-11-24,,M,NRFA,M
1988-11-25,,M,NRFA,M
1988-11-26,,M,NRFA,M
1988-11-27,,M,NRFA,M
1988-11-28,,M,NRFA,M
1988-11-29,,M,NRFA,M
1988-11-30,,M,NRFA,M
1988-12-01,,M,NRFA,M
1988-12-02,,M,NRFA,M
1988-12-03,,M,NRFA,M
1988-12-04,,M,NRFA,M
1988-12-05,,M,NRFA,M
1988-12-06,,M,NRFA,M
1988-12-07,,M,NRFA,M
1988-12-08,,M,NRFA,M
1988-12-09,,M,NRFA,M
1988-12-10,,M,NRFA,M
1988-12-11,,M,NRFA,M
1988-12-12,,M,NRFA,M
1988-12-13,,M,NRFA,M
1988-12-14,,M,NRFA,M
1988-12-15,,M,NRFA,M
1988-12-16,,M,NRFA,M
1988-12-17,,M,NRFA,M
1988-12-18,,M,NRFA,M
1988-12-19,,M,NRFA,M
1988-12-20,,M,NRFA,M
1988-12-21,,M,NRFA,M
1988-12-22,,M,NRFA,M
1988-12-23,,M,NRFA,M
1988-12-24,,M,NRFA,M
1988-12-25,,M,NRFA,M
1988-12-26,,M,NRFA,M
1988-12-27,,M,NRFA,M
1988-12-28,,M,NRFA,M
1988-12-29,,M,NRFA,M
1988-12-30,,M,NRFA,M
1988-12-31,,M,NRFA,M
1989-01-01,,M,NRFA,M
1989-01-02,,M,NRFA,M
1989-01-03,,M,NRFA,M
1989-01-04,,M,NRFA,M
1989-01-05,,M,NRFA,M
1989-01-06,,M,NRFA,M
1989-01-07,,M,NRFA,M
1989-01-08,,M,NRFA,M
1989-01-09,,M,NRFA,M
1989-01-10,,M,NRFA,M
1989-01-11,,M,NRFA,M
1989-01-12,,M,NRFA,M
1989-01-13,,M,NRFA,M
1989-01-14,,M,NRFA,M
1989-01-15,,M,NRFA,M
1989-01-16,,M,NRFA,M
1989-01-17,,M,NRFA,M
1989-01-18,,M,NRFA,M
1989-01-19,,M,NRFA,M
1989-01-20,,M,NRFA,M
1989-01-21,,M,NRFA,M
1989-01-22,,M,NRFA,M
1989-01-23,,M,NRFA,M
1989-01-24,,M,NRFA,M
1989-01-25,,M,NRFA,M
1989-01-26,,M,NRFA,M
1989-01-27,,M,NRFA,M
1989-01-28,,M,NRFA,M
1989-01-29,,M,NRFA,M
1989-01-30,,M,NRFA,M
1989-01-31,,M,NRFA,M
1989-02-01,,M,NRFA,M
1989-02-02,,M,NRFA,M
1989-02-03,,M,NRFA,M
1989-02-04,,M,NRFA,M
1989-02-05,,M,NRFA,M
1989-02-06,,M,NRFA,M
1989-02-07,,M,NRFA,M
1989-02-08,,M,NRFA,M
1989-02-09,,M,NRFA,M
1989-02-10,,M,NRFA,M
1989-02-11,,M,NRFA,M
1989-02-12,,M,NRFA,M
1989-02-13,,M,NRFA,M
1989-02-14,,M,NRFA,M
1989-02-15,,M,NRFA,M
1989-02-16,,M,NRFA,M
1989-02-17,,M,NRFA,M
1989-02-18,,M,NRFA,M
1989-02-19,,M,NRFA,M
1989-02-20,,M,NRFA,M
1989-02-21,,M,NRFA,M
1989-02-22,,M,NRFA,M
1989-02-23,,M,NRFA,M
1989-02-24,,M,NRFA,M
1989-02-25,,M,NRFA,M
1989-02-26,,M,NRFA,M
1989-02-27,,M,NRFA,M
1989-02-28,,M,NRFA,M
1989-03-01,,M,NRFA,M
1989-03-02,,M,NRFA,M
1989-03-03,,M,NRFA,M
1989-03-04,,M,NRFA,M
1989-03-05,,M,NRFA,M
1989-03-06,,M,NRFA,M
1989-03-07,,M,NRFA,M
1989-03-08,,M,NRFA,M
1989-03-09,,M,NRFA,M
1989-03-10,,M,NRFA,M
1989-03-11,,M,NRFA,M
1989-03-12,,M,NRFA,M
1989-03-13,,M,NRFA,M
1989-03-14,,M,NRFA,M
1989-03-15,,M,NRFA,M
1989-03-16,,M,NRFA,M
1989-03-17,,M,NRFA,M
1989-03-18,,M,NRFA,M
1989-03-19,,M,NRFA,M
1989-03-20,,M,NRFA,M
1989-03-21,,M,NRFA,M
1989-03-22,,M,NRFA,M
1989-03-23,,M,NRFA,M
1989-03-24,,M,NRFA,M
1989-03-25,,M,NRFA,M
1989-03-26,,M,NRFA,M
1989-03-27,,M,NRFA,M
1989-03-28,,M,NRFA,M
1989-03-29,,M,NRFA,M
1989-03-30,,M,NRFA,M
1989-03-31,,M,NRFA,M
1989-04-01,,M,NRFA,M
1989-04-02,,M,NRFA,M
1989-04-03,,M,NRFA,M
1989-04-04,,M,NRFA,M
1989-04-05,,M,NRFA,M
1989-04-06,,M,NRFA,M
1989-04-07,,M,NRFA,M
1989-04-08,,M,NRFA,M
1989-04-09,,M,NRFA,M
1989-04-10,,M,NRFA,M
1989-04-11,,M,NRFA,M
1989-04-12,,M,NRFA,M
1989-04-13,,M,NRFA,M
1989-04-14,,M,NRFA,M
1989-04-15,,M,NRFA,M
1989-04-16,,M,NRFA,M
1989-04-17,,M,NRFA,M
1989-04-18,,M,NRFA,M
1989-04-19,,M,NRFA,M
1989-04-20,,M,NRFA,M
1989-04-21,,M,NRFA,M
1989-04-22,,M,NRFA,M
1989-04-23,,M,NRFA,M
1989-04-24,,M,NRFA,M
1989-04-25,,M,NRFA,M
1989-04-26,,M,NRFA,M
1989-04-27,,M,NRFA,M
1989-04-28,,M,NRFA,M
1989-04-29,,M,NRFA,M
1989-04-30,,M,NRFA,M
1989-05-01,,M,NRFA,M
1989-05-02,,M,NRFA,M
1989-05-03,,M,NRFA,M
1989-05-04,,M,NRFA,M
1989-05-05,,M,NRFA,M
1989-05-06,,M,NRFA,M
1989-05-07,,M,NRFA,M
1989-05-08,,M,NRFA,M
1989-05-09,,M,NRFA,M
1989-05-10,,M,NRFA,M
1989-05-11,,M,NRFA,M
1989-05-12,,M,NRFA,M
1989-05-13,,M,NRFA,M
1989-05-14,,M,NRFA,M
1989-05-15,,M,NRFA,M
1989-05-16,,M,NRFA,M
1989-05-17,,M,NRFA,M
1989-05-18,,M,NRFA,M
1989-05-19,,M,NRFA,M
1989-05-20,,M,NRFA,M
1989-05-21,,M,NRFA,M
1989-05-22,,M,NRFA,M
1989-05-23,,M,NRFA,M
1989-05-24,,M,NRFA,M
1989-05-25,,M,NRFA,M
1989-05-26,,M,NRFA,M
1989-05-27,,M,NRFA,M
1989-05-28,,M,NRFA,M
1989-05-29,,M,NRFA,M
1989-05-30,,M,NRFA,M
1989-05-31,,M,NRFA,M
1989-06-01,,M,NRFA,M
1989-06-02,,M,NRFA,M
1989-06-03,,M,NRFA,M
1989-06-04,,M,NRFA,M
1989-06-05,,M,NRFA,M
1989-06-06,,M,NRFA,M
1989-06-07,,M,NRFA,M
1989-06-08,,M,NRFA,M
1989-06-09,,M,NRFA,M
1989-06-10,,M,NRFA,M
1989-06-11,,M,NRFA,M
1989-06-12,,M,NRFA,M
1989-06-13,,M,NRFA,M
1989-06-14,,M,NRFA,M
1989-06-15,,M,NRFA,M
1989-06-16,,M,NRFA,M
1989-06-17,,M,NRFA,M
1989-06-18,,M,NRFA,M
1989-06-19,,M,NRFA,M
1989-06-20,,M,NRFA,M
1989-06-21,,M,NRFA,M
1989-06-22,,M,NRFA,M
1989-06-23,,M,NRFA,M
1989-06-24,,M,NRFA,M
1989-06-25,,M,NRFA,M
1989-06-26,,M,NRFA,M
1989-06-27,,M,NRFA,M
1989-06-28,,M,NRFA,M
1989-06-29,,M,NRFA,M
1989-06-30,,M,NRFA,M
1989-07-01,,M,NRFA,M
1989-07-02,,M,NRFA,M
1989-07-03,,M,NRFA,M
1989-07-04,,M,NRFA,M
1989-07-05,,M,NRFA,M
1989-07-06,,M,NRFA,M
1989-07-07,,M,NRFA,M
1989-07-08,,M,NRFA,M
1989-07-09,,M,NRFA,M
1989-07-10,,M,NRFA,M
1989-07-11,,M,NRFA,M
1989-07-12,,M,NRFA,M
1989-07-13,,M,NRFA,M
1989-07-14,,M,NRFA,M
1989-07-15,,M,NRFA,M
1989-07-16,,M,NRFA,M
1989-07-17,,M,NRFA,M
1989-07-18,,M,NRFA,M
1989-07-19,,M,NRFA,M
1989-07-20,,M,NRFA,M
1989-07-21,,M,NRFA,M
1989-07-22,,M,NRFA,M
1989-07-23,,M,NRFA,M
1989-07-24,,M,NRFA,M
1989-07-25,,M,NRFA,M
1989-07-26,,M,NRFA,M
1989-07-27,,M,NRFA,M
1989-07-28,,M,NRFA,M
1989-07-29,,M,NRFA,M
1989-07-30,,M,NRFA,M
1989-07-31,,M,NRFA,M
1989-08-01,,M,NRFA,M
1989-08-02,,M,NRFA,M
1989-08-03,,M,NRFA,M
1989-08-04,,M,NRFA,M
1989-08-05,,M,NRFA,M
1989-08-06,,M,NRFA,M
1989-08-07,,M,NRFA,M
1989-08-08,,M,NRFA,M
1989-08-09,,M,NRFA,M
1989-08-10,,M,NRFA,M
1989-08-11,,M,NRFA,M
1989-08-12,,M,NRFA,M
1989-08-13,,M,NRFA,M
1989-08-14,,M,NRFA,M
1989-08-15,,M,NRFA,M
1989-08-16,,M,NRFA,M
1989-08-17,,M,NRFA,M
1989-08-18,,M,NRFA,M
1989-08-19,,M,NRFA,M
1989-08-20,,M,NRFA,M
1989-08-21,,M,NRFA,M
1989-08-22,,M,NRFA,M
1989-08-23,,M,NRFA,M
1989-08-24,,M,NRFA,M
1989-08-25,,M,NRFA,M
1989-08-26,,M,NRFA,M
1989-08-27,,M,NRFA,M
1989-08-28,,M,NRFA,M
1989-08-29,,M,NRFA,M
1989-08-30,,M,NRFA,M
1989-08-31,,M,NRFA,M
1989-09-01,,M,NRFA,M
1989-09-02,,M,NRFA,M
1989-09-03,,M,NRFA,M
1989-09-04,,M,NRFA,M
1989-09-05,,M,NRFA,M
1989-09-06,,M,NRFA,M
1989-09-07,,M,NRFA,M
1989-09-08,,M,NRFA,M
1989-09-09,,M,NRFA,M
1989-09-10,,M,NRFA,M
1989-09-11,,M,NRFA,M
1989-09-12,,M,NRFA,M
1989-09-13,,M,NRFA,M
1989-09-14,,M,NRFA,M
1989-09-15,,M,NRFA,M
1989-09-16,,M,NRFA,M
1989-09-17,,M,NRFA,M
1989-09-18,,M,NRFA,M
1989-09-19,,M,NRFA,M
1989-09-20,,M,NRFA,M
1989-09-21,,M,NRFA,M
1989-09-22,,M,NRFA,M
1989-09-23,,M,NRFA,M
1989-09-24,,M,NRFA,M
1989-09-25,,M,NRFA,M
1989-09-26,,M,NRFA,M
1989-09-27,,M,NRFA,M
1989-09-28,,M,NRFA,M
1989-09-29,,M,NRFA,M
1989-09-30,,M,NRFA,M
1989-10-01,,M,NRFA,M
1989-10-02,,M,NRFA,M
1989-10-03,,M,NRFA,M
1989-10-04,,M,NRFA,M
1989-10-05,,M,NRFA,M
1989-10-06,,M,NRFA,M
1989-10-07,,M,NRFA,M
1989-10-08,,M,NRFA,M
1989-10-09,,M,NRFA,M
1989-10-10,,M,NRFA,M
1989-10-11,,M,NRFA,M
1989-10-12,,M,NRFA,M
1989-10-13,,M,NRFA,M
1989-10-14,,M,NRFA,M
1989-10-15,,M,NRFA,M
1989-10-16,,M,NRFA,M
1989-10-17,,M,NRFA,M
1989-10-18,,M,NRFA,M
1989-10-19,,M,NRFA,M
1989-10-20,,M,NRFA,M
1989-10-21,,M,NRFA,M
1989-10-22,,M,NRFA,M
1989-10-23,,M,NRFA,M
1989-10-24,,M,NRFA,M
1989-10-25,,M,NRFA,M
1989-10-26,,M,NRFA,M
1989-10-27,,M,NRFA,M
1989-10-28,,M,NRFA,M
1989-10-29,,M,NRFA,M
1989-10-30,,M,NRFA,M
1989-10-31,,M,NRFA,M
1989-11-01,,M,NRFA,M
1989-11-02,,M,NRFA,M
1989-11-03,,M,NRFA,M
1989-11-04,,M,NRFA,M
1989-11-05,,M,NRFA,M
1989-11-06,,M,NRFA,M
1989-11-07,,M,NRFA,M
1989-11-08,,M,NRFA,M
1989-11-09,,M,NRFA,M
1989-11-10,,M,NRFA,M
1989-11-11,,M,NRFA,M
1989-11-12,,M,NRFA,M
1989-11-13,,M,NRFA,M
1989-11-14,,M,NRFA,M
1989-11-15,,M,NRFA,M
1989-11-16,,M,NRFA,M
1989-11-17,,M,NRFA,M
1989-11-18,,M,NRFA,M
1989-11-19,,M,NRFA,M
1989-11-20,,M,NRFA,M
1989-11-21,,M,NRFA,M
1989-11-22,,M,NRFA,M
1989-11-23,,M,NRFA,M
1989-11-24,,M,NRFA,M
1989-11-25,,M,NRFA,M
1989-11-26,,M,NRFA,M
1989-11-27,,M,NRFA,M
1989-11-28,,M,NRFA,M
1989-11-29,,M,NRFA,M
1989-11-30,,M,NRFA,M
1989-12-01,,M,NRFA,M
1989-12-02,,M,NRFA,M
1989-12-03,,M,NRFA,M
1989-12-04,,M,NRFA,M
1989-12-05,,M,NRFA,M
1989-12-06,,M,NRFA,M
1989-12-07,,M,NRFA,M
1989-12-08,,M,NRFA,M
1989-12-09,,M,NRFA,M
1989-12-10,,M,NRFA,M
1989-12-11,,M,NRFA,M
1989-12-12,,M,NRFA,M
1989-12-13,,M,NRFA,M
1989-12-14,,M,NRFA,M
1989-12-15,,M,NRFA,M
1989-12-16,,M,NRFA,M
1989-12-17,,M,NRFA,M
1989-12-18,,M,NRFA,M
1989-12-19,,M,NRFA,M
1989-12-20,,M,NRFA,M
1989-12-21,,M,NRFA,M
1989-12-22,,M,NRFA,M
1989-12-23,,M,NRFA,M
1989-12-24,,M,NRFA,M
1989-12-25,,M,NRFA,M
1989-12-26,,M,NRFA,M
1989-12-27,,M,NRFA,M
1989-12-28,,M,NRFA,M
1989-12-29,,M,NRFA,M
1989-12-30,,M,NRFA,M
1989-12-31,,M,NRFA,M
1990-01-01,,M,NRFA,M
1990-01-02,,M,NRFA,M
1990-01-03,,M,NRFA,M
1990-01-04,,M,NRFA,M
1990-01-05,,M,NRFA,M
1990-01-06,,M,NRFA,M
1990-01-07,,M,NRFA,M
1990-01-08,,M,NRFA,M
1990-01-09,,M,NRFA,M
1990-01-10,,M,NRFA,M
1990-01-11,,M,NRFA,M
1990-01-12,,M,NRFA,M
1990-01-13,,M,NRFA,M
1990-01-14,,M,NRFA,M
1990-01-15,,M,NRFA,M
1990-01-16,,M,NRFA,M
1990-01-17,,M,NRFA,M
1990-01-18,,M,NRFA,M
1990-01-19,,M,NRFA,M
1990-01-20,,M,NRFA,M
1990-01-21,,M,NRFA,M
1990-01-22,,M,NRFA,M
1990-01-23,,M,NRFA,M
1990-01-24,,M,NRFA,M
1990-01-25,,M,NRFA,M
1990-01-26,,M,NRFA,M
1990-01-27,,M,NRFA,M
1990-01-28,,M,NRFA,M
1990-01-29,,M,NRFA,M
1990-01-30,,M,NRFA,M
1990-01-31,,M,NRFA,M
1990-02-01,,M,NRFA,M
1990-02-02,,M,NRFA,M
1990-02-03,,M,NRFA,M
1990-02-04,,M,NRFA,M
1990-02-05,,M,NRFA,M
1990-02-06,,M,NRFA,M
1990-02-07,,M,NRFA,M
1990-02-08,,M,NRFA,M
1990-02-09,,M,NRFA,M
1990-02-10,,M,NRFA,M
1990-02-11,,M,NRFA,M
1990-02-12,,M,NRFA,M
1990-02-13,,M,NRFA,M
1990-02-14,,M,NRFA,M
1990-02-15,,M,NRFA,M
1990-02-16,,M,NRFA,M
1990-02-17,,M,NRFA,M
1990-02-18,,M,NRFA,M
1990-02-19,,M,NRFA,M
1990-02-20,,M,NRFA,M
1990-02-21,,M,NRFA,M
1990-02-22,,M,NRFA,M
1990-02-23,,M,NRFA,M
1990-02-24,,M,NRFA,M
1990-02-25,,M,NRFA,M
1990-02-26,,M,NRFA,M
1990-02-27,,M,NRFA,M
1990-02-28,,M,NRFA,M
1990-03-01,,M,NRFA,M
1990-03-02,,M,NRFA,M
1990-03-03,,M,NRFA,M
1990-03-04,,M,NRFA,M
1990-03-05,,M,NRFA,M
1990-03-06,,M,NRFA,M
1990-03-07,,M,NRFA,M
1990-03-08,,M,NRFA,M
1990-03-09,,M,NRFA,M
1990-03-10,,M,NRFA,M
1990-03-11,,M,NRFA,M
1990-03-12,,M,NRFA,M
1990-03-13,,M,NRFA,M
1990-03-14,,M,NRFA,M
1990-03-15,,M,NRFA,M
1990-03-16,,M,NRFA,M
1990-03-17,,M,NRFA,M
1990-03-18,,M,NRFA,M
1990-03-19,,M,NRFA,M
1990-03-20,,M,NRFA,M
1990-03-21,,M,NRFA,M
1990-03-22,,M,NRFA,M
1990-03-23,,M,NRFA,M
1990-03-24,,M,NRFA,M
1990-03-25,,M,NRFA,M
1990-03-26,,M,NRFA,M
1990-03-27,,M,NRFA,M
1990-03-28,,M,NRFA,M
1990-03-29,,M,NRFA,M
1990-03-30,,M,NRFA,M
1990-03-31,,M,NRFA,M
1990-04-01,,M,NRFA,M
1990-04-02,,M,NRFA,M
1990-04-03,,M,NRFA,M
1990-04-04,,M,NRFA,M
1990-04-05,,M,NRFA,M
1990-04-06,,M,NRFA,M
1990-04-07,,M,NRFA,M
1990-04-08,,M,NRFA,M
1990-04-09,,M,NRFA,M
1990-04-10,,M,NRFA,M
1990-04-11,,M,NRFA,M
1990-04-12,,M,NRFA,M
1990-04-13,,M,NRFA,M
1990-04-14,,M,NRFA,M
1990-04-15,,M,NRFA,M
1990-04-16,,M,NRFA,M
1990-04-17,,M,NRFA,M
1990-04-18,,M,NRFA,M
1990-04-19,,M,NRFA,M
1990-04-20,,M,NRFA,M
1990-04-21,,M,NRFA,M
1990-04-22,,M,NRFA,M
1990-04-23,,M,NRFA,M
1990-04-24,,M,NRFA,M
1990-04-25,,M,NRFA,M
1990-04-26,,M,NRFA,M
1990-04-27,,M,NRFA,M
1990-04-28,,M,NRFA,M
1990-04-29,,M,NRFA,M
1990-04-30,,M,NRFA,M
1990-05-01,,M,NRFA,M
1990-05-02,,M,NRFA,M
1990-05-03,,M,NRFA,M
1990-05-04,,M,NRFA,M
1990-05-05,,M,NRFA,M
1990-05-06,,M,NRFA,M
1990-05-07,,M,NRFA,M
1990-05-08,,M,NRFA,M
1990-05-09,,M,NRFA,M
1990-05-10,,M,NRFA,M
1990-05-11,,M,NRFA,M
1990-05-12,,M,NRFA,M
1990-05-13,,M,NRFA,M
1990-05-14,,M,NRFA,M
1990-05-15,,M,NRFA,M
1990-05-16,,M,NRFA,M
1990-05-17,,M,NRFA,M
1990-05-18,,M,NRFA,M
1990-05-19,,M,NRFA,M
1990-05-20,,M,NRFA,M
1990-05-21,,M,NRFA,M
1990-05-22,,M,NRFA,M
1990-05-23,,M,NRFA,M
1990-05-24,,M,NRFA,M
1990-05-25,,M,NRFA,M
1990-05-26,,M,NRFA,M
1990-05-27,,M,NRFA,M
1990-05-28,,M,NRFA,M
1990-05-29,,M,NRFA,M
1990-05-30,,M,NRFA,M
1990-05-31,,M,NRFA,M
1990-06-01,,M,NRFA,M
1990-06-02,,M,NRFA,M
1990-06-03,,M,NRFA,M
1990-06-04,,M,NRFA,M
1990-06-05,,M,NRFA,M
1990-06-06,,M,NRFA,M
1990-06-07,,M,NRFA,M
1990-06-08,,M,NRFA,M
1990-06-09,,M,NRFA,M
1990-06-10,,M,NRFA,M
1990-06-11,,M,NRFA,M
1990-06-12,,M,NRFA,M
1990-06-13,,M,NRFA,M
1990-06-14,,M,NRFA,M
1990-06-15,,M,NRFA,M
1990-06-16,,M,NRFA,M
1990-06-17,,M,NRFA,M
1990-06-18,,M,NRFA,M
1990-06-19,,M,NRFA,M
1990-06-20,,M,NRFA,M
1990-06-21,,M,NRFA,M
1990-06-22,,M,NRFA,M
1990-06-23,,M,NRFA,M
1990-06-24,,M,NRFA,M
1990-06-25,,M,NRFA,M
1990-06-26,,M,NRFA,M
1990-06-27,,M,NRFA,M
1990-06-28,,M,NRFA,M
1990-06-29,,M,NRFA,M
1990-06-30,,M,NRFA,M
1990-07-01,,M,NRFA,M
1990-07-02,,M,NRFA,M
1990-07-03,,M,NRFA,M
1990-07-04,,M,NRFA,M
1990-07-05,,M,NRFA,M
1990-07-06,,M,NRFA,M
1990-07-07,,M,NRFA,M
1990-07-08,,M,NRFA,M
1990-07-09,,M,NRFA,M
1990-07-10,,M,NRFA,M
1990-07-11,,M,NRFA,M
1990-07-12,,M,NRFA,M
1990-07-13,,M,NRFA,M
1990-07-14,,M,NRFA,M
1990-07-15,,M,NRFA,M
1990-07-16,,M,NRFA,M
1990-07-17,,M,NRFA,M
1990-07-18,,M,NRFA,M
1990-07-19,,M,NRFA,M
1990-07-20,,M,NRFA,M
1990-07-21,,M,NRFA,M
1990-07-22,,M,NRFA,M
1990-07-23,,M,NRFA,M
1990-07-24,,M,NRFA,M
1990-07-25,,M,NRFA,M
1990-07-26,,M,NRFA,M
1990-07-27,,M,NRFA,M
1990-07-28,,M,NRFA,M
1990-07-29,,M,NRFA,M
1990-07-30,,M,NRFA,M
1990-07-31,,M,NRFA,M
1990-08-01,,M,NRFA,M
1990-08-02,,M,NRFA,M
1990-08-03,,M,NRFA,M
1990-08-04,,M,NRFA,M
1990-08-05,,M,NRFA,M
1990-08-06,,M,NRFA,M
1990-08-07,,M,NRFA,M
1990-08-08,,M,NRFA,M
1990-08-09,,M,NRFA,M
1990-08-10,,M,NRFA,M
1990-08-11,,M,NRFA,M
1990-08-12,,M,NRFA,M
1990-08-13,,M,NRFA,M
1990-08-14,,M,NRFA,M
1990-08-15,,M,NRFA,M
1990-08-16,,M,NRFA,M
1990-08-17,,M,NRFA,M
1990-08-18,,M,NRFA,M
1990-08-19,,M,NRFA,M
1990-08-20,,M,NRFA,M
1990-08-21,,M,NRFA,M
1990-08-22,,M,NRFA,M
1990-08-23,,M,NRFA,M
1990-08-24,,M,NRFA,M
1990-08-25,,M,NRFA,M
1990-08-26,,M,NRFA,M
1990-08-27,,M,NRFA,M
1990-08-28,,M,NRFA,M
1990-08-29,,M,NRFA,M
1990-08-30,,M,NRFA,M
1990-08-31,,M,NRFA,M
1990-09-01,,M,NRFA,M
1990-09-02,,M,NRFA,M
1990-09-03,,M,NRFA,M
1990-09-04,,M,NRFA,M
1990-09-05,,M,NRFA,M
1990-09-06,,M,NRFA,M
1990-09-07,,M,NRFA,M
1990-09-08,,M,NRFA,M
1990-09-09,,M,NRFA,M
1990-09-10,,M,NRFA,M
1990-09-11,,M,NRFA,M
1990-09-12,,M,NRFA,M
1990-09-13,,M,NRFA,M
1990-09-14,,M,NRFA,M
1990-09-15,,M,NRFA,M
1990-09-16,,M,NRFA,M
1990-09-17,,M,NRFA,M
1990-09-18,,M,NRFA,M
1990-09-19,,M,NRFA,M
1990-09-20,,M,NRFA,M
1990-09-21,,M,NRFA,M
1990-09-22,,M,NRFA,M
1990-09-23,,M,NRFA,M
1990-09-24,,M,NRFA,M
1990-09-25,,M,NRFA,M
1990-09-26,,M,NRFA,M
1990-09-27,,M,NRFA,M
1990-09-28,,M,NRFA,M
1990-09-29,,M,NRFA,M
1990-09-30,,M,NRFA,M
1990-10-01,,M,NRFA,M
1990-10-02,,M,NRFA,M
1990-10-03,,M,NRFA,M
1990-10-04,,M,NRFA,M
1990-10-05,,M,NRFA,M
1990-10-06,,M,NRFA,M
1990-10-07,,M,NRFA,M
1990-10-08,,M,NRFA,M
1990-10-09,,M,NRFA,M
1990-10-10,,M,NRFA,M
1990-10-11,,M,NRFA,M
1990-10-12,,M,NRFA,M
1990-10-13,,M,NRFA,M
1990-10-14,,M,NRFA,M
1990-10-15,,M,NRFA,M
1990-10-16,,M,NRFA,M
1990-10-17,,M,NRFA,M
1990-10-18,,M,NRFA,M
1990-10-19,,M,NRFA,M
1990-10-20,,M,NRFA,M
1990-10-21,,M,NRFA,M
1990-10-22,,M,NRFA,M
1990-10-23,,M,NRFA,M
1990-10-24,,M,NRFA,M
1990-10-25,,M,NRFA,M
1990-10-26,,M,NRFA,M
1990-10-27,,M,NRFA,M
1990-10-28,,M,NRFA,M
1990-10-29,,M,NRFA,M
1990-10-30,,M,NRFA,M
1990-10-31,,M,NRFA,M
1990-11-01,,M,NRFA,M
1990-11-02,,M,NRFA,M
1990-11-03,,M,NRFA,M
1990-11-04,,M,NRFA,M
1990-11-05,,M,NRFA,M
1990-11-06,,M,NRFA,M
1990-11-07,,M,NRFA,M
1990-11-08,,M,NRFA,M
1990-11-09,,M,NRFA,M
1990-11-10,,M,NRFA,M
1990-11-11,,M,NRFA,M
1990-11-12,,M,NRFA,M
1990-11-13,,M,NRFA,M
1990-11-14,,M,NRFA,M
1990-11-15,,M,NRFA,M
1990-11-16,,M,NRFA,M
1990-11-17,,M,NRFA,M
1990-11-18,,M,NRFA,M
1990-11-19,,M,NRFA,M
1990-11-20,,M,NRFA,M
1990-11-21,,M,NRFA,M
1990-11-22,,M,NRFA,M
1990-11-23,,M,NRFA,M
1990-11-24,,M,NRFA,M
1990-11-25,,M,NRFA,M
1990-11-26,,M,NRFA,M
1990-11-27,,M,NRFA,M
1990-11-28,,M,NRFA,M
1990-11-29,,M,NRFA,M
1990-11-30,,M,NRFA,M
1990-12-01,,M,NRFA,M
1990-12-02,,M,NRFA,M
1990-12-03,,M,NRFA,M
1990-12-04,,M,NRFA,M
1990-12-05,,M,NRFA,M
1990-12-06,,M,NRFA,M
1990-12-07,,M,NRFA,M
1990-12-08,,M,NRFA,M
1990-12-09,,M,NRFA,M
1990-12-10,,M,NRFA,M
1990-12-11,,M,NRFA,M
1990-12-12,,M,NRFA,M
1990-12-13,,M,NRFA,M
1990-12-14,,M,NRFA,M
1990-12-15,,M,NRFA,M
1990-12-16,,M,NRFA,M
1990-12-17,,M,NRFA,M
1990-12-18,,M,NRFA,M
1990-12-19,,M,NRFA,M
1990-12-20,,M,NRFA,M
1990-12-21,,M,NRFA,M
1990-12-22,,M,NRFA,M
1990-12-23,,M,NRFA,M
1990-12-24,,M,NRFA,M
1990-12-25,,M,NRFA,M
1990-12-26,,M,NRFA,M
1990-12-27,,M,NRFA,M
1990-12-28,,M,NRFA,M
1990-12-29,,M,NRFA,M
1990-12-30,,M,NRFA,M
1990-12-31,,M,NRFA,M
1991-01-01,,M,NRFA,M
1991-01-02,,M,NRFA,M
1991-01-03,,M,NRFA,M
1991-01-04,,M,NRFA,M
1991-01-05,,M,NRFA,M
1991-01-06,,M,NRFA,M
1991-01-07,,M,NRFA,M
1991-01-08,,M,NRFA,M
1991-01-09,,M,NRFA,M
1991-01-10,,M,NRFA,M
1991-01-11,,M,NRFA,M
1991-01-12,,M,NRFA,M
1991-01-13,,M,NRFA,M
1991-01-14,,M,NRFA,M
1991-01-15,,M,NRFA,M
1991-01-16,,M,NRFA,M
1991-01-17,,M,NRFA,M
1991-01-18,,M,NRFA,M
1991-01-19,,M,NRFA,M
1991-01-20,,M,NRFA,M
1991-01-21,,M,NRFA,M
1991-01-22,,M,NRFA,M
1991-01-23,,M,NRFA,M
1991-01-24,,M,NRFA,M
1991-01-25,,M,NRFA,M
1991-01-26,,M,NRFA,M
1991-01-27,,M,NRFA,M
1991-01-28,,M,NRFA,M
1991-01-29,,M,NRFA,M
1991-01-30,,M,NRFA,M
1991-01-31,,M,NRFA,M
1991-02-01,,M,NRFA,M
1991-02-02,,M,NRFA,M
1991-02-03,,M,NRFA,M
1991-02-04,,M,NRFA,M
1991-02-05,,M,NRFA,M
1991-02-06,,M,NRFA,M
1991-02-07,,M,NRFA,M
1991-02-08,,M,NRFA,M
1991-02-09,,M,NRFA,M
1991-02-10,,M,NRFA,M
1991-02-11,,M,NRFA,M
1991-02-12,,M,NRFA,M
1991-02-13,,M,NRFA,M
1991-02-14,,M,NRFA,M
1991-02-15,,M,NRFA,M
1991-02-16,,M,NRFA,M
1991-02-17,,M,NRFA,M
1991-02-18,,M,NRFA,M
1991-02-19,,M,NRFA,M
1991-02-20,,M,NRFA,M
1991-02-21,,M,NRFA,M
1991-02-22,,M,NRFA,M
1991-02-23,,M,NRFA,M
1991-02-24,,M,NRFA,M
1991-02-25,,M,NRFA,M
1991-02-26,,M,NRFA,M
1991-02-27,,M,NRFA,M
1991-02-28,,M,NRFA,M
1991-03-01,,M,NRFA,M
1991-03-02,,M,NRFA,M
1991-03-03,,M,NRFA,M
1991-03-04,,M,NRFA,M
1991-03-05,,M,NRFA,M
1991-03-06,,M,NRFA,M
1991-03-07,,M,NRFA,M
1991-03-08,,M,NRFA,M
1991-03-09,,M,NRFA,M
1991-03-10,,M,NRFA,M
1991-03-11,,M,NRFA,M
1991-03-12,,M,NRFA,M
1991-03-13,,M,NRFA,M
1991-03-14,,M,NRFA,M
1991-03-15,,M,NRFA,M
1991-03-16,,M,NRFA,M
1991-03-17,,M,NRFA,M
1991-03-18,,M,NRFA,M
1991-03-19,,M,NRFA,M
1991-03-20,,M,NRFA,M
1991-03-21,,M,NRFA,M
1991-03-22,,M,NRFA,M
1991-03-23,,M,NRFA,M
1991-03-24,,M,NRFA,M
1991-03-25,,M,NRFA,M
1991-03-26,,M,NRFA,M
1991-03-27,,M,NRFA,M
1991-03-28,,M,NRFA,M
1991-03-29,,M,NRFA,M
1991-03-30,,M,NRFA,M
1991-03-31,,M,NRFA,M
1991-04-01,,M,NRFA,M
1991-04-02,,M,NRFA,M
1991-04-03,,M,NRFA,M
1991-04-04,,M,NRFA,M
1991-04-05,,M,NRFA,M
1991-04-06,,M,NRFA,M
1991-04-07,,M,NRFA,M
1991-04-08,,M,NRFA,M
1991-04-09,,M,NRFA,M
1991-04-10,,M,NRFA,M
1991-04-11,,M,NRFA,M
1991-04-12,,M,NRFA,M
1991-04-13,,M,NRFA,M
1991-04-14,,M,NRFA,M
1991-04-15,,M,NRFA,M
1991-04-16,,M,NRFA,M
1991-04-17,,M,NRFA,M
1991-04-18,,M,NRFA,M
1991-04-19,,M,NRFA,M
1991-04-20,,M,NRFA,M
1991-04-21,,M,NRFA,M
1991-04-22,,M,NRFA,M
1991-04-23,,M,NRFA,M
1991-04-24,,M,NRFA,M
1991-04-25,,M,NRFA,M
1991-04-26,,M,NRFA,M
1991-04-27,,M,NRFA,M
1991-04-28,,M,NRFA,M
1991-04-29,,M,NRFA,M
1991-04-30,,M,NRFA,M
1991-05-01,,M,NRFA,M
1991-05-02,,M,NRFA,M
1991-05-03,,M,NRFA,M
1991-05-04,,M,NRFA,M
1991-05-05,,M,NRFA,M
1991-05-06,,M,NRFA,M
1991-05-07,,M,NRFA,M
1991-05-08,,M,NRFA,M
1991-05-09,,M,NRFA,M
1991-05-10,,M,NRFA,M
1991-05-11,,M,NRFA,M
1991-05-12,,M,NRFA,M
1991-05-13,,M,NRFA,M
1991-05-14,,M,NRFA,M
1991-05-15,,M,NRFA,M
1991-05-16,,M,NRFA,M
1991-05-17,,M,NRFA,M
1991-05-18,,M,NRFA,M
1991-05-19,,M,NRFA,M
1991-05-20,,M,NRFA,M
1991-05-21,,M,NRFA,M
1991-05-22,,M,NRFA,M
1991-05-23,,M,NRFA,M
1991-05-24,,M,NRFA,M
1991-05-25,,M,NRFA,M
1991-05-26,,M,NRFA,M
1991-05-27,,M,NRFA,M
1991-05-28,,M,NRFA,M
1991-05-29,,M,NRFA,M
1991-05-30,,M,NRFA,M
1991-05-31,,M,NRFA,M
1991-06-01,,M,NRFA,M
1991-06-02,,M,NRFA,M
1991-06-03,,M,NRFA,M
1991-06-04,,M,NRFA,M
1991-06-05,,M,NRFA,M
1991-06-06,,M,NRFA,M
1991-06-07,,M,NRFA,M
1991-06-08,,M,NRFA,M
1991-06-09,,M,NRFA,M
1991-06-10,,M,NRFA,M
1991-06-11,,M,NRFA,M
1991-06-12,,M,NRFA,M
1991-06-13,,M,NRFA,M
1991-06-14,,M,NRFA,M
1991-06-15,,M,NRFA,M
1991-06-16,,M,NRFA,M
1991-06-17,,M,NRFA,M
1991-06-18,,M,NRFA,M
1991-06-19,,M,NRFA,M
1991-06-20,,M,NRFA,M
1991-06-21,,M,NRFA,M
1991-06-22,,M,NRFA,M
1991-06-23,,M,NRFA,M
1991-06-24,,M,NRFA,M
1991-06-25,,M,NRFA,M
1991-06-26,,M,NRFA,M
1991-06-27,,M,NRFA,M
1991-06-28,,M,NRFA,M
1991-06-29,,M,NRFA,M
1991-06-30,,M,NRFA,M
1991-07-01,,M,NRFA,M
1991-07-02,,M,NRFA,M
1991-07-03,,M,NRFA,M
1991-07-04,,M,NRFA,M
1991-07-05,,M,NRFA,M
1991-07-06,,M,NRFA,M
1991-07-07,,M,NRFA,M
1991-07-08,,M,NRFA,M
1991-07-09,,M,NRFA,M
1991-07-10,,M,NRFA,M
1991-07-11,,M,NRFA,M
1991-07-12,,M,NRFA,M
1991-07-13,,M,NRFA,M
1991-07-14,,M,NRFA,M
1991-07-15,,M,NRFA,M
1991-07-16,,M,NRFA,M
1991-07-17,,M,NRFA,M
1991-07-18,,M,NRFA,M
1991-07-19,,M,NRFA,M
1991-07-20,,M,NRFA,M
1991-07-21,,M,NRFA,M
1991-07-22,,M,NRFA,M
1991-07-23,,M,NRFA,M
1991-07-24,,M,NRFA,M
1991-07-25,,M,NRFA,M
1991-07-26,,M,NRFA,M
1991-07-27,,M,NRFA,M
1991-07-28,,M,NRFA,M
1991-07-29,,M,NRFA,M
1991-07-30,,M,NRFA,M
1991-07-31,,M,NRFA,M
1991-08-01,,M,NRFA,M
1991-08-02,,M,NRFA,M
1991-08-03,,M,NRFA,M
1991-08-04,,M,NRFA,M
1991-08-05,,M,NRFA,M
1991-08-06,,M,NRFA,M
1991-08-07,,M,NRFA,M
1991-08-08,,M,NRFA,M
1991-08-09,,M,NRFA,M
1991-08-10,,M,NRFA,M
1991-08-11,,M,NRFA,M
1991-08-12,,M,NRFA,M
1991-08-13,,M,NRFA,M
1991-08-14,,M,NRFA,M
1991-08-15,,M,NRFA,M
1991-08-16,,M,NRFA,M
1991-08-17,,M,NRFA,M
1991-08-18,,M,NRFA,M
1991-08-19,,M,NRFA,M
1991-08-20,,M,NRFA,M
1991-08-21,,M,NRFA,M
1991-08-22,,M,NRFA,M
1991-08-23,,M,NRFA,M
1991-08-24,,M,NRFA,M
1991-08-25,,M,NRFA,M
1991-08-26,,M,NRFA,M
1991-08-27,,M,NRFA,M
1991-08-28,,M,NRFA,M
1991-08-29,,M,NRFA,M
1991-08-30,,M,NRFA,M
1991-08-31,,M,NRFA,M
1991-09-01,,M,NRFA,M
1991-09-02,,M,NRFA,M
1991-09-03,,M,NRFA,M
1991-09-04,,M,NRFA,M
1991-09-05,,M,NRFA,M
1991-09-06,,M,NRFA,M
1991-09-07,,M,NRFA,M
1991-09-08,,M,NRFA,M
1991-09-09,,M,NRFA,M
1991-09-10,,M,NRFA,M
1991-09-11,,M,NRFA,M
1991-09-12,,M,NRFA,M
1991-09-13,,M,NRFA,M
1991-09-14,,M,NRFA,M
1991-09-15,,M,NRFA,M
1991-09-16,,M,NRFA,M
1991-09-17,,M,NRFA,M
1991-09-18,,M,NRFA,M
1991-09-19,,M,NRFA,M
1991-09-20,,M,NRFA,M
1991-09-21,,M,NRFA,M
1991-09-22,,M,NRFA,M
1991-09-23,,M,NRFA,M
1991-09-24,,M,NRFA,M
1991-09-25,,M,NRFA,M
1991-09-26,,M,NRFA,M
1991-09-27,,M,NRFA,M
1991-09-28,,M,NRFA,M
1991-09-29,,M,NRFA,M
1991-09-30,,M,NRFA,M
1991-10-01,,M,NRFA,M
1991-10-02,,M,NRFA,M
1991-10-03,,M,NRFA,M
1991-10-04,,M,NRFA,M
1991-10-05,,M,NRFA,M
1991-10-06,,M,NRFA,M
1991-10-07,,M,NRFA,M
1991-10-08,,M,NRFA,M
1991-10-09,,M,NRFA,M
1991-10-10,,M,NRFA,M
1991-10-11,,M,NRFA,M
1991-10-12,,M,NRFA,M
1991-10-13,,M,NRFA,M
1991-10-14,,M,NRFA,M
1991-10-15,,M,NRFA,M
1991-10-16,,M,NRFA,M
1991-10-17,,M,NRFA,M
1991-10-18,,M,NRFA,M
1991-10-19,,M,NRFA,M
1991-10-20,,M,NRFA,M
1991-10-21,,M,NRFA,M
1991-10-22,,M,NRFA,M
1991-10-23,,M,NRFA,M
1991-10-24,,M,NRFA,M
1991-10-25,,M,NRFA,M
1991-10-26,,M,NRFA,M
1991-10-27,,M,NRFA,M
1991-10-28,,M,NRFA,M
1991-10-29,,M,NRFA,M
1991-10-30,,M,NRFA,M
1991-10-31,,M,NRFA,M
1991-11-01,,M,NRFA,M
1991-11-02,,M,NRFA,M
1991-11-03,,M,NRFA,M
1991-11-04,,M,NRFA,M
1991-11-05,,M,NRFA,M
1991-11-06,,M,NRFA,M
1991-11-07,,M,NRFA,M
1991-11-08,,M,NRFA,M
1991-11-09,,M,NRFA,M
1991-11-10,,M,NRFA,M
1991-11-11,,M,NRFA,M
1991-11-12,,M,NRFA,M
1991-11-13,,M,NRFA,M
1991-11-14,,M,NRFA,M
1991-11-15,,M,NRFA,M
1991-11-16,,M,NRFA,M
1991-11-17,,M,NRFA,M
1991-11-18,,M,NRFA,M
1991-11-19,,M,NRFA,M
1991-11-20,,M,NRFA,M
1991-11-21,,M,NRFA,M
1991-11-22,,M,NRFA,M
1991-11-23,,M,NRFA,M
1991-11-24,,M,NRFA,M
1991-11-25,,M,NRFA,M
1991-11-26,,M,NRFA,M
1991-11-27,,M,NRFA,M
1991-11-28,,M,NRFA,M
1991-11-29,,M,NRFA,M
1991-11-30,,M,NRFA,M
1991-12-01,,M,NRFA,M
1991-12-02,,M,NRFA,M
1991-12-03,,M,NRFA,M
1991-12-04,,M,NRFA,M
1991-12-05,,M,NRFA,M
1991-12-06,,M,NRFA,M
1991-12-07,,M,NRFA,M
1991-12-08,,M,NRFA,M
1991-12-09,,M,NRFA,M
1991-12-10,,M,NRFA,M
1991-12-11,,M,NRFA,M
1991-12-12,,M,NRFA,M
1991-12-13,,M,NRFA,M
1991-12-14,,M,NRFA,M
1991-12-15,,M,NRFA,M
1991-12-16,,M,NRFA,M
1991-12-17,,M,NRFA,M
1991-12-18,,M,NRFA,M
1991-12-19,,M,NRFA,M
1991-12-20,,M,NRFA,M
1991-12-21,,M,NRFA,M
1991-12-22,,M,NRFA,M
1991-12-23,,M,NRFA,M
1991-12-24,,M,NRFA,M
1991-12-25,,M,NRFA,M
1991-12-26,,M,NRFA,M
1991-12-27,,M,NRFA,M
1991-12-28,,M,NRFA,M
1991-12-29,,M,NRFA,M
1991-12-30,,M,NRFA,M
1991-12-31,,M,NRFA,M
1992-01-01,,M,NRFA,M
1992-01-02,,M,NRFA,M
1992-01-03,,M,NRFA,M
1992-01-04,,M,NRFA,M
1992-01-05,,M,NRFA,M
1992-01-06,,M,NRFA,M
1992-01-07,,M,NRFA,M
1992-01-08,,M,NRFA,M
1992-01-09,,M,NRFA,M
1992-01-10,,M,NRFA,M
1992-01-11,,M,NRFA,M
1992-01-12,,M,NRFA,M
1992-01-13,,M,NRFA,M
1992-01-14,,M,NRFA,M
1992-01-15,,M,NRFA,M
1992-01-16,,M,NRFA,M
1992-01-17,,M,NRFA,M
1992-01-18,,M,NRFA,M
1992-01-19,,M,NRFA,M
1992-01-20,,M,NRFA,M
1992-01-21,,M,NRFA,M
1992-01-22,,M,NRFA,M
1992-01-23,,M,NRFA,M
1992-01-24,,M,NRFA,M
1992-01-25,,M,NRFA,M
1992-01-26,,M,NRFA,M
1992-01-27,,M,NRFA,M
1992-01-28,,M,NRFA,M
1992-01-29,,M,NRFA,M
1992-01-30,,M,NRFA,M
1992-01-31,,M,NRFA,M
1992-02-01,,M,NRFA,M
1992-02-02,,M,NRFA,M
1992-02-03,,M,NRFA,M
1992-02-04,,M,NRFA,M
1992-02-05,,M,NRFA,M
1992-02-06,,M,NRFA,M
1992-02-07,,M,NRFA,M
1992-02-08,,M,NRFA,M
1992-02-09,,M,NRFA,M
1992-02-10,,M,NRFA,M
1992-02-11,,M,NRFA,M
1992-02-12,,M,NRFA,M
1992-02-13,,M,NRFA,M
1992-02-14,,M,NRFA,M
1992-02-15,,M,NRFA,M
1992-02-16,,M,NRFA,M
1992-02-17,,M,NRFA,M
1992-02-18,,M,NRFA,M
1992-02-19,,M,NRFA,M
1992-02-20,,M,NRFA,M
1992-02-21,,M,NRFA,M
1992-02-22,,M,NRFA,M
1992-02-23,,M,NRFA,M
1992-02-24,,M,NRFA,M
1992-02-25,,M,NRFA,M
1992-02-26,,M,NRFA,M
1992-02-27,,M,NRFA,M
1992-02-28,,M,NRFA,M
1992-02-29,,M,NRFA,M
1992-03-01,,M,NRFA,M
1992-03-02,,M,NRFA,M
1992-03-03,,M,NRFA,M
1992-03-04,,M,NRFA,M
1992-03-05,,M,NRFA,M
1992-03-06,,M,NRFA,M
1992-03-07,,M,NRFA,M
1992-03-08,,M,NRFA,M
1992-03-09,,M,NRFA,M
1992-03-10,,M,NRFA,M
1992-03-11,,M,NRFA,M
1992-03-12,,M,NRFA,M
1992-03-13,,M,NRFA,M
1992-03-14,,M,NRFA,M
1992-03-15,,M,NRFA,M
1992-03-16,,M,NRFA,M
1992-03-17,,M,NRFA,M
1992-03-18,,M,NRFA,M
1992-03-19,,M,NRFA,M
1992-03-20,,M,NRFA,M
1992-03-21,,M,NRFA,M
1992-03-22,,M,NRFA,M
1992-03-23,,M,NRFA,M
1992-03-24,,M,NRFA,M
1992-03-25,,M,NRFA,M
1992-03-26,,M,NRFA,M
1992-03-27,,M,NRFA,M
1992-03-28,,M,NRFA,M
1992-03-29,,M,NRFA,M
1992-03-30,,M,NRFA,M
1992-03-31,,M,NRFA,M
1992-04-01,,M,NRFA,M
1992-04-02,,M,NRFA,M
1992-04-03,,M,NRFA,M
1992-04-04,,M,NRFA,M
1992-04-05,,M,NRFA,M
1992-04-06,,M,NRFA,M
1992-04-07,,M,NRFA,M
1992-04-08,,M,NRFA,M
1992-04-09,,M,NRFA,M
1992-04-10,,M,NRFA,M
1992-04-11,,M,NRFA,M
1992-04-12,,M,NRFA,M
1992-04-13,,M,NRFA,M
1992-04-14,,M,NRFA,M
1992-04-15,,M,NRFA,M
1992-04-16,,M,NRFA,M
1992-04-17,,M,NRFA,M
1992-04-18,,M,NRFA,M
1992-04-19,,M,NRFA,M
1992-04-20,,M,NRFA,M
1992-04-21,,M,NRFA,M
1992-04-22,,M,NRFA,M
1992-04-23,,M,NRFA,M
1992-04-24,,M,NRFA,M
1992-04-25,,M,NRFA,M
1992-04-26,,M,NRFA,M
1992-04-27,,M,NRFA,M
1992-04-28,,M,NRFA,M
1992-04-29,,M,NRFA,M
1992-04-30,,M,NRFA,M
1992-05-01,,M,NRFA,M
1992-05-02,,M,NRFA,M
1992-05-03,,M,NRFA,M
1992-05-04,,M,NRFA,M
1992-05-05,,M,NRFA,M
1992-05-06,,M,NRFA,M
1992-05-07,,M,NRFA,M
1992-05-08,,M,NRFA,M
1992-05-09,,M,NRFA,M
1992-05-10,,M,NRFA,M
1992-05-11,,M,NRFA,M
1992-05-12,,M,NRFA,M
1992-05-13,,M,NRFA,M
1992-05-14,,M,NRFA,M
1992-05-15,,M,NRFA,M
1992-05-16,,M,NRFA,M
1992-05-17,,M,NRFA,M
1992-05-18,,M,NRFA,M
1992-05-19,,M,NRFA,M
1992-05-20,,M,NRFA,M
1992-05-21,,M,NRFA,M
1992-05-22,,M,NRFA,M
1992-05-23,,M,NRFA,M
1992-05-24,,M,NRFA,M
1992-05-25,,M,NRFA,M
1992-05-26,,M,NRFA,M
1992-05-27,,M,NRFA,M
1992-05-28,,M,NRFA,M
1992-05-29,,M,NRFA,M
1992-05-30,,M,NRFA,M
1992-05-31,,M,NRFA,M
1992-06-01,,M,NRFA,M
1992-06-02,,M,NRFA,M
1992-06-03,,M,NRFA,M
1992-06-04,,M,NRFA,M
1992-06-05,,M,NRFA,M
1992-06-06,,M,NRFA,M
1992-06-07,,M,NRFA,M
1992-06-08,,M,NRFA,M
1992-06-09,,M,NRFA,M
1992-06-10,,M,NRFA,M
1992-06-11,,M,NRFA,M
1992-06-12,,M,NRFA,M
1992-06-13,,M,NRFA,M
1992-06-14,,M,NRFA,M
1992-06-15,,M,NRFA,M
1992-06-16,,M,NRFA,M
1992-06-17,,M,NRFA,M
1992-06-18,,M,NRFA,M
1992-06-19,,M,NRFA,M
1992-06-20,,M,NRFA,M
1992-06-21,,M,NRFA,M
1992-06-22,,M,NRFA,M
1992-06-23,,M,NRFA,M
1992-06-24,,M,NRFA,M
1992-06-25,,M,NRFA,M
1992-06-26,,M,NRFA,M
1992-06-27,,M,NRFA,M
1992-06-28,,M,NRFA,M
1992-06-29,,M,NRFA,M
1992-06-30,,M,NRFA,M
1992-07-01,,M,NRFA,M
1992-07-02,,M,NRFA,M
1992-07-03,,M,NRFA,M
1992-07-04,,M,NRFA,M
1992-07-05,,M,NRFA,M
1992-07-06,,M,NRFA,M
1992-07-07,,M,NRFA,M
1992-07-08,,M,NRFA,M
1992-07-09,,M,NRFA,M
1992-07-10,,M,NRFA,M
1992-07-11,,M,NRFA,M
1992-07-12,,M,NRFA,M
1992-07-13,,M,NRFA,M
1992-07-14,,M,NRFA,M
1992-07-15,,M,NRFA,M
1992-07-16,,M,NRFA,M
1992-07-17,,M,NRFA,M
1992-07-18,,M,NRFA,M
1992-07-19,,M,NRFA,M
1992-07-20,,M,NRFA,M
1992-07-21,,M,NRFA,M
1992-07-22,,M,NRFA,M
1992-07-23,,M,NRFA,M
1992-07-24,,M,NRFA,M
1992-07-25,,M,NRFA,M
1992-07-26,,M,NRFA,M
1992-07-27,,M,NRFA,M
1992-07-28,,M,NRFA,M
1992-07-29,,M,NRFA,M
1992-07-30,,M,NRFA,M
1992-07-31,,M,NRFA,M
1992-08-01,,M,NRFA,M
1992-08-02,,M,NRFA,M
1992-08-03,,M,NRFA,M
1992-08-04,,M,NRFA,M
1992-08-05,,M,NRFA,M
1992-08-06,,M,NRFA,M
1992-08-07,,M,NRFA,M
1992-08-08,,M,NRFA,M
1992-08-09,,M,NRFA,M
1992-08-10,,M,NRFA,M
1992-08-11,,M,NRFA,M
1992-08-12,,M,NRFA,M
1992-08-13,,M,NRFA,M
1992-08-14,,M,NRFA,M
1992-08-15,,M,NRFA,M
1992-08-16,,M,NRFA,M
1992-08-17,,M,NRFA,M
1992-08-18,,M,NRFA,M
1992-08-19,,M,NRFA,M
1992-08-20,,M,NRFA,M
1992-08-21,,M,NRFA,M
1992-08-22,,M,NRFA,M
1992-08-23,,M,NRFA,M
1992-08-24,,M,NRFA,M
1992-08-25,,M,NRFA,M
1992-08-26,,M,NRFA,M
1992-08-27,,M,NRFA,M
1992-08-28,,M,NRFA,M
1992-08-29,,M,NRFA,M
1992-08-30,,M,NRFA,M
1992-08-31,,M,NRFA,M
1992-09-01,,M,NRFA,M
1992-09-02,,M,NRFA,M
1992-09-03,,M,NRFA,M
1992-09-04,,M,NRFA,M
1992-09-05,,M,NRFA,M
1992-09-06,,M,NRFA,M
1992-09-07,,M,NRFA,M
1992-09-08,,M,NRFA,M
1992-09-09,,M,NRFA,M
1992-09-10,,M,NRFA,M
1992-09-11,,M,NRFA,M
1992-09-12,,M,NRFA,M
1992-09-13,,M,NRFA,M
1992-09-14,,M,NRFA,M
1992-09-15,,M,NRFA,M
1992-09-16,,M,NRFA,M
1992-09-17,,M,NRFA,M
1992-09-18,,M,NRFA,M
1992-09-19,,M,NRFA,M
1992-09-20,,M,NRFA,M
1992-09-21,,M,NRFA,M
1992-09-22,,M,NRFA,M
1992-09-23,,M,NRFA,M
1992-09-24,,M,NRFA,M
1992-09-25,,M,NRFA,M
1992-09-26,,M,NRFA,M
1992-09-27,,M,NRFA,M
1992-09-28,,M,NRFA,M
1992-09-29,,M,NRFA,M
1992-09-30,,M,NRFA,M
1992-10-01,,M,NRFA,M
1992-10-02,,M,NRFA,M
1992-10-03,,M,NRFA,M
1992-10-04,,M,NRFA,M
1992-10-05,,M,NRFA,M
1992-10-06,,M,NRFA,M
1992-10-07,,M,NRFA,M
1992-10-08,,M,NRFA,M
1992-10-09,,M,NRFA,M
1992-10-10,,M,NRFA,M
1992-10-11,,M,NRFA,M
1992-10-12,,M,NRFA,M
1992-10-13,,M,NRFA,M
1992-10-14,,M,NRFA,M
1992-10-15,,M,NRFA,M
1992-10-16,,M,NRFA,M
1992-10-17,,M,NRFA,M
1992-10-18,,M,NRFA,M
1992-10-19,,M,NRFA,M
1992-10-20,,M,NRFA,M
1992-10-21,,M,NRFA,M
1992-10-22,,M,NRFA,M
1992-10-23,,M,NRFA,M
1992-10-24,,M,NRFA,M
1992-10-25,,M,NRFA,M
1992-10-26,,M,NRFA,M
1992-10-27,,M,NRFA,M
1992-10-28,,M,NRFA,M
1992-10-29,,M,NRFA,M
1992-10-30,,M,NRFA,M
1992-10-31,,M,NRFA,M
1992-11-01,,M,NRFA,M
1992-11-02,,M,NRFA,M
1992-11-03,,M,NRFA,M
1992-11-04,,M,NRFA,M
1992-11-05,,M,NRFA,M
1992-11-06,,M,NRFA,M
1992-11-07,,M,NRFA,M
1992-11-08,,M,NRFA,M
1992-11-09,,M,NRFA,M
1992-11-10,,M,NRFA,M
1992-11-11,,M,NRFA,M
1992-11-12,,M,NRFA,M
1992-11-13,,M,NRFA,M
1992-11-14,,M,NRFA,M
1992-11-15,,M,NRFA,M
1992-11-16,,M,NRFA,M
1992-11-17,,M,NRFA,M
1992-11-18,,M,NRFA,M
1992-11-19,,M,NRFA,M
1992-11-20,,M,NRFA,M
1992-11-21,,M,NRFA,M
1992-11-22,,M,NRFA,M
1992-11-23,,M,NRFA,M
1992-11-24,,M,NRFA,M
1992-11-25,,M,NRFA,M
1992-11-26,,M,NRFA,M
1992-11-27,,M,NRFA,M
1992-11-28,,M,NRFA,M
1992-11-29,,M,NRFA,M
1992-11-30,,M,NRFA,M
1992-12-01,,M,NRFA,M
1992-12-02,,M,NRFA,M
1992-12-03,,M,NRFA,M
1992-12-04,,M,NRFA,M
1992-12-05,,M,NRFA,M
1992-12-06,,M,NRFA,M
1992-12-07,,M,NRFA,M
1992-12-08,,M,NRFA,M
1992-12-09,,M,NRFA,M
1992-12-10,,M,NRFA,M
1992-12-11,,M,NRFA,M
1992-12-12,,M,NRFA,M
1992-12-13,,M,NRFA,M
1992-12-14,,M,NRFA,M
1992-12-15,,M,NRFA,M
1992-12-16,,M,NRFA,M
1992-12-17,,M,NRFA,M
1992-12-18,,M,NRFA,M
1992-12-19,,M,NRFA,M
1992-12-20,,M,NRFA,M
1992-12-21,,M,NRFA,M
1992-12-22,,M,NRFA,M
1992-12-23,,M,NRFA,M
1992-12-24,,M,NRFA,M
1992-12-25,,M,NRFA,M
1992-12-26,,M,NRFA,M
1992-12-27,,M,NRFA,M
1992-12-28,,M,NRFA,M
1992-12-29,,M,NRFA,M
1992-12-30,,M,NRFA,M
1992-12-31,,M,NRFA,M
1993-01-01,,M,NRFA,M
1993-01-02,,M,NRFA,M
1993-01-03,,M,NRFA,M
1993-01-04,,M,NRFA,M
1993-01-05,,M,NRFA,M
1993-01-06,,M,NRFA,M
1993-01-07,,M,NRFA,M
1993-01-08,,M,NRFA,M
1993-01-09,,M,NRFA,M
1993-01-10,,M,NRFA,M
1993-01-11,,M,NRFA,M
1993-01-12,,M,NRFA,M
1993-01-13,,M,NRFA,M
1993-01-14,,M,NRFA,M
1993-01-15,,M,NRFA,M
1993-01-16,,M,NRFA,M
1993-01-17,,M,NRFA,M
1993-01-18,,M,NRFA,M
1993-01-19,,M,NRFA,M
1993-01-20,,M,NRFA,M
1993-01-21,,M,NRFA,M
1993-01-22,,M,NRFA,M
1993-01-23,,M,NRFA,M
1993-01-24,,M,NRFA,M
1993-01-25,,M,NRFA,M
1993-01-26,,M,NRFA,M
1993-01-27,,M,NRFA,M
1993-01-28,,M,NRFA,M
1993-01-29,,M,NRFA,M
1993-01-30,,M,NRFA,M
1993-01-31,,M,NRFA,M
1993-02-01,,M,NRFA,M
1993-02-02,,M,NRFA,M
1993-02-03,,M,NRFA,M
1993-02-04,,M,NRFA,M
1993-02-05,,M,NRFA,M
1993-02-06,,M,NRFA,M
1993-02-07,,M,NRFA,M
1993-02-08,,M,NRFA,M
1993-02-09,,M,NRFA,M
1993-02-10,,M,NRFA,M
1993-02-11,,M,NRFA,M
1993-02-12,,M,NRFA,M
1993-02-13,,M,NRFA,M
1993-02-14,,M,NRFA,M
1993-02-15,,M,NRFA,M
1993-02-16,,M,NRFA,M
1993-02-17,,M,NRFA,M
1993-02-18,,M,NRFA,M
1993-02-19,,M,NRFA,M
1993-02-20,,M,NRFA,M
1993-02-21,,M,NRFA,M
1993-02-22,,M,NRFA,M
1993-02-23,,M,NRFA,M
1993-02-24,,M,NRFA,M
1993-02-25,,M,NRFA,M
1993-02-26,,M,NRFA,M
1993-02-27,,M,NRFA,M
1993-02-28,,M,NRFA,M
1993-03-01,,M,NRFA,M
1993-03-02,,M,NRFA,M
1993-03-03,,M,NRFA,M
1993-03-04,,M,NRFA,M
1993-03-05,,M,NRFA,M
1993-03-06,,M,NRFA,M
1993-03-07,,M,NRFA,M
1993-03-08,,M,NRFA,M
1993-03-09,,M,NRFA,M
1993-03-10,,M,NRFA,M
1993-03-11,,M,NRFA,M
1993-03-12,,M,NRFA,M
1993-03-13,,M,NRFA,M
1993-03-14,,M,NRFA,M
1993-03-15,,M,NRFA,M
1993-03-16,,M,NRFA,M
1993-03-17,,M,NRFA,M
1993-03-18,,M,NRFA,M
1993-03-19,,M,NRFA,M
1993-03-20,,M,NRFA,M
1993-03-21,,M,NRFA,M
1993-03-22,,M,NRFA,M
1993-03-23,,M,NRFA,M
1993-03-24,,M,NRFA,M
1993-03-25,,M,NRFA,M
1993-03-26,,M,NRFA,M
1993-03-27,,M,NRFA,M
1993-03-28,,M,NRFA,M
1993-03-29,,M,NRFA,M
1993-03-30,,M,NRFA,M
1993-03-31,,M,NRFA,M
1993-04-01,,M,NRFA,M
1993-04-02,,M,NRFA,M
1993-04-03,,M,NRFA,M
1993-04-04,,M,NRFA,M
1993-04-05,,M,NRFA,M
1993-04-06,,M,NRFA,M
1993-04-07,,M,NRFA,M
1993-04-08,,M,NRFA,M
1993-04-09,,M,NRFA,M
1993-04-10,,M,NRFA,M
1993-04-11,,M,NRFA,M
1993-04-12,,M,NRFA,M
1993-04-13,,M,NRFA,M
1993-04-14,,M,NRFA,M
1993-04-15,,M,NRFA,M
1993-04-16,,M,NRFA,M
1993-04-17,,M,NRFA,M
1993-04-18,,M,NRFA,M
1993-04-19,,M,NRFA,M
1993-04-20,,M,NRFA,M
1993-04-21,,M,NRFA,M
1993-04-22,,M,NRFA,M
1993-04-23,,M,NRFA,M
1993-04-24,,M,NRFA,M
1993-04-25,,M,NRFA,M
1993-04-26,,M,NRFA,M
1993-04-27,,M,NRFA,M
1993-04-28,,M,NRFA,M
1993-04-29,,M,NRFA,M
1993-04-30,,M,NRFA,M
1993-05-01,,M,NRFA,M
1993-05-02,,M,NRFA,M
1993-05-03,,M,NRFA,M
1993-05-04,,M,NRFA,M
1993-05-05,,M,NRFA,M
1993-05-06,,M,NRFA,M
1993-05-07,,M,NRFA,M
1993-05-08,,M,NRFA,M
1993-05-09,,M,NRFA,M
1993-05-10,,M,NRFA,M
1993-05-11,,M,NRFA,M
1993-05-12,,M,NRFA,M
1993-05-13,,M,NRFA,M
1993-05-14,,M,NRFA,M
1993-05-15,,M,NRFA,M
1993-05-16,,M,NRFA,M
1993-05-17,,M,NRFA,M
1993-05-18,,M,NRFA,M
1993-05-19,,M,NRFA,M
1993-05-20,,M,NRFA,M
1993-05-21,,M,NRFA,M
1993-05-22,,M,NRFA,M
1993-05-23,,M,NRFA,M
1993-05-24,,M,NRFA,M
1993-05-25,,M,NRFA,M
1993-05-26,,M,NRFA,M
1993-05-27,,M,NRFA,M
1993-05-28,,M,NRFA,M
1993-05-29,,M,NRFA,M
1993-05-30,,M,NRFA,M
1993-05-31,,M,NRFA,M
1993-06-01,,M,NRFA,M
1993-06-02,,M,NRFA,M
1993-06-03,,M,NRFA,M
1993-06-04,,M,NRFA,M
1993-06-05,,M,NRFA,M
1993-06-06,,M,NRFA,M
1993-06-07,,M,NRFA,M
1993-06-08,,M,NRFA,M
1993-06-09,,M,NRFA,M
1993-06-10,,M,NRFA,M
1993-06-11,,M,NRFA,M
1993-06-12,,M,NRFA,M
1993-06-13,,M,NRFA,M
1993-06-14,,M,NRFA,M
1993-06-15,,M,NRFA,M
1993-06-16,,M,NRFA,M
1993-06-17,,M,NRFA,M
1993-06-18,,M,NRFA,M
1993-06-19,,M,NRFA,M
1993-06-20,,M,NRFA,M
1993-06-21,,M,NRFA,M
1993-06-22,,M,NRFA,M
1993-06-23,,M,NRFA,M
1993-06-24,,M,NRFA,M
1993-06-25,,M,NRFA,M
1993-06-26,,M,NRFA,M
1993-06-27,,M,NRFA,M
1993-06-28,,M,NRFA,M
1993-06-29,,M,NRFA,M
1993-06-30,,M,NRFA,M
1993-07-01,,M,NRFA,M
1993-07-02,,M,NRFA,M
1993-07-03,,M,NRFA,M
1993-07-04,,M,NRFA,M
1993-07-05,,M,NRFA,M
1993-07-06,,M,NRFA,M
1993-07-07,,M,NRFA,M
1993-07-08,,M,NRFA,M
1993-07-09,,M,NRFA,M
1993-07-10,,M,NRFA,M
1993-07-11,,M,NRFA,M
1993-07-12,,M,NRFA,M
1993-07-13,,M,NRFA,M
1993-07-14,,M,NRFA,M
1993-07-15,,M,NRFA,M
1993-07-16,,M,NRFA,M
1993-07-17,,M,NRFA,M
1993-07-18,,M,NRFA,M
1993-07-19,,M,NRFA,M
1993-07-20,,M,NRFA,M
1993-07-21,,M,NRFA,M
1993-07-22,,M,NRFA,M
1993-07-23,,M,NRFA,M
1993-07-24,,M,NRFA,M
1993-07-25,,M,NRFA,M
1993-07-26,,M,NRFA,M
1993-07-27,,M,NRFA,M
1993-07-28,,M,NRFA,M
1993-07-29,,M,NRFA,M
1993-07-30,,M,NRFA,M
1993-07-31,,M,NRFA,M
1993-08-01,,M,NRFA,M
1993-08-02,,M,NRFA,M
1993-08-03,,M,NRFA,M
1993-08-04,,M,NRFA,M
1993-08-05,,M,NRFA,M
1993-08-06,,M,NRFA,M
1993-08-07,,M,NRFA,M
1993-08-08,,M,NRFA,M
1993-08-09,,M,NRFA,M
1993-08-10,,M,NRFA,M
1993-08-11,,M,NRFA,M
1993-08-12,,M,NRFA,M
1993-08-13,,M,NRFA,M
1993-08-14,,M,NRFA,M
1993-08-15,,M,NRFA,M
1993-08-16,,M,NRFA,M
1993-08-17,,M,NRFA,M
1993-08-18,,M,NRFA,M
1993-08-19,,M,NRFA,M
1993-08-20,,M,NRFA,M
1993-08-21,,M,NRFA,M
1993-08-22,,M,NRFA,M
1993-08-23,,M,NRFA,M
1993-08-24,,M,NRFA,M
1993-08-25,,M,NRFA,M
1993-08-26,,M,NRFA,M
1993-08-27,,M,NRFA,M
1993-08-28,,M,NRFA,M
1993-08-29,,M,NRFA,M
1993-08-30,,M,NRFA,M
1993-08-31,,M,NRFA,M
1993-09-01,,M,NRFA,M
1993-09-02,,M,NRFA,M
1993-09-03,,M,NRFA,M
1993-09-04,,M,NRFA,M
1993-09-05,,M,NRFA,M
1993-09-06,,M,NRFA,M
1993-09-07,,M,NRFA,M
1993-09-08,,M,NRFA,M
1993-09-09,,M,NRFA,M
1993-09-10,,M,NRFA,M
1993-09-11,,M,NRFA,M
1993-09-12,,M,NRFA,M
1993-09-13,,M,NRFA,M
1993-09-14,,M,NRFA,M
1993-09-15,,M,NRFA,M
1993-09-16,,M,NRFA,M
1993-09-17,,M,NRFA,M
1993-09-18,,M,NRFA,M
1993-09-19,,M,NRFA,M
1993-09-20,,M,NRFA,M
1993-09-21,,M,NRFA,M
1993-09-22,,M,NRFA,M
1993-09-23,,M,NRFA,M
1993-09-24,,M,NRFA,M
1993-09-25,,M,NRFA,M
1993-09-26,,M,NRFA,M
1993-09-27,,M,NRFA,M
1993-09-28,,M,NRFA,M
1993-09-29,,M,NRFA,M
1993-09-30,,M,NRFA,M
1993-10-01,,M,NRFA,M
1993-10-02,,M,NRFA,M
1993-10-03,,M,NRFA,M
1993-10-04,,M,NRFA,M
1993-10-05,,M,NRFA,M
1993-10-06,,M,NRFA,M
1993-10-07,,M,NRFA,M
1993-10-08,,M,NRFA,M
1993-10-09,,M,NRFA,M
1993-10-10,,M,NRFA,M
1993-10-11,,M,NRFA,M
1993-10-12,,M,NRFA,M
1993-10-13,,M,NRFA,M
1993-10-14,,M,NRFA,M
1993-10-15,,M,NRFA,M
1993-10-16,,M,NRFA,M
1993-10-17,,M,NRFA,M
1993-10-18,,M,NRFA,M
1993-10-19,,M,NRFA,M
1993-10-20,,M,NRFA,M
1993-10-21,,M,NRFA,M
1993-10-22,,M,NRFA,M
1993-10-23,,M,NRFA,M
1993-10-24,,M,NRFA,M
1993-10-25,,M,NRFA,M
1993-10-26,,M,NRFA,M
1993-10-27,,M,NRFA,M
1993-10-28,,M,NRFA,M
1993-10-29,,M,NRFA,M
1993-10-30,,M,NRFA,M
1993-10-31,,M,NRFA,M
1993-11-01,,M,NRFA,M
1993-11-02,,M,NRFA,M
1993-11-03,,M,NRFA,M
1993-11-04,,M,NRFA,M
1993-11-05,,M,NRFA,M
1993-11-06,,M,NRFA,M
1993-11-07,,M,NRFA,M
1993-11-08,,M,NRFA,M
1993-11-09,,M,NRFA,M
1993-11-10,,M,NRFA,M
1993-11-11,,M,NRFA,M
1993-11-12,,M,NRFA,M
1993-11-13,,M,NRFA,M
1993-11-14,,M,NRFA,M
1993-11-15,,M,NRFA,M
1993-11-16,,M,NRFA,M
1993-11-17,,M,NRFA,M
1993-11-18,,M,NRFA,M
1993-11-19,,M,NRFA,M
1993-11-20,,M,NRFA,M
1993-11-21,,M,NRFA,M
1993-11-22,,M,NRFA,M
1993-11-23,,M,NRFA,M
1993-11-24,,M,NRFA,M
1993-11-25,,M,NRFA,M
1993-11-26,,M,NRFA,M
1993-11-27,,M,NRFA,M
1993-11-28,,M,NRFA,M
1993-11-29,,M,NRFA,M
1993-11-30,,M,NRFA,M
1993-12-01,,M,NRFA,M
1993-12-02,,M,NRFA,M
1993-12-03,,M,NRFA,M
1993-12-04,,M,NRFA,M
1993-12-05,,M,NRFA,M
1993-12-06,,M,NRFA,M
1993-12-07,,M,NRFA,M
1993-12-08,,M,NRFA,M
1993-12-09,,M,NRFA,M
1993-12-10,,M,NRFA,M
1993-12-11,,M,NRFA,M
1993-12-12,,M,NRFA,M
1993-12-13,,M,NRFA,M
1993-12-14,,M,NRFA,M
1993-12-15,,M,NRFA,M
1993-12-16,,M,NRFA,M
1993-12-17,,M,NRFA,M
1993-12-18,,M,NRFA,M
1993-12-19,,M,NRFA,M
1993-12-20,,M,NRFA,M
1993-12-21,,M,NRFA,M
1993-12-22,,M,NRFA,M
1993-12-23,,M,NRFA,M
1993-12-24,,M,NRFA,M
1993-12-25,,M,NRFA,M
1993-12-26,,M,NRFA,M
1993-12-27,,M,NRFA,M
1993-12-28,,M,NRFA,M
1993-12-29,,M,NRFA,M
1993-12-30,,M,NRFA,M
1993-12-31,,M,NRFA,M
1994-01-01,,M,NRFA,M
1994-01-02,,M,NRFA,M
1994-01-03,,M,NRFA,M
1994-01-04,,M,NRFA,M
1994-01-05,,M,NRFA,M
1994-01-06,,M,NRFA,M
1994-01-07,,M,NRFA,M
1994-01-08,,M,NRFA,M
1994-01-09,,M,NRFA,M
1994-01-10,,M,NRFA,M
1994-01-11,,M,NRFA,M
1994-01-12,,M,NRFA,M
1994-01-13,,M,NRFA,M
1994-01-14,,M,NRFA,M
1994-01-15,,M,NRFA,M
1994-01-16,,M,NRFA,M
1994-01-17,,M,NRFA,M
1994-01-18,,M,NRFA,M
1994-01-19,,M,NRFA,M
1994-01-20,,M,NRFA,M
1994-01-21,,M,NRFA,M
1994-01-22,,M,NRFA,M
1994-01-23,,M,NRFA,M
1994-01-24,,M,NRFA,M
1994-01-25,,M,NRFA,M
1994-01-26,,M,NRFA,M
1994-01-27,,M,NRFA,M
1994-01-28,,M,NRFA,M
1994-01-29,,M,NRFA,M
1994-01-30,,M,NRFA,M
1994-01-31,,M,NRFA,M
1994-02-01,,M,NRFA,M
1994-02-02,,M,NRFA,M
1994-02-03,,M,NRFA,M
1994-02-04,,M,NRFA,M
1994-02-05,,M,NRFA,M
1994-02-06,,M,NRFA,M
1994-02-07,,M,NRFA,M
1994-02-08,,M,NRFA,M
1994-02-09,,M,NRFA,M
1994-02-10,,M,NRFA,M
1994-02-11,,M,NRFA,M
1994-02-12,,M,NRFA,M
1994-02-13,,M,NRFA,M
1994-02-14,,M,NRFA,M
1994-02-15,,M,NRFA,M
1994-02-16,,M,NRFA,M
1994-02-17,,M,NRFA,M
1994-02-18,,M,NRFA,M
1994-02-19,,M,NRFA,M
1994-02-20,,M,NRFA,M
1994-02-21,,M,NRFA,M
1994-02-22,,M,NRFA,M
1994-02-23,,M,NRFA,M
1994-02-24,,M,NRFA,M
1994-02-25,,M,NRFA,M
1994-02-26,,M,NRFA,M
1994-02-27,,M,NRFA,M
1994-02-28,,M,NRFA,M
1994-03-01,,M,NRFA,M
1994-03-02,,M,NRFA,M
1994-03-03,,M,NRFA,M
1994-03-04,,M,NRFA,M
1994-03-05,,M,NRFA,M
1994-03-06,,M,NRFA,M
1994-03-07,,M,NRFA,M
1994-03-08,,M,NRFA,M
1994-03-09,,M,NRFA,M
1994-03-10,,M,NRFA,M
1994-03-11,,M,NRFA,M
1994-03-12,,M,NRFA,M
1994-03-13,,M,NRFA,M
1994-03-14,,M,NRFA,M
1994-03-15,,M,NRFA,M
1994-03-16,,M,NRFA,M
1994-03-17,,M,NRFA,M
1994-03-18,,M,NRFA,M
1994-03-19,,M,NRFA,M
1994-03-20,,M,NRFA,M
1994-03-21,,M,NRFA,M
1994-03-22,,M,NRFA,M
1994-03-23,,M,NRFA,M
1994-03-24,,M,NRFA,M
1994-03-25,,M,NRFA,M
1994-03-26,,M,NRFA,M
1994-03-27,,M,NRFA,M
1994-03-28,,M,NRFA,M
1994-03-29,,M,NRFA,M
1994-03-30,,M,NRFA,M
1994-03-31,,M,NRFA,M
1994-04-01,,M,NRFA,M
1994-04-02,,M,NRFA,M
1994-04-03,,M,NRFA,M
1994-04-04,,M,NRFA,M
1994-04-05,,M,NRFA,M
1994-04-06,,M,NRFA,M
1994-04-07,,M,NRFA,M
1994-04-08,,M,NRFA,M
1994-04-09,,M,NRFA,M
1994-04-10,,M,NRFA,M
1994-04-11,,M,NRFA,M
1994-04-12,,M,NRFA,M
1994-04-13,,M,NRFA,M
1994-04-14,,M,NRFA,M
1994-04-15,,M,NRFA,M
1994-04-16,,M,NRFA,M
1994-04-17,,M,NRFA,M
1994-04-18,,M,NRFA,M
1994-04-19,,M,NRFA,M
1994-04-20,,M,NRFA,M
1994-04-21,,M,NRFA,M
1994-04-22,,M,NRFA,M
1994-04-23,,M,NRFA,M
1994-04-24,,M,NRFA,M
1994-04-25,,M,NRFA,M
1994-04-26,,M,NRFA,M
1994-04-27,,M,NRFA,M
1994-04-28,,M,NRFA,M
1994-04-29,,M,NRFA,M
1994-04-30,,M,NRFA,M
1994-05-01,,M,NRFA,M
1994-05-02,,M,NRFA,M
1994-05-03,,M,NRFA,M
1994-05-04,,M,NRFA,M
1994-05-05,,M,NRFA,M
1994-05-06,,M,NRFA,M
1994-05-07,,M,NRFA,M
1994-05-08,,M,NRFA,M
1994-05-09,,M,NRFA,M
1994-05-10,,M,NRFA,M
1994-05-11,,M,NRFA,M
1994-05-12,,M,NRFA,M
1994-05-13,,M,NRFA,M
1994-05-14,,M,NRFA,M
1994-05-15,,M,NRFA,M
1994-05-16,,M,NRFA,M
1994-05-17,,M,NRFA,M
1994-05-18,,M,NRFA,M
1994-05-19,,M,NRFA,M
1994-05-20,,M,NRFA,M
1994-05-21,,M,NRFA,M
1994-05-22,,M,NRFA,M
1994-05-23,,M,NRFA,M
1994-05-24,,M,NRFA,M
1994-05-25,,M,NRFA,M
1994-05-26,,M,NRFA,M
1994-05-27,,M,NRFA,M
1994-05-28,,M,NRFA,M
1994-05-29,,M,NRFA,M
1994-05-30,,M,NRFA,M
1994-05-31,,M,NRFA,M
1994-06-01,,M,NRFA,M
1994-06-02,,M,NRFA,M
1994-06-03,,M,NRFA,M
1994-06-04,,M,NRFA,M
1994-06-05,,M,NRFA,M
1994-06-06,,M,NRFA,M
1994-06-07,,M,NRFA,M
1994-06-08,,M,NRFA,M
1994-06-09,,M,NRFA,M
1994-06-10,,M,NRFA,M
1994-06-11,,M,NRFA,M
1994-06-12,,M,NRFA,M
1994-06-13,,M,NRFA,M
1994-06-14,,M,NRFA,M
1994-06-15,,M,NRFA,M
1994-06-16,,M,NRFA,M
1994-06-17,,M,NRFA,M
1994-06-18,,M,NRFA,M
1994-06-19,,M,NRFA,M
1994-06-20,,M,NRFA,M
1994-06-21,,M,NRFA,M
1994-06-22,,M,NRFA,M
1994-06-23,,M,NRFA,M
1994-06-24,,M,NRFA,M
1994-06-25,,M,NRFA,M
1994-06-26,,M,NRFA,M
1994-06-27,,M,NRFA,M
1994-06-28,,M,NRFA,M
1994-06-29,,M,NRFA,M
1994-06-30,,M,NRFA,M
1994-07-01,,M,NRFA,M
1994-07-02,,M,NRFA,M
1994-07-03,,M,NRFA,M
1994-07-04,,M,NRFA,M
1994-07-05,,M,NRFA,M
1994-07-06,,M,NRFA,M
1994-07-07,,M,NRFA,M
1994-07-08,,M,NRFA,M
1994-07-09,,M,NRFA,M
1994-07-10,,M,NRFA,M
1994-07-11,,M,NRFA,M
1994-07-12,,M,NRFA,M
1994-07-13,,M,NRFA,M
1994-07-14,,M,NRFA,M
1994-07-15,,M,NRFA,M
1994-07-16,,M,NRFA,M
1994-07-17,,M,NRFA,M
1994-07-18,,M,NRFA,M
1994-07-19,,M,NRFA,M
1994-07-20,,M,NRFA,M
1994-07-21,,M,NRFA,M
1994-07-22,,M,NRFA,M
1994-07-23,,M,NRFA,M
1994-07-24,,M,NRFA,M
1994-07-25,,M,NRFA,M
1994-07-26,,M,NRFA,M
1994-07-27,,M,NRFA,M
1994-07-28,,M,NRFA,M
1994-07-29,,M,NRFA,M
1994-07-30,,M,NRFA,M
1994-07-31,,M,NRFA,M
1994-08-01,,M,NRFA,M
1994-08-02,,M,NRFA,M
1994-08-03,,M,NRFA,M
1994-08-04,,M,NRFA,M
1994-08-05,,M,NRFA,M
1994-08-06,,M,NRFA,M
1994-08-07,,M,NRFA,M
1994-08-08,,M,NRFA,M
1994-08-09,,M,NRFA,M
1994-08-10,,M,NRFA,M
1994-08-11,,M,NRFA,M
1994-08-12,,M,NRFA,M
1994-08-13,,M,NRFA,M
1994-08-14,,M,NRFA,M
1994-08-15,,M,NRFA,M
1994-08-16,,M,NRFA,M
1994-08-17,,M,NRFA,M
1994-08-18,,M,NRFA,M
1994-08-19,,M,NRFA,M
1994-08-20,,M,NRFA,M
1994-08-21,,M,NRFA,M
1994-08-22,,M,NRFA,M
1994-08-23,,M,NRFA,M
1994-08-24,,M,NRFA,M
1994-08-25,,M,NRFA,M
1994-08-26,,M,NRFA,M
1994-08-27,,M,NRFA,M
1994-08-28,,M,NRFA,M
1994-08-29,,M,NRFA,M
1994-08-30,,M,NRFA,M
1994-08-31,,M,NRFA,M
1994-09-01,,M,NRFA,M
1994-09-02,,M,NRFA,M
1994-09-03,,M,NRFA,M
1994-09-04,,M,NRFA,M
1994-09-05,,M,NRFA,M
1994-09-06,,M,NRFA,M
1994-09-07,,M,NRFA,M
1994-09-08,,M,NRFA,M
1994-09-09,,M,NRFA,M
1994-09-10,,M,NRFA,M
1994-09-11,,M,NRFA,M
1994-09-12,,M,NRFA,M
1994-09-13,,M,NRFA,M
1994-09-14,,M,NRFA,M
1994-09-15,,M,NRFA,M
1994-09-16,,M,NRFA,M
1994-09-17,,M,NRFA,M
1994-09-18,,M,NRFA,M
1994-09-19,,M,NRFA,M
1994-09-20,,M,NRFA,M
1994-09-21,,M,NRFA,M
1994-09-22,,M,NRFA,M
1994-09-23,,M,NRFA,M
1994-09-24,,M,NRFA,M
1994-09-25,,M,NRFA,M
1994-09-26,,M,NRFA,M
1994-09-27,,M,NRFA,M
1994-09-28,,M,NRFA,M
1994-09-29,,M,NRFA,M
1994-09-30,,M,NRFA,M
1994-10-01,,M,NRFA,M
1994-10-02,,M,NRFA,M
1994-10-03,,M,NRFA,M
1994-10-04,,M,NRFA,M
1994-10-05,,M,NRFA,M
1994-10-06,,M,NRFA,M
1994-10-07,,M,NRFA,M
1994-10-08,,M,NRFA,M
1994-10-09,,M,NRFA,M
1994-10-10,,M,NRFA,M
1994-10-11,,M,NRFA,M
1994-10-12,,M,NRFA,M
1994-10-13,,M,NRFA,M
1994-10-14,,M,NRFA,M
1994-10-15,,M,NRFA,M
1994-10-16,,M,NRFA,M
1994-10-17,,M,NRFA,M
1994-10-18,,M,NRFA,M
1994-10-19,,M,NRFA,M
1994-10-20,,M,NRFA,M
1994-10-21,,M,NRFA,M
1994-10-22,,M,NRFA,M
1994-10-23,,M,NRFA,M
1994-10-24,,M,NRFA,M
1994-10-25,,M,NRFA,M
1994-10-26,,M,NRFA,M
1994-10-27,,M,NRFA,M
1994-10-28,,M,NRFA,M
1994-10-29,,M,NRFA,M
1994-10-30,,M,NRFA,M
1994-10-31,,M,NRFA,M
1994-11-01,,M,NRFA,M
1994-11-02,,M,NRFA,M
1994-11-03,,M,NRFA,M
1994-11-04,,M,NRFA,M
1994-11-05,,M,NRFA,M
1994-11-06,,M,NRFA,M
1994-11-07,,M,NRFA,M
1994-11-08,,M,NRFA,M
1994-11-09,,M,NRFA,M
1994-11-10,,M,NRFA,M
1994-11-11,,M,NRFA,M
1994-11-12,,M,NRFA,M
1994-11-13,,M,NRFA,M
1994-11-14,,M,NRFA,M
1994-11-15,,M,NRFA,M
1994-11-16,,M,NRFA,M
1994-11-17,,M,NRFA,M
1994-11-18,,M,NRFA,M
1994-11-19,,M,NRFA,M
1994-11-20,,M,NRFA,M
1994-11-21,,M,NRFA,M
1994-11-22,,M,NRFA,M
1994-11-23,,M,NRFA,M
1994-11-24,,M,NRFA,M
1994-11-25,,M,NRFA,M
1994-11-26,,M,NRFA,M
1994-11-27,,M,NRFA,M
1994-11-28,,M,NRFA,M
1994-11-29,,M,NRFA,M
1994-11-30,,M,NRFA,M
1994-12-01,,M,NRFA,M
1994-12-02,,M,NRFA,M
1994-12-03,,M,NRFA,M
1994-12-04,,M,NRFA,M
1994-12-05,,M,NRFA,M
1994-12-06,,M,NRFA,M
1994-12-07,,M,NRFA,M
1994-12-08,,M,NRFA,M
1994-12-09,,M,NRFA,M
1994-12-10,,M,NRFA,M
1994-12-11,,M,NRFA,M
1994-12-12,,M,NRFA,M
1994-12-13,,M,NRFA,M
1994-12-14,,M,NRFA,M
1994-12-15,,M,NRFA,M
1994-12-16,,M,NRFA,M
1994-12-17,,M,NRFA,M
1994-12-18,,M,NRFA,M
1994-12-19,,M,NRFA,M
1994-12-20,,M,NRFA,M
1994-12-21,,M,NRFA,M
1994-12-22,,M,NRFA,M
1994-12-23,,M,NRFA,M
1994-12-24,,M,NRFA,M
1994-12-25,,M,NRFA,M
1994-12-26,,M,NRFA,M
1994-12-27,,M,NRFA,M
1994-12-28,,M,NRFA,M
1994-12-29,,M,NRFA,M
1994-12-30,,M,NRFA,M
1994-12-31,,M,NRFA,M
1995-01-01,,M,NRFA,M
1995-01-02,,M,NRFA,M
1995-01-03,,M,NRFA,M
1995-01-04,,M,NRFA,M
1995-01-05,,M,NRFA,M
1995-01-06,,M,NRFA,M
1995-01-07,,M,NRFA,M
1995-01-08,,M,NRFA,M
1995-01-09,,M,NRFA,M
1995-01-10,,M,NRFA,M
1995-01-11,,M,NRFA,M
1995-01-12,,M,NRFA,M
1995-01-13,,M,NRFA,M
1995-01-14,,M,NRFA,M
1995-01-15,,M,NRFA,M
1995-01-16,,M,NRFA,M
1995-01-17,,M,NRFA,M
1995-01-18,,M,NRFA,M
1995-01-19,,M,NRFA,M
1995-01-20,,M,NRFA,M
1995-01-21,,M,NRFA,M
1995-01-22,,M,NRFA,M
1995-01-23,,M,NRFA,M
1995-01-24,,M,NRFA,M
1995-01-25,,M,NRFA,M
1995-01-26,,M,NRFA,M
1995-01-27,,M,NRFA,M
1995-01-28,,M,NRFA,M
1995-01-29,,M,NRFA,M
1995-01-30,,M,NRFA,M
1995-01-31,,M,NRFA,M
1995-02-01,,M,NRFA,M
1995-02-02,,M,NRFA,M
1995-02-03,,M,NRFA,M
1995-02-04,,M,NRFA,M
1995-02-05,,M,NRFA,M
1995-02-06,,M,NRFA,M
1995-02-07,,M,NRFA,M
1995-02-08,,M,NRFA,M
1995-02-09,,M,NRFA,M
1995-02-10,,M,NRFA,M
1995-02-11,,M,NRFA,M
1995-02-12,,M,NRFA,M
1995-02-13,,M,NRFA,M
1995-02-14,,M,NRFA,M
1995-02-15,,M,NRFA,M
1995-02-16,,M,NRFA,M
1995-02-17,,M,NRFA,M
1995-02-18,,M,NRFA,M
1995-02-19,,M,NRFA,M
1995-02-20,,M,NRFA,M
1995-02-21,,M,NRFA,M
1995-02-22,,M,NRFA,M
1995-02-23,,M,NRFA,M
1995-02-24,,M,NRFA,M
1995-02-25,,M,NRFA,M
1995-02-26,,M,NRFA,M
1995-02-27,,M,NRFA,M
1995-02-28,,M,NRFA,M
1995-03-01,,M,NRFA,M
1995-03-02,,M,NRFA,M
1995-03-03,,M,NRFA,M
1995-03-04,,M,NRFA,M
1995-03-05,,M,NRFA,M
1995-03-06,,M,NRFA,M
1995-03-07,,M,NRFA,M
1995-03-08,,M,NRFA,M
1995-03-09,,M,NRFA,M
1995-03-10,,M,NRFA,M
1995-03-11,,M,NRFA,M
1995-03-12,,M,NRFA,M
1995-03-13,,M,NRFA,M
1995-03-14,,M,NRFA,M
1995-03-15,,M,NRFA,M
1995-03-16,,M,NRFA,M
1995-03-17,,M,NRFA,M
1995-03-18,,M,NRFA,M
1995-03-19,,M,NRFA,M
1995-03-20,,M,NRFA,M
1995-03-21,,M,NRFA,M
1995-03-22,,M,NRFA,M
1995-03-23,,M,NRFA,M
1995-03-24,,M,NRFA,M
1995-03-25,,M,NRFA,M
1995-03-26,,M,NRFA,M
1995-03-27,,M,NRFA,M
1995-03-28,,M,NRFA,M
1995-03-29,,M,NRFA,M
1995-03-30,,M,NRFA,M
1995-03-31,,M,NRFA,M
1995-04-01,,M,NRFA,M
1995-04-02,,M,NRFA,M
1995-04-03,,M,NRFA,M
1995-04-04,,M,NRFA,M
1995-04-05,,M,NRFA,M
1995-04-06,,M,NRFA,M
1995-04-07,,M,NRFA,M
1995-04-08,,M,NRFA,M
1995-04-09,,M,NRFA,M
1995-04-10,,M,NRFA,M
1995-04-11,,M,NRFA,M
1995-04-12,,M,NRFA,M
1995-04-13,,M,NRFA,M
1995-04-14,,M,NRFA,M
1995-04-15,,M,NRFA,M
1995-04-16,,M,NRFA,M
1995-04-17,,M,NRFA,M
1995-04-18,,M,NRFA,M
1995-04-19,,M,NRFA,M
1995-04-20,,M,NRFA,M
1995-04-21,,M,NRFA,M
1995-04-22,,M,NRFA,M
1995-04-23,,M,NRFA,M
1995-04-24,,M,NRFA,M
1995-04-25,,M,NRFA,M
1995-04-26,,M,NRFA,M
1995-04-27,,M,NRFA,M
1995-04-28,,M,NRFA,M
1995-04-29,,M,NRFA,M
1995-04-30,,M,NRFA,M
1995-05-01,,M,NRFA,M
1995-05-02,,M,NRFA,M
1995-05-03,,M,NRFA,M
1995-05-04,,M,NRFA,M
1995-05-05,,M,NRFA,M
1995-05-06,,M,NRFA,M
1995-05-07,,M,NRFA,M
1995-05-08,,M,NRFA,M
1995-05-09,,M,NRFA,M
1995-05-10,,M,NRFA,M
1995-05-11,,M,NRFA,M
1995-05-12,,M,NRFA,M
1995-05-13,,M,NRFA,M
1995-05-14,,M,NRFA,M
1995-05-15,,M,NRFA,M
1995-05-16,,M,NRFA,M
1995-05-17,,M,NRFA,M
1995-05-18,,M,NRFA,M
1995-05-19,,M,NRFA,M
1995-05-20,,M,NRFA,M
1995-05-21,,M,NRFA,M
1995-05-22,,M,NRFA,M
1995-05-23,,M,NRFA,M
1995-05-24,,M,NRFA,M
1995-05-25,,M,NRFA,M
1995-05-26,,M,NRFA,M
1995-05-27,,M,NRFA,M
1995-05-28,,M,NRFA,M
1995-05-29,,M,NRFA,M
1995-05-30,,M,NRFA,M
1995-05-31,,M,NRFA,M
1995-06-01,,M,NRFA,M
1995-06-02,,M,NRFA,M
1995-06-03,,M,NRFA,M
1995-06-04,,M,NRFA,M
1995-06-05,,M,NRFA,M
1995-06-06,,M,NRFA,M
1995-06-07,,M,NRFA,M
1995-06-08,,M,NRFA,M
1995-06-09,,M,NRFA,M
1995-06-10,,M,NRFA,M
1995-06-11,,M,NRFA,M
1995-06-12,,M,NRFA,M
1995-06-13,,M,NRFA,M
1995-06-14,,M,NRFA,M
1995-06-15,,M,NRFA,M
1995-06-16,,M,NRFA,M
1995-06-17,,M,NRFA,M
1995-06-18,,M,NRFA,M
1995-06-19,,M,NRFA,M
1995-06-20,,M,NRFA,M
1995-06-21,,M,NRFA,M
1995-06-22,,M,NRFA,M
1995-06-23,,M,NRFA,M
1995-06-24,,M,NRFA,M
1995-06-25,,M,NRFA,M
1995-06-26,,M,NRFA,M
1995-06-27,,M,NRFA,M
1995-06-28,,M,NRFA,M
1995-06-29,,M,NRFA,M
1995-06-30,,M,NRFA,M
1995-07-01,,M,NRFA,M
1995-07-02,,M,NRFA,M
1995-07-03,,M,NRFA,M
1995-07-04,,M,NRFA,M
1995-07-05,,M,NRFA,M
1995-07-06,,M,NRFA,M
1995-07-07,,M,NRFA,M
1995-07-08,,M,NRFA,M
1995-07-09,,M,NRFA,M
1995-07-10,,M,NRFA,M
1995-07-11,,M,NRFA,M
1995-07-12,,M,NRFA,M
1995-07-13,,M,NRFA,M
1995-07-14,,M,NRFA,M
1995-07-15,,M,NRFA,M
1995-07-16,,M,NRFA,M
1995-07-17,,M,NRFA,M
1995-07-18,,M,NRFA,M
1995-07-19,,M,NRFA,M
1995-07-20,,M,NRFA,M
1995-07-21,,M,NRFA,M
1995-07-22,,M,NRFA,M
1995-07-23,,M,NRFA,M
1995-07-24,,M,NRFA,M
1995-07-25,,M,NRFA,M
1995-07-26,,M,NRFA,M
1995-07-27,,M,NRFA,M
1995-07-28,,M,NRFA,M
1995-07-29,,M,NRFA,M
1995-07-30,,M,NRFA,M
1995-07-31,,M,NRFA,M
1995-08-01,,M,NRFA,M
1995-08-02,,M,NRFA,M
1995-08-03,,M,NRFA,M
1995-08-04,,M,NRFA,M
1995-08-05,,M,NRFA,M
1995-08-06,,M,NRFA,M
1995-08-07,,M,NRFA,M
1995-08-08,,M,NRFA,M
1995-08-09,,M,NRFA,M
1995-08-10,,M,NRFA,M
1995-08-11,,M,NRFA,M
1995-08-12,,M,NRFA,M
1995-08-13,,M,NRFA,M
1995-08-14,,M,NRFA,M
1995-08-15,,M,NRFA,M
1995-08-16,,M,NRFA,M
1995-08-17,,M,NRFA,M
1995-08-18,,M,NRFA,M
1995-08-19,,M,NRFA,M
1995-08-20,,M,NRFA,M
1995-08-21,,M,NRFA,M
1995-08-22,,M,NRFA,M
1995-08-23,,M,NRFA,M
1995-08-24,,M,NRFA,M
1995-08-25,,M,NRFA,M
1995-08-26,,M,NRFA,M
1995-08-27,,M,NRFA,M
1995-08-28,,M,NRFA,M
1995-08-29,,M,NRFA,M
1995-08-30,,M,NRFA,M
1995-08-31,,M,NRFA,M
1995-09-01,,M,NRFA,M
1995-09-02,,M,NRFA,M
1995-09-03,,M,NRFA,M
1995-09-04,,M,NRFA,M
1995-09-05,,M,NRFA,M
1995-09-06,,M,NRFA,M
1995-09-07,,M,NRFA,M
1995-09-08,,M,NRFA,M
1995-09-09,,M,NRFA,M
1995-09-10,,M,NRFA,M
1995-09-11,,M,NRFA,M
1995-09-12,,M,NRFA,M
1995-09-13,,M,NRFA,M
1995-09-14,,M,NRFA,M
1995-09-15,,M,NRFA,M
1995-09-16,,M,NRFA,M
1995-09-17,,M,NRFA,M
1995-09-18,,M,NRFA,M
1995-09-19,,M,NRFA,M
1995-09-20,,M,NRFA,M
1995-09-21,,M,NRFA,M
1995-09-22,,M,NRFA,M
1995-09-23,,M,NRFA,M
1995-09-24,,M,NRFA,M
1995-09-25,,M,NRFA,M
1995-09-26,,M,NRFA,M
1995-09-27,,M,NRFA,M
1995-09-28,,M,NRFA,M
1995-09-29,,M,NRFA,M
1995-09-30,,M,NRFA,M
1995-10-01,,M,NRFA,M
1995-10-02,,M,NRFA,M
1995-10-03,,M,NRFA,M
1995-10-04,,M,NRFA,M
1995-10-05,,M,NRFA,M
1995-10-06,,M,NRFA,M
1995-10-07,,M,NRFA,M
1995-10-08,,M,NRFA,M
1995-10-09,,M,NRFA,M
1995-10-10,,M,NRFA,M
1995-10-11,,M,NRFA,M
1995-10-12,,M,NRFA,M
1995-10-13,,M,NRFA,M
1995-10-14,,M,NRFA,M
1995-10-15,,M,NRFA,M
1995-10-16,,M,NRFA,M
1995-10-17,,M,NRFA,M
1995-10-18,,M,NRFA,M
1995-10-19,,M,NRFA,M
1995-10-20,,M,NRFA,M
1995-10-21,,M,NRFA,M
1995-10-22,,M,NRFA,M
1995-10-23,,M,NRFA,M
1995-10-24,,M,NRFA,M
1995-10-25,,M,NRFA,M
1995-10-26,,M,NRFA,M
1995-10-27,,M,NRFA,M
1995-10-28,,M,NRFA,M
1995-10-29,,M,NRFA,M
1995-10-30,,M,NRFA,M
1995-10-31,,M,NRFA,M
1995-11-01,,M,NRFA,M
1995-11-02,,M,NRFA,M
1995-11-03,,M,NRFA,M
1995-11-04,,M,NRFA,M
1995-11-05,,M,NRFA,M
1995-11-06,,M,NRFA,M
1995-11-07,,M,NRFA,M
1995-11-08,,M,NRFA,M
1995-11-09,,M,NRFA,M
1995-11-10,,M,NRFA,M
1995-11-11,,M,NRFA,M
1995-11-12,,M,NRFA,M
1995-11-13,,M,NRFA,M
1995-11-14,,M,NRFA,M
1995-11-15,,M,NRFA,M
1995-11-16,,M,NRFA,M
1995-11-17,,M,NRFA,M
1995-11-18,,M,NRFA,M
1995-11-19,,M,NRFA,M
1995-11-20,,M,NRFA,M
1995-11-21,,M,NRFA,M
1995-11-22,,M,NRFA,M
1995-11-23,,M,NRFA,M
1995-11-24,,M,NRFA,M
1995-11-25,,M,NRFA,M
1995-11-26,,M,NRFA,M
1995-11-27,,M,NRFA,M
1995-11-28,,M,NRFA,M
1995-11-29,,M,NRFA,M
1995-11-30,,M,NRFA,M
1995-12-01,,M,NRFA,M
1995-12-02,,M,NRFA,M
1995-12-03,,M,NRFA,M
1995-12-04,,M,NRFA,M
1995-12-05,,M,NRFA,M
1995-12-06,,M,NRFA,M
1995-12-07,,M,NRFA,M
1995-12-08,,M,NRFA,M
1995-12-09,,M,NRFA,M
1995-12-10,,M,NRFA,M
1995-12-11,,M,NRFA,M
1995-12-12,,M,NRFA,M
1995-12-13,,M,NRFA,M
1995-12-14,,M,NRFA,M
1995-12-15,,M,NRFA,M
1995-12-16,,M,NRFA,M
1995-12-17,,M,NRFA,M
1995-12-18,,M,NRFA,M
1995-12-19,,M,NRFA,M
1995-12-20,,M,NRFA,M
1995-12-21,,M,NRFA,M
1995-12-22,,M,NRFA,M
1995-12-23,,M,NRFA,M
1995-12-24,,M,NRFA,M
1995-12-25,,M,NRFA,M
1995-12-26,,M,NRFA,M
1995-12-27,,M,NRFA,M
1995-12-28,,M,NRFA,M
1995-12-29,,M,NRFA,M
1995-12-30,,M,NRFA,M
1995-12-31,,M,NRFA,M
1996-01-01,,M,NRFA,M
1996-01-02,,M,NRFA,M
1996-01-03,,M,NRFA,M
1996-01-04,,M,NRFA,M
1996-01-05,,M,NRFA,M
1996-01-06,,M,NRFA,M
1996-01-07,,M,NRFA,M
1996-01-08,,M,NRFA,M
1996-01-09,,M,NRFA,M
1996-01-10,,M,NRFA,M
1996-01-11,,M,NRFA,M
1996-01-12,,M,NRFA,M
1996-01-13,,M,NRFA,M
1996-01-14,,M,NRFA,M
1996-01-15,,M,NRFA,M
1996-01-16,,M,NRFA,M
1996-01-17,,M,NRFA,M
1996-01-18,,M,NRFA,M
1996-01-19,,M,NRFA,M
1996-01-20,,M,NRFA,M
1996-01-21,,M,NRFA,M
1996-01-22,,M,NRFA,M
1996-01-23,,M,NRFA,M
1996-01-24,,M,NRFA,M
1996-01-25,,M,NRFA,M
1996-01-26,,M,NRFA,M
1996-01-27,,M,NRFA,M
1996-01-28,,M,NRFA,M
1996-01-29,,M,NRFA,M
1996-01-30,,M,NRFA,M
1996-01-31,,M,NRFA,M
1996-02-01,,M,NRFA,M
1996-02-02,,M,NRFA,M
1996-02-03,,M,NRFA,M
1996-02-04,,M,NRFA,M
1996-02-05,,M,NRFA,M
1996-02-06,,M,NRFA,M
1996-02-07,,M,NRFA,M
1996-02-08,,M,NRFA,M
1996-02-09,,M,NRFA,M
1996-02-10,,M,NRFA,M
1996-02-11,,M,NRFA,M
1996-02-12,,M,NRFA,M
1996-02-13,,M,NRFA,M
1996-02-14,,M,NRFA,M
1996-02-15,,M,NRFA,M
1996-02-16,,M,NRFA,M
1996-02-17,,M,NRFA,M
1996-02-18,,M,NRFA,M
1996-02-19,,M,NRFA,M
1996-02-20,,M,NRFA,M
1996-02-21,,M,NRFA,M
1996-02-22,,M,NRFA,M
1996-02-23,,M,NRFA,M
1996-02-24,,M,NRFA,M
1996-02-25,,M,NRFA,M
1996-02-26,,M,NRFA,M
1996-02-27,,M,NRFA,M
1996-02-28,,M,NRFA,M
1996-02-29,,M,NRFA,M
1996-03-01,,M,NRFA,M
1996-03-02,,M,NRFA,M
1996-03-03,,M,NRFA,M
1996-03-04,,M,NRFA,M
1996-03-05,,M,NRFA,M
1996-03-06,,M,NRFA,M
1996-03-07,,M,NRFA,M
1996-03-08,,M,NRFA,M
1996-03-09,,M,NRFA,M
1996-03-10,,M,NRFA,M
1996-03-11,,M,NRFA,M
1996-03-12,,M,NRFA,M
1996-03-13,,M,NRFA,M
1996-03-14,,M,NRFA,M
1996-03-15,,M,NRFA,M
1996-03-16,,M,NRFA,M
1996-03-17,,M,NRFA,M
1996-03-18,,M,NRFA,M
1996-03-19,,M,NRFA,M
1996-03-20,,M,NRFA,M
1996-03-21,,M,NRFA,M
1996-03-22,,M,NRFA,M
1996-03-23,,M,NRFA,M
1996-03-24,,M,NRFA,M
1996-03-25,,M,NRFA,M
1996-03-26,,M,NRFA,M
1996-03-27,,M,NRFA,M
1996-03-28,,M,NRFA,M
1996-03-29,,M,NRFA,M
1996-03-30,,M,NRFA,M
1996-03-31,,M,NRFA,M
1996-04-01,,M,NRFA,M
1996-04-02,,M,NRFA,M
1996-04-03,,M,NRFA,M
1996-04-04,,M,NRFA,M
1996-04-05,,M,NRFA,M
1996-04-06,,M,NRFA,M
1996-04-07,,M,NRFA,M
1996-04-08,,M,NRFA,M
1996-04-09,,M,NRFA,M
1996-04-10,,M,NRFA,M
1996-04-11,,M,NRFA,M
1996-04-12,,M,NRFA,M
1996-04-13,,M,NRFA,M
1996-04-14,,M,NRFA,M
1996-04-15,,M,NRFA,M
1996-04-16,,M,NRFA,M
1996-04-17,,M,NRFA,M
1996-04-18,,M,NRFA,M
1996-04-19,,M,NRFA,M
1996-04-20,,M,NRFA,M
1996-04-21,,M,NRFA,M
1996-04-22,,M,NRFA,M
1996-04-23,,M,NRFA,M
1996-04-24,,M,NRFA,M
1996-04-25,,M,NRFA,M
1996-04-26,,M,NRFA,M
1996-04-27,,M,NRFA,M
1996-04-28,,M,NRFA,M
1996-04-29,,M,NRFA,M
1996-04-30,,M,NRFA,M
1996-05-01,,M,NRFA,M
1996-05-02,,M,NRFA,M
1996-05-03,,M,NRFA,M
1996-05-04,,M,NRFA,M
1996-05-05,,M,NRFA,M
1996-05-06,,M,NRFA,M
1996-05-07,,M,NRFA,M
1996-05-08,,M,NRFA,M
1996-05-09,,M,NRFA,M
1996-05-10,,M,NRFA,M
1996-05-11,,M,NRFA,M
1996-05-12,,M,NRFA,M
1996-05-13,,M,NRFA,M
1996-05-14,,M,NRFA,M
1996-05-15,,M,NRFA,M
1996-05-16,,M,NRFA,M
1996-05-17,,M,NRFA,M
1996-05-18,,M,NRFA,M
1996-05-19,,M,NRFA,M
1996-05-20,,M,NRFA,M
1996-05-21,,M,NRFA,M
1996-05-22,,M,NRFA,M
1996-05-23,,M,NRFA,M
1996-05-24,,M,NRFA,M
1996-05-25,,M,NRFA,M
1996-05-26,,M,NRFA,M
1996-05-27,,M,NRFA,M
1996-05-28,,M,NRFA,M
1996-05-29,,M,NRFA,M
1996-05-30,,M,NRFA,M
1996-05-31,,M,NRFA,M
1996-06-01,,M,NRFA,M
1996-06-02,,M,NRFA,M
1996-06-03,,M,NRFA,M
1996-06-04,,M,NRFA,M
1996-06-05,,M,NRFA,M
1996-06-06,,M,NRFA,M
1996-06-07,,M,NRFA,M
1996-06-08,,M,NRFA,M
1996-06-09,,M,NRFA,M
1996-06-10,,M,NRFA,M
1996-06-11,,M,NRFA,M
1996-06-12,,M,NRFA,M
1996-06-13,,M,NRFA,M
1996-06-14,,M,NRFA,M
1996-06-15,,M,NRFA,M
1996-06-16,,M,NRFA,M
1996-06-17,,M,NRFA,M
1996-06-18,,M,NRFA,M
1996-06-19,,M,NRFA,M
1996-06-20,,M,NRFA,M
1996-06-21,,M,NRFA,M
1996-06-22,,M,NRFA,M
1996-06-23,,M,NRFA,M
1996-06-24,,M,NRFA,M
1996-06-25,,M,NRFA,M
1996-06-26,,M,NRFA,M
1996-06-27,,M,NRFA,M
1996-06-28,,M,NRFA,M
1996-06-29,,M,NRFA,M
1996-06-30,,M,NRFA,M
1996-07-01,,M,NRFA,M
1996-07-02,,M,NRFA,M
1996-07-03,,M,NRFA,M
1996-07-04,,M,NRFA,M
1996-07-05,,M,NRFA,M
1996-07-06,,M,NRFA,M
1996-07-07,,M,NRFA,M
1996-07-08,,M,NRFA,M
1996-07-09,,M,NRFA,M
1996-07-10,,M,NRFA,M
1996-07-11,,M,NRFA,M
1996-07-12,,M,NRFA,M
1996-07-13,,M,NRFA,M
1996-07-14,,M,NRFA,M
1996-07-15,,M,NRFA,M
1996-07-16,,M,NRFA,M
1996-07-17,,M,NRFA,M
1996-07-18,,M,NRFA,M
1996-07-19,,M,NRFA,M
1996-07-20,,M,NRFA,M
1996-07-21,,M,NRFA,M
1996-07-22,,M,NRFA,M
1996-07-23,,M,NRFA,M
1996-07-24,,M,NRFA,M
1996-07-25,,M,NRFA,M
1996-07-26,,M,NRFA,M
1996-07-27,,M,NRFA,M
1996-07-28,,M,NRFA,M
1996-07-29,,M,NRFA,M
1996-07-30,,M,NRFA,M
1996-07-31,,M,NRFA,M
1996-08-01,,M,NRFA,M
1996-08-02,,M,NRFA,M
1996-08-03,,M,NRFA,M
1996-08-04,,M,NRFA,M
1996-08-05,,M,NRFA,M
1996-08-06,,M,NRFA,M
1996-08-07,,M,NRFA,M
1996-08-08,,M,NRFA,M
1996-08-09,,M,NRFA,M
1996-08-10,,M,NRFA,M
1996-08-11,,M,NRFA,M
1996-08-12,,M,NRFA,M
1996-08-13,,M,NRFA,M
1996-08-14,,M,NRFA,M
1996-08-15,,M,NRFA,M
1996-08-16,,M,NRFA,M
1996-08-17,,M,NRFA,M
1996-08-18,,M,NRFA,M
1996-08-19,,M,NRFA,M
1996-08-20,,M,NRFA,M
1996-08-21,,M,NRFA,M
1996-08-22,,M,NRFA,M
1996-08-23,,M,NRFA,M
1996-08-24,,M,NRFA,M
1996-08-25,,M,NRFA,M
1996-08-26,,M,NRFA,M
1996-08-27,,M,NRFA,M
1996-08-28,,M,NRFA,M
1996-08-29,,M,NRFA,M
1996-08-30,,M,NRFA,M
1996-08-31,,M,NRFA,M
1996-09-01,,M,NRFA,M
1996-09-02,,M,NRFA,M
1996-09-03,,M,NRFA,M
1996-09-04,,M,NRFA,M
1996-09-05,,M,NRFA,M
1996-09-06,,M,NRFA,M
1996-09-07,,M,NRFA,M
1996-09-08,,M,NRFA,M
1996-09-09,,M,NRFA,M
1996-09-10,,M,NRFA,M
1996-09-11,,M,NRFA,M
1996-09-12,,M,NRFA,M
1996-09-13,,M,NRFA,M
1996-09-14,,M,NRFA,M
1996-09-15,,M,NRFA,M
1996-09-16,,M,NRFA,M
1996-09-17,,M,NRFA,M
1996-09-18,,M,NRFA,M
1996-09-19,,M,NRFA,M
1996-09-20,,M,NRFA,M
1996-09-21,,M,NRFA,M
1996-09-22,,M,NRFA,M
1996-09-23,,M,NRFA,M
1996-09-24,,M,NRFA,M
1996-09-25,,M,NRFA,M
1996-09-26,,M,NRFA,M
1996-09-27,,M,NRFA,M
1996-09-28,,M,NRFA,M
1996-09-29,,M,NRFA,M
1996-09-30,,M,NRFA,M
1996-10-01,,M,NRFA,M
1996-10-02,,M,NRFA,M
1996-10-03,,M,NRFA,M
1996-10-04,,M,NRFA,M
1996-10-05,,M,NRFA,M
1996-10-06,,M,NRFA,M
1996-10-07,,M,NRFA,M
1996-10-08,,M,NRFA,M
1996-10-09,,M,NRFA,M
1996-10-10,,M,NRFA,M
1996-10-11,,M,NRFA,M
1996-10-12,,M,NRFA,M
1996-10-13,,M,NRFA,M
1996-10-14,,M,NRFA,M
1996-10-15,,M,NRFA,M
1996-10-16,,M,NRFA,M
1996-10-17,,M,NRFA,M
1996-10-18,,M,NRFA,M
1996-10-19,,M,NRFA,M
1996-10-20,,M,NRFA,M
1996-10-21,,M,NRFA,M
1996-10-22,,M,NRFA,M
1996-10-23,,M,NRFA,M
1996-10-24,,M,NRFA,M
1996-10-25,,M,NRFA,M
1996-10-26,,M,NRFA,M
1996-10-27,,M,NRFA,M
1996-10-28,,M,NRFA,M
1996-10-29,,M,NRFA,M
1996-10-30,,M,NRFA,M
1996-10-31,,M,NRFA,M
1996-11-01,,M,NRFA,M
1996-11-02,,M,NRFA,M
1996-11-03,,M,NRFA,M
1996-11-04,,M,NRFA,M
1996-11-05,,M,NRFA,M
1996-11-06,,M,NRFA,M
1996-11-07,,M,NRFA,M
1996-11-08,,M,NRFA,M
1996-11-09,,M,NRFA,M
1996-11-10,,M,NRFA,M
1996-11-11,,M,NRFA,M
1996-11-12,,M,NRFA,M
1996-11-13,,M,NRFA,M
1996-11-14,,M,NRFA,M
1996-11-15,,M,NRFA,M
1996-11-16,,M,NRFA,M
1996-11-17,,M,NRFA,M
1996-11-18,,M,NRFA,M
1996-11-19,,M,NRFA,M
1996-11-20,,M,NRFA,M
1996-11-21,,M,NRFA,M
1996-11-22,,M,NRFA,M
1996-11-23,,M,NRFA,M
1996-11-24,,M,NRFA,M
1996-11-25,,M,NRFA,M
1996-11-26,,M,NRFA,M
1996-11-27,,M,NRFA,M
1996-11-28,,M,NRFA,M
1996-11-29,,M,NRFA,M
1996-11-30,,M,NRFA,M
1996-12-01,,M,NRFA,M
1996-12-02,,M,NRFA,M
1996-12-03,,M,NRFA,M
1996-12-04,,M,NRFA,M
1996-12-05,,M,NRFA,M
1996-12-06,,M,NRFA,M
1996-12-07,,M,NRFA,M
1996-12-08,,M,NRFA,M
1996-12-09,,M,NRFA,M
1996-12-10,,M,NRFA,M
1996-12-11,,M,NRFA,M
1996-12-12,,M,NRFA,M
1996-12-13,,M,NRFA,M
1996-12-14,,M,NRFA,M
1996-12-15,,M,NRFA,M
1996-12-16,,M,NRFA,M
1996-12-17,,M,NRFA,M
1996-12-18,,M,NRFA,M
1996-12-19,,M,NRFA,M
1996-12-20,,M,NRFA,M
1996-12-21,,M,NRFA,M
1996-12-22,,M,NRFA,M
1996-12-23,,M,NRFA,M
1996-12-24,,M,NRFA,M
1996-12-25,,M,NRFA,M
1996-12-26,,M,NRFA,M
1996-12-27,,M,NRFA,M
1996-12-28,,M,NRFA,M
1996-12-29,,M,NRFA,M
1996-12-30,,M,NRFA,M
1996-12-31,,M,NRFA,M
1997-01-01,,M,NRFA,M
1997-01-02,,M,NRFA,M
1997-01-03,,M,NRFA,M
1997-01-04,,M,NRFA,M
1997-01-05,,M,NRFA,M
1997-01-06,,M,NRFA,M
1997-01-07,,M,NRFA,M
1997-01-08,,M,NRFA,M
1997-01-09,,M,NRFA,M
1997-01-10,,M,NRFA,M
1997-01-11,,M,NRFA,M
1997-01-12,,M,NRFA,M
1997-01-13,,M,NRFA,M
1997-01-14,,M,NRFA,M
1997-01-15,,M,NRFA,M
1997-01-16,,M,NRFA,M
1997-01-17,,M,NRFA,M
1997-01-18,,M,NRFA,M
1997-01-19,,M,NRFA,M
1997-01-20,,M,NRFA,M
1997-01-21,,M,NRFA,M
1997-01-22,,M,NRFA,M
1997-01-23,,M,NRFA,M
1997-01-24,,M,NRFA,M
1997-01-25,,M,NRFA,M
1997-01-26,,M,NRFA,M
1997-01-27,,M,NRFA,M
1997-01-28,,M,NRFA,M
1997-01-29,,M,NRFA,M
1997-01-30,,M,NRFA,M
1997-01-31,,M,NRFA,M
1997-02-01,,M,NRFA,M
1997-02-02,,M,NRFA,M
1997-02-03,,M,NRFA,M
1997-02-04,,M,NRFA,M
1997-02-05,,M,NRFA,M
1997-02-06,,M,NRFA,M
1997-02-07,,M,NRFA,M
1997-02-08,,M,NRFA,M
1997-02-09,,M,NRFA,M
1997-02-10,,M,NRFA,M
1997-02-11,,M,NRFA,M
1997-02-12,,M,NRFA,M
1997-02-13,,M,NRFA,M
1997-02-14,,M,NRFA,M
1997-02-15,,M,NRFA,M
1997-02-16,,M,NRFA,M
1997-02-17,,M,NRFA,M
1997-02-18,,M,NRFA,M
1997-02-19,,M,NRFA,M
1997-02-20,,M,NRFA,M
1997-02-21,,M,NRFA,M
1997-02-22,,M,NRFA,M
1997-02-23,,M,NRFA,M
1997-02-24,,M,NRFA,M
1997-02-25,,M,NRFA,M
1997-02-26,,M,NRFA,M
1997-02-27,,M,NRFA,M
1997-02-28,,M,NRFA,M
1997-03-01,,M,NRFA,M
1997-03-02,,M,NRFA,M
1997-03-03,,M,NRFA,M
1997-03-04,,M,NRFA,M
1997-03-05,,M,NRFA,M
1997-03-06,,M,NRFA,M
1997-03-07,,M,NRFA,M
1997-03-08,,M,NRFA,M
1997-03-09,,M,NRFA,M
1997-03-10,,M,NRFA,M
1997-03-11,,M,NRFA,M
1997-03-12,,M,NRFA,M
1997-03-13,,M,NRFA,M
1997-03-14,,M,NRFA,M
1997-03-15,,M,NRFA,M
1997-03-16,,M,NRFA,M
1997-03-17,,M,NRFA,M
1997-03-18,,M,NRFA,M
1997-03-19,,M,NRFA,M
1997-03-20,,M,NRFA,M
1997-03-21,,M,NRFA,M
1997-03-22,,M,NRFA,M
1997-03-23,,M,NRFA,M
1997-03-24,,M,NRFA,M
1997-03-25,,M,NRFA,M
1997-03-26,,M,NRFA,M
1997-03-27,,M,NRFA,M
1997-03-28,,M,NRFA,M
1997-03-29,,M,NRFA,M
1997-03-30,,M,NRFA,M
1997-03-31,,M,NRFA,M
1997-04-01,,M,NRFA,M
1997-04-02,,M,NRFA,M
1997-04-03,,M,NRFA,M
1997-04-04,,M,NRFA,M
1997-04-05,,M,NRFA,M
1997-04-06,,M,NRFA,M
1997-04-07,,M,NRFA,M
1997-04-08,,M,NRFA,M
1997-04-09,,M,NRFA,M
1997-04-10,,M,NRFA,M
1997-04-11,,M,NRFA,M
1997-04-12,,M,NRFA,M
1997-04-13,,M,NRFA,M
1997-04-14,,M,NRFA,M
1997-04-15,,M,NRFA,M
1997-04-16,,M,NRFA,M
1997-04-17,,M,NRFA,M
1997-04-18,,M,NRFA,M
1997-04-19,,M,NRFA,M
1997-04-20,,M,NRFA,M
1997-04-21,,M,NRFA,M
1997-04-22,,M,NRFA,M
1997-04-23,,M,NRFA,M
1997-04-24,,M,NRFA,M
1997-04-25,,M,NRFA,M
1997-04-26,,M,NRFA,M
1997-04-27,,M,NRFA,M
1997-04-28,,M,NRFA,M
1997-04-29,,M,NRFA,M
1997-04-30,,M,NRFA,M
1997-05-01,,M,NRFA,M
1997-05-02,,M,NRFA,M
1997-05-03,,M,NRFA,M
1997-05-04,,M,NRFA,M
1997-05-05,,M,NRFA,M
1997-05-06,,M,NRFA,M
1997-05-07,,M,NRFA,M
1997-05-08,,M,NRFA,M
1997-05-09,,M,NRFA,M
1997-05-10,,M,NRFA,M
1997-05-11,,M,NRFA,M
1997-05-12,,M,NRFA,M
1997-05-13,,M,NRFA,M
1997-05-14,,M,NRFA,M
1997-05-15,,M,NRFA,M
1997-05-16,,M,NRFA,M
1997-05-17,,M,NRFA,M
1997-05-18,,M,NRFA,M
1997-05-19,,M,NRFA,M
1997-05-20,,M,NRFA,M
1997-05-21,,M,NRFA,M
1997-05-22,,M,NRFA,M
1997-05-23,,M,NRFA,M
1997-05-24,,M,NRFA,M
1997-05-25,,M,NRFA,M
1997-05-26,,M,NRFA,M
1997-05-27,,M,NRFA,M
1997-05-28,,M,NRFA,M
1997-05-29,,M,NRFA,M
1997-05-30,,M,NRFA,M
1997-05-31,,M,NRFA,M
1997-06-01,,M,NRFA,M
1997-06-02,,M,NRFA,M
1997-06-03,,M,NRFA,M
1997-06-04,,M,NRFA,M
1997-06-05,,M,NRFA,M
1997-06-06,,M,NRFA,M
1997-06-07,,M,NRFA,M
1997-06-08,,M,NRFA,M
1997-06-09,,M,NRFA,M
1997-06-10,,M,NRFA,M
1997-06-11,,M,NRFA,M
1997-06-12,,M,NRFA,M
1997-06-13,,M,NRFA,M
1997-06-14,,M,NRFA,M
1997-06-15,,M,NRFA,M
1997-06-16,,M,NRFA,M
1997-06-17,,M,NRFA,M
1997-06-18,,M,NRFA,M
1997-06-19,,M,NRFA,M
1997-06-20,,M,NRFA,M
1997-06-21,,M,NRFA,M
1997-06-22,,M,NRFA,M
1997-06-23,,M,NRFA,M
1997-06-24,,M,NRFA,M
1997-06-25,,M,NRFA,M
1997-06-26,,M,NRFA,M
1997-06-27,,M,NRFA,M
1997-06-28,,M,NRFA,M
1997-06-29,,M,NRFA,M
1997-06-30,,M,NRFA,M
1997-07-01,,M,NRFA,M
1997-07-02,,M,NRFA,M
1997-07-03,,M,NRFA,M
1997-07-04,,M,NRFA,M
1997-07-05,,M,NRFA,M
1997-07-06,,M,NRFA,M
1997-07-07,,M,NRFA,M
1997-07-08,,M,NRFA,M
1997-07-09,,M,NRFA,M
1997-07-10,,M,NRFA,M
1997-07-11,,M,NRFA,M
1997-07-12,,M,NRFA,M
1997-07-13,,M,NRFA,M
1997-07-14,,M,NRFA,M
1997-07-15,,M,NRFA,M
1997-07-16,,M,NRFA,M
1997-07-17,,M,NRFA,M
1997-07-18,,M,NRFA,M
1997-07-19,,M,NRFA,M
1997-07-20,,M,NRFA,M
1997-07-21,,M,NRFA,M
1997-07-22,,M,NRFA,M
1997-07-23,,M,NRFA,M
1997-07-24,,M,NRFA,M
1997-07-25,,M,NRFA,M
1997-07-26,,M,NRFA,M
1997-07-27,,M,NRFA,M
1997-07-28,,M,NRFA,M
1997-07-29,,M,NRFA,M
1997-07-30,,M,NRFA,M
1997-07-31,,M,NRFA,M
1997-08-01,,M,NRFA,M
1997-08-02,,M,NRFA,M
1997-08-03,,M,NRFA,M
1997-08-04,,M,NRFA,M
1997-08-05,,M,NRFA,M
1997-08-06,,M,NRFA,M
1997-08-07,,M,NRFA,M
1997-08-08,,M,NRFA,M
1997-08-09,,M,NRFA,M
1997-08-10,,M,NRFA,M
1997-08-11,,M,NRFA,M
1997-08-12,,M,NRFA,M
1997-08-13,,M,NRFA,M
1997-08-14,,M,NRFA,M
1997-08-15,,M,NRFA,M
1997-08-16,,M,NRFA,M
1997-08-17,,M,NRFA,M
1997-08-18,,M,NRFA,M
1997-08-19,,M,NRFA,M
1997-08-20,,M,NRFA,M
1997-08-21,,M,NRFA,M
1997-08-22,,M,NRFA,M
1997-08-23,,M,NRFA,M
1997-08-24,,M,NRFA,M
1997-08-25,,M,NRFA,M
1997-08-26,,M,NRFA,M
1997-08-27,,M,NRFA,M
1997-08-28,,M,NRFA,M
1997-08-29,,M,NRFA,M
1997-08-30,,M,NRFA,M
1997-08-31,,M,NRFA,M
1997-09-01,,M,NRFA,M
1997-09-02,,M,NRFA,M
1997-09-03,,M,NRFA,M
1997-09-04,,M,NRFA,M
1997-09-05,,M,NRFA,M
1997-09-06,,M,NRFA,M
1997-09-07,,M,NRFA,M
1997-09-08,,M,NRFA,M
1997-09-09,,M,NRFA,M
1997-09-10,,M,NRFA,M
1997-09-11,,M,NRFA,M
1997-09-12,,M,NRFA,M
1997-09-13,,M,NRFA,M
1997-09-14,,M,NRFA,M
1997-09-15,,M,NRFA,M
1997-09-16,,M,NRFA,M
1997-09-17,,M,NRFA,M
1997-09-18,,M,NRFA,M
1997-09-19,,M,NRFA,M
1997-09-20,,M,NRFA,M
1997-09-21,,M,NRFA,M
1997-09-22,,M,NRFA,M
1997-09-23,,M,NRFA,M
1997-09-24,,M,NRFA,M
1997-09-25,,M,NRFA,M
1997-09-26,,M,NRFA,M
1997-09-27,,M,NRFA,M
1997-09-28,,M,NRFA,M
1997-09-29,,M,NRFA,M
1997-09-30,,M,NRFA,M
1997-10-01,,M,NRFA,M
1997-10-02,,M,NRFA,M
1997-10-03,,M,NRFA,M
1997-10-04,,M,NRFA,M
1997-10-05,,M,NRFA,M
1997-10-06,,M,NRFA,M
1997-10-07,,M,NRFA,M
1997-10-08,,M,NRFA,M
1997-10-09,,M,NRFA,M
1997-10-10,,M,NRFA,M
1997-10-11,,M,NRFA,M
1997-10-12,,M,NRFA,M
1997-10-13,,M,NRFA,M
1997-10-14,,M,NRFA,M
1997-10-15,,M,NRFA,M
1997-10-16,,M,NRFA,M
1997-10-17,,M,NRFA,M
1997-10-18,,M,NRFA,M
1997-10-19,,M,NRFA,M
1997-10-20,,M,NRFA,M
1997-10-21,,M,NRFA,M
1997-10-22,,M,NRFA,M
1997-10-23,,M,NRFA,M
1997-10-24,,M,NRFA,M
1997-10-25,,M,NRFA,M
1997-10-26,,M,NRFA,M
1997-10-27,,M,NRFA,M
1997-10-28,,M,NRFA,M
1997-10-29,,M,NRFA,M
1997-10-30,,M,NRFA,M
1997-10-31,,M,NRFA,M
1997-11-01,,M,NRFA,M
1997-11-02,,M,NRFA,M
1997-11-03,,M,NRFA,M
1997-11-04,,M,NRFA,M
1997-11-05,,M,NRFA,M
1997-11-06,,M,NRFA,M
1997-11-07,,M,NRFA,M
1997-11-08,,M,NRFA,M
1997-11-09,,M,NRFA,M
1997-11-10,,M,NRFA,M
1997-11-11,,M,NRFA,M
1997-11-12,,M,NRFA,M
1997-11-13,,M,NRFA,M
1997-11-14,,M,NRFA,M
1997-11-15,,M,NRFA,M
1997-11-16,,M,NRFA,M
1997-11-17,,M,NRFA,M
1997-11-18,,M,NRFA,M
1997-11-19,,M,NRFA,M
1997-11-20,,M,NRFA,M
1997-11-21,,M,NRFA,M
1997-11-22,,M,NRFA,M
1997-11-23,,M,NRFA,M
1997-11-24,,M,NRFA,M
1997-11-25,,M,NRFA,M
1997-11-26,,M,NRFA,M
1997-11-27,,M,NRFA,M
1997-11-28,,M,NRFA,M
1997-11-29,,M,NRFA,M
1997-11-30,,M,NRFA,M
1997-12-01,,M,NRFA,M
1997-12-02,,M,NRFA,M
1997-12-03,,M,NRFA,M
1997-12-04,,M,NRFA,M
1997-12-05,,M,NRFA,M
1997-12-06,,M,NRFA,M
1997-12-07,,M,NRFA,M
1997-12-08,,M,NRFA,M
1997-12-09,,M,NRFA,M
1997-12-10,,M,NRFA,M
1997-12-11,,M,NRFA,M
1997-12-12,,M,NRFA,M
1997-12-13,,M,NRFA,M
1997-12-14,,M,NRFA,M
1997-12-15,,M,NRFA,M
1997-12-16,,M,NRFA,M
1997-12-17,,M,NRFA,M
1997-12-18,,M,NRFA,M
1997-12-19,,M,NRFA,M
1997-12-20,,M,NRFA,M
1997-12-21,,M,NRFA,M
1997-12-22,,M,NRFA,M
1997-12-23,,M,NRFA,M
1997-12-24,,M,NRFA,M
1997-12-25,,M,NRFA,M
1997-12-26,,M,NRFA,M
1997-12-27,,M,NRFA,M
1997-12-28,,M,NRFA,M
1997-12-29,,M,NRFA,M
1997-12-30,,M,NRFA,M
1997-12-31,,M,NRFA,M
1998-01-01,,M,NRFA,M
1998-01-02,,M,NRFA,M
1998-01-03,,M,NRFA,M
1998-01-04,,M,NRFA,M
1998-01-05,,M,NRFA,M
1998-01-06,,M,NRFA,M
1998-01-07,,M,NRFA,M
1998-01-08,,M,NRFA,M
1998-01-09,,M,NRFA,M
1998-01-10,,M,NRFA,M
1998-01-11,,M,NRFA,M
1998-01-12,,M,NRFA,M
1998-01-13,,M,NRFA,M
1998-01-14,,M,NRFA,M
1998-01-15,,M,NRFA,M
1998-01-16,,M,NRFA,M
1998-01-17,,M,NRFA,M
1998-01-18,,M,NRFA,M
1998-01-19,,M,NRFA,M
1998-01-20,,M,NRFA,M
1998-01-21,,M,NRFA,M
1998-01-22,,M,NRFA,M
1998-01-23,,M,NRFA,M
1998-01-24,,M,NRFA,M
1998-01-25,,M,NRFA,M
1998-01-26,,M,NRFA,M
1998-01-27,,M,NRFA,M
1998-01-28,,M,NRFA,M
1998-01-29,,M,NRFA,M
1998-01-30,,M,NRFA,M
1998-01-31,,M,NRFA,M
1998-02-01,,M,NRFA,M
1998-02-02,,M,NRFA,M
1998-02-03,,M,NRFA,M
1998-02-04,,M,NRFA,M
1998-02-05,,M,NRFA,M
1998-02-06,,M,NRFA,M
1998-02-07,,M,NRFA,M
1998-02-08,,M,NRFA,M
1998-02-09,,M,NRFA,M
1998-02-10,,M,NRFA,M
1998-02-11,,M,NRFA,M
1998-02-12,,M,NRFA,M
1998-02-13,,M,NRFA,M
1998-02-14,,M,NRFA,M
1998-02-15,,M,NRFA,M
1998-02-16,,M,NRFA,M
1998-02-17,,M,NRFA,M
1998-02-18,,M,NRFA,M
1998-02-19,,M,NRFA,M
1998-02-20,,M,NRFA,M
1998-02-21,,M,NRFA,M
1998-02-22,,M,NRFA,M
1998-02-23,,M,NRFA,M
1998-02-24,,M,NRFA,M
1998-02-25,,M,NRFA,M
1998-02-26,,M,NRFA,M
1998-02-27,,M,NRFA,M
1998-02-28,,M,NRFA,M
1998-03-01,,M,NRFA,M
1998-03-02,,M,NRFA,M
1998-03-03,,M,NRFA,M
1998-03-04,,M,NRFA,M
1998-03-05,,M,NRFA,M
1998-03-06,,M,NRFA,M
1998-03-07,,M,NRFA,M
1998-03-08,,M,NRFA,M
1998-03-09,,M,NRFA,M
1998-03-10,,M,NRFA,M
1998-03-11,,M,NRFA,M
1998-03-12,,M,NRFA,M
1998-03-13,,M,NRFA,M
1998-03-14,,M,NRFA,M
1998-03-15,,M,NRFA,M
1998-03-16,,M,NRFA,M
1998-03-17,,M,NRFA,M
1998-03-18,,M,NRFA,M
1998-03-19,,M,NRFA,M
1998-03-20,,M,NRFA,M
1998-03-21,,M,NRFA,M
1998-03-22,,M,NRFA,M
1998-03-23,,M,NRFA,M
1998-03-24,,M,NRFA,M
1998-03-25,,M,NRFA,M
1998-03-26,,M,NRFA,M
1998-03-27,,M,NRFA,M
1998-03-28,,M,NRFA,M
1998-03-29,,M,NRFA,M
1998-03-30,,M,NRFA,M
1998-03-31,,M,NRFA,M
1998-04-01,,M,NRFA,M
1998-04-02,,M,NRFA,M
1998-04-03,,M,NRFA,M
1998-04-04,,M,NRFA,M
1998-04-05,,M,NRFA,M
1998-04-06,,M,NRFA,M
1998-04-07,,M,NRFA,M
1998-04-08,,M,NRFA,M
1998-04-09,,M,NRFA,M
1998-04-10,,M,NRFA,M
1998-04-11,,M,NRFA,M
1998-04-12,,M,NRFA,M
1998-04-13,,M,NRFA,M
1998-04-14,,M,NRFA,M
1998-04-15,,M,NRFA,M
1998-04-16,,M,NRFA,M
1998-04-17,,M,NRFA,M
1998-04-18,,M,NRFA,M
1998-04-19,,M,NRFA,M
1998-04-20,,M,NRFA,M
1998-04-21,,M,NRFA,M
1998-04-22,,M,NRFA,M
1998-04-23,,M,NRFA,M
1998-04-24,,M,NRFA,M
1998-04-25,,M,NRFA,M
1998-04-26,,M,NRFA,M
1998-04-27,,M,NRFA,M
1998-04-28,,M,NRFA,M
1998-04-29,,M,NRFA,M
1998-04-30,,M,NRFA,M
1998-05-01,,M,NRFA,M
1998-05-02,,M,NRFA,M
1998-05-03,,M,NRFA,M
1998-05-04,,M,NRFA,M
1998-05-05,,M,NRFA,M
1998-05-06,,M,NRFA,M
1998-05-07,,M,NRFA,M
1998-05-08,,M,NRFA,M
1998-05-09,,M,NRFA,M
1998-05-10,,M,NRFA,M
1998-05-11,,M,NRFA,M
1998-05-12,,M,NRFA,M
1998-05-13,,M,NRFA,M
1998-05-14,,M,NRFA,M
1998-05-15,,M,NRFA,M
1998-05-16,,M,NRFA,M
1998-05-17,,M,NRFA,M
1998-05-18,,M,NRFA,M
1998-05-19,,M,NRFA,M
1998-05-20,,M,NRFA,M
1998-05-21,,M,NRFA,M
1998-05-22,,M,NRFA,M
1998-05-23,,M,NRFA,M
1998-05-24,,M,NRFA,M
1998-05-25,,M,NRFA,M
1998-05-26,,M,NRFA,M
1998-05-27,,M,NRFA,M
1998-05-28,,M,NRFA,M
1998-05-29,,M,NRFA,M
1998-05-30,,M,NRFA,M
1998-05-31,,M,NRFA,M
1998-06-01,,M,NRFA,M
1998-06-02,,M,NRFA,M
1998-06-03,,M,NRFA,M
1998-06-04,,M,NRFA,M
1998-06-05,,M,NRFA,M
1998-06-06,,M,NRFA,M
1998-06-07,,M,NRFA,M
1998-06-08,,M,NRFA,M
1998-06-09,,M,NRFA,M
1998-06-10,,M,NRFA,M
1998-06-11,,M,NRFA,M
1998-06-12,,M,NRFA,M
1998-06-13,,M,NRFA,M
1998-06-14,,M,NRFA,M
1998-06-15,,M,NRFA,M
1998-06-16,,M,NRFA,M
1998-06-17,,M,NRFA,M
1998-06-18,,M,NRFA,M
1998-06-19,,M,NRFA,M
1998-06-20,,M,NRFA,M
1998-06-21,,M,NRFA,M
1998-06-22,,M,NRFA,M
1998-06-23,,M,NRFA,M
1998-06-24,,M,NRFA,M
1998-06-25,,M,NRFA,M
1998-06-26,,M,NRFA,M
1998-06-27,,M,NRFA,M
1998-06-28,,M,NRFA,M
1998-06-29,,M,NRFA,M
1998-06-30,,M,NRFA,M
1998-07-01,,M,NRFA,M
1998-07-02,,M,NRFA,M
1998-07-03,,M,NRFA,M
1998-07-04,,M,NRFA,M
1998-07-05,,M,NRFA,M
1998-07-06,,M,NRFA,M
1998-07-07,,M,NRFA,M
1998-07-08,,M,NRFA,M
1998-07-09,,M,NRFA,M
1998-07-10,,M,NRFA,M
1998-07-11,,M,NRFA,M
1998-07-12,,M,NRFA,M
1998-07-13,,M,NRFA,M
1998-07-14,,M,NRFA,M
1998-07-15,,M,NRFA,M
1998-07-16,,M,NRFA,M
1998-07-17,,M,NRFA,M
1998-07-18,,M,NRFA,M
1998-07-19,,M,NRFA,M
1998-07-20,,M,NRFA,M
1998-07-21,,M,NRFA,M
1998-07-22,,M,NRFA,M
1998-07-23,,M,NRFA,M
1998-07-24,,M,NRFA,M
1998-07-25,,M,NRFA,M
1998-07-26,,M,NRFA,M
1998-07-27,,M,NRFA,M
1998-07-28,,M,NRFA,M
1998-07-29,,M,NRFA,M
1998-07-30,,M,NRFA,M
1998-07-31,,M,NRFA,M
1998-08-01,,M,NRFA,M
1998-08-02,,M,NRFA,M
1998-08-03,,M,NRFA,M
1998-08-04,,M,NRFA,M
1998-08-05,,M,NRFA,M
1998-08-06,,M,NRFA,M
1998-08-07,,M,NRFA,M
1998-08-08,,M,NRFA,M
1998-08-09,,M,NRFA,M
1998-08-10,,M,NRFA,M
1998-08-11,,M,NRFA,M
1998-08-12,,M,NRFA,M
1998-08-13,,M,NRFA,M
1998-08-14,,M,NRFA,M
1998-08-15,,M,NRFA,M
1998-08-16,,M,NRFA,M
1998-08-17,,M,NRFA,M
1998-08-18,,M,NRFA,M
1998-08-19,,M,NRFA,M
1998-08-20,,M,NRFA,M
1998-08-21,,M,NRFA,M
1998-08-22,,M,NRFA,M
1998-08-23,,M,NRFA,M
1998-08-24,,M,NRFA,M
1998-08-25,,M,NRFA,M
1998-08-26,,M,NRFA,M
1998-08-27,,M,NRFA,M
1998-08-28,,M,NRFA,M
1998-08-29,,M,NRFA,M
1998-08-30,,M,NRFA,M
1998-08-31,,M,NRFA,M
1998-09-01,,M,NRFA,M
1998-09-02,,M,NRFA,M
1998-09-03,,M,NRFA,M
1998-09-04,,M,NRFA,M
1998-09-05,,M,NRFA,M
1998-09-06,,M,NRFA,M
1998-09-07,,M,NRFA,M
1998-09-08,,M,NRFA,M
1998-09-09,,M,NRFA,M
1998-09-10,,M,NRFA,M
1998-09-11,,M,NRFA,M
1998-09-12,,M,NRFA,M
1998-09-13,,M,NRFA,M
1998-09-14,,M,NRFA,M
1998-09-15,,M,NRFA,M
1998-09-16,,M,NRFA,M
1998-09-17,,M,NRFA,M
1998-09-18,,M,NRFA,M
1998-09-19,,M,NRFA,M
1998-09-20,,M,NRFA,M
1998-09-21,,M,NRFA,M
1998-09-22,,M,NRFA,M
1998-09-23,,M,NRFA,M
1998-09-24,,M,NRFA,M
1998-09-25,,M,NRFA,M
1998-09-26,,M,NRFA,M
1998-09-27,,M,NRFA,M
1998-09-28,,M,NRFA,M
1998-09-29,,M,NRFA,M
1998-09-30,,M,NRFA,M
1998-10-01,,M,NRFA,M
1998-10-02,,M,NRFA,M
1998-10-03,,M,NRFA,M
1998-10-04,,M,NRFA,M
1998-10-05,,M,NRFA,M
1998-10-06,,M,NRFA,M
1998-10-07,,M,NRFA,M
1998-10-08,,M,NRFA,M
1998-10-09,,M,NRFA,M
1998-10-10,,M,NRFA,M
1998-10-11,,M,NRFA,M
1998-10-12,,M,NRFA,M
1998-10-13,,M,NRFA,M
1998-10-14,,M,NRFA,M
1998-10-15,,M,NRFA,M
1998-10-16,,M,NRFA,M
1998-10-17,,M,NRFA,M
1998-10-18,,M,NRFA,M
1998-10-19,,M,NRFA,M
1998-10-20,,M,NRFA,M
1998-10-21,,M,NRFA,M
1998-10-22,,M,NRFA,M
1998-10-23,,M,NRFA,M
1998-10-24,,M,NRFA,M
1998-10-25,,M,NRFA,M
1998-10-26,,M,NRFA,M
1998-10-27,,M,NRFA,M
1998-10-28,,M,NRFA,M
1998-10-29,,M,NRFA,M
1998-10-30,,M,NRFA,M
1998-10-31,,M,NRFA,M
1998-11-01,,M,NRFA,M
1998-11-02,,M,NRFA,M
1998-11-03,,M,NRFA,M
1998-11-04,,M,NRFA,M
1998-11-05,,M,NRFA,M
1998-11-06,,M,NRFA,M
1998-11-07,,M,NRFA,M
1998-11-08,,M,NRFA,M
1998-11-09,,M,NRFA,M
1998-11-10,,M,NRFA,M
1998-11-11,,M,NRFA,M
1998-11-12,,M,NRFA,M
1998-11-13,,M,NRFA,M
1998-11-14,,M,NRFA,M
1998-11-15,,M,NRFA,M
1998-11-16,,M,NRFA,M
1998-11-17,,M,NRFA,M
1998-11-18,,M,NRFA,M
1998-11-19,,M,NRFA,M
1998-11-20,,M,NRFA,M
1998-11-21,,M,NRFA,M
1998-11-22,,M,NRFA,M
1998-11-23,,M,NRFA,M
1998-11-24,,M,NRFA,M
1998-11-25,,M,NRFA,M
1998-11-26,,M,NRFA,M
1998-11-27,,M,NRFA,M
1998-11-28,,M,NRFA,M
1998-11-29,,M,NRFA,M
1998-11-30,,M,NRFA,M
1998-12-01,,M,NRFA,M
1998-12-02,,M,NRFA,M
1998-12-03,,M,NRFA,M
1998-12-04,,M,NRFA,M
1998-12-05,,M,NRFA,M
1998-12-06,,M,NRFA,M
1998-12-07,,M,NRFA,M
1998-12-08,,M,NRFA,M
1998-12-09,,M,NRFA,M
1998-12-10,,M,NRFA,M
1998-12-11,,M,NRFA,M
1998-12-12,,M,NRFA,M
1998-12-13,,M,NRFA,M
1998-12-14,,M,NRFA,M
1998-12-15,,M,NRFA,M
1998-12-16,,M,NRFA,M
1998-12-17,,M,NRFA,M
1998-12-18,,M,NRFA,M
1998-12-19,,M,NRFA,M
1998-12-20,,M,NRFA,M
1998-12-21,,M,NRFA,M
1998-12-22,,M,NRFA,M
1998-12-23,,M,NRFA,M
1998-12-24,,M,NRFA,M
1998-12-25,,M,NRFA,M
1998-12-26,,M,NRFA,M
1998-12-27,,M,NRFA,M
1998-12-28,,M,NRFA,M
1998-12-29,,M,NRFA,M
1998-12-30,,M,NRFA,M
1998-12-31,,M,NRFA,M
1999-01-01,,M,NRFA,M
1999-01-02,,M,NRFA,M
1999-01-03,,M,NRFA,M
1999-01-04,,M,NRFA,M
1999-01-05,,M,NRFA,M
1999-01-06,,M,NRFA,M
1999-01-07,,M,NRFA,M
1999-01-08,,M,NRFA,M
1999-01-09,,M,NRFA,M
1999-01-10,,M,NRFA,M
1999-01-11,,M,NRFA,M
1999-01-12,,M,NRFA,M
1999-01-13,,M,NRFA,M
1999-01-14,,M,NRFA,M
1999-01-15,,M,NRFA,M
1999-01-16,,M,NRFA,M
1999-01-17,,M,NRFA,M
1999-01-18,,M,NRFA,M
1999-01-19,,M,NRFA,M
1999-01-20,,M,NRFA,M
1999-01-21,,M,NRFA,M
1999-01-22,,M,NRFA,M
1999-01-23,,M,NRFA,M
1999-01-24,,M,NRFA,M
1999-01-25,,M,NRFA,M
1999-01-26,,M,NRFA,M
1999-01-27,,M,NRFA,M
1999-01-28,,M,NRFA,M
1999-01-29,,M,NRFA,M
1999-01-30,,M,NRFA,M
1999-01-31,,M,NRFA,M
1999-02-01,,M,NRFA,M
1999-02-02,,M,NRFA,M
1999-02-03,,M,NRFA,M
1999-02-04,,M,NRFA,M
1999-02-05,,M,NRFA,M
1999-02-06,,M,NRFA,M
1999-02-07,,M,NRFA,M
1999-02-08,,M,NRFA,M
1999-02-09,,M,NRFA,M
1999-02-10,,M,NRFA,M
1999-02-11,,M,NRFA,M
1999-02-12,,M,NRFA,M
1999-02-13,,M,NRFA,M
1999-02-14,,M,NRFA,M
1999-02-15,,M,NRFA,M
1999-02-16,,M,NRFA,M
1999-02-17,,M,NRFA,M
1999-02-18,,M,NRFA,M
1999-02-19,,M,NRFA,M
1999-02-20,,M,NRFA,M
1999-02-21,,M,NRFA,M
1999-02-22,,M,NRFA,M
1999-02-23,,M,NRFA,M
1999-02-24,,M,NRFA,M
1999-02-25,,M,NRFA,M
1999-02-26,,M,NRFA,M
1999-02-27,,M,NRFA,M
1999-02-28,,M,NRFA,M
1999-03-01,,M,NRFA,M
1999-03-02,,M,NRFA,M
1999-03-03,,M,NRFA,M
1999-03-04,,M,NRFA,M
1999-03-05,,M,NRFA,M
1999-03-06,,M,NRFA,M
1999-03-07,,M,NRFA,M
1999-03-08,,M,NRFA,M
1999-03-09,,M,NRFA,M
1999-03-10,,M,NRFA,M
1999-03-11,,M,NRFA,M
1999-03-12,,M,NRFA,M
1999-03-13,,M,NRFA,M
1999-03-14,,M,NRFA,M
1999-03-15,,M,NRFA,M
1999-03-16,,M,NRFA,M
1999-03-17,,M,NRFA,M
1999-03-18,,M,NRFA,M
1999-03-19,,M,NRFA,M
1999-03-20,,M,NRFA,M
1999-03-21,,M,NRFA,M
1999-03-22,,M,NRFA,M
1999-03-23,,M,NRFA,M
1999-03-24,,M,NRFA,M
1999-03-25,,M,NRFA,M
1999-03-26,,M,NRFA,M
1999-03-27,,M,NRFA,M
1999-03-28,,M,NRFA,M
1999-03-29,,M,NRFA,M
1999-03-30,,M,NRFA,M
1999-03-31,,M,NRFA,M
1999-04-01,,M,NRFA,M
1999-04-02,,M,NRFA,M
1999-04-03,,M,NRFA,M
1999-04-04,,M,NRFA,M
1999-04-05,,M,NRFA,M
1999-04-06,,M,NRFA,M
1999-04-07,,M,NRFA,M
1999-04-08,,M,NRFA,M
1999-04-09,,M,NRFA,M
1999-04-10,,M,NRFA,M
1999-04-11,,M,NRFA,M
1999-04-12,,M,NRFA,M
1999-04-13,,M,NRFA,M
1999-04-14,,M,NRFA,M
1999-04-15,,M,NRFA,M
1999-04-16,,M,NRFA,M
1999-04-17,,M,NRFA,M
1999-04-18,,M,NRFA,M
1999-04-19,,M,NRFA,M
1999-04-20,,M,NRFA,M
1999-04-21,,M,NRFA,M
1999-04-22,,M,NRFA,M
1999-04-23,,M,NRFA,M
1999-04-24,,M,NRFA,M
1999-04-25,,M,NRFA,M
1999-04-26,,M,NRFA,M
1999-04-27,,M,NRFA,M
1999-04-28,,M,NRFA,M
1999-04-29,,M,NRFA,M
1999-04-30,,M,NRFA,M
1999-05-01,,M,NRFA,M
1999-05-02,,M,NRFA,M
1999-05-03,,M,NRFA,M
1999-05-04,,M,NRFA,M
1999-05-05,,M,NRFA,M
1999-05-06,,M,NRFA,M
1999-05-07,,M,NRFA,M
1999-05-08,,M,NRFA,M
1999-05-09,,M,NRFA,M
1999-05-10,,M,NRFA,M
1999-05-11,,M,NRFA,M
1999-05-12,,M,NRFA,M
1999-05-13,,M,NRFA,M
1999-05-14,,M,NRFA,M
1999-05-15,,M,NRFA,M
1999-05-16,,M,NRFA,M
1999-05-17,,M,NRFA,M
1999-05-18,,M,NRFA,M
1999-05-19,,M,NRFA,M
1999-05-20,,M,NRFA,M
1999-05-21,,M,NRFA,M
1999-05-22,,M,NRFA,M
1999-05-23,,M,NRFA,M
1999-05-24,,M,NRFA,M
1999-05-25,,M,NRFA,M
1999-05-26,,M,NRFA,M
1999-05-27,,M,NRFA,M
1999-05-28,,M,NRFA,M
1999-05-29,,M,NRFA,M
1999-05-30,,M,NRFA,M
1999-05-31,,M,NRFA,M
1999-06-01,,M,NRFA,M
1999-06-02,,M,NRFA,M
1999-06-03,,M,NRFA,M
1999-06-04,,M,NRFA,M
1999-06-05,,M,NRFA,M
1999-06-06,,M,NRFA,M
1999-06-07,,M,NRFA,M
1999-06-08,,M,NRFA,M
1999-06-09,,M,NRFA,M
1999-06-10,,M,NRFA,M
1999-06-11,,M,NRFA,M
1999-06-12,,M,NRFA,M
1999-06-13,,M,NRFA,M
1999-06-14,,M,NRFA,M
1999-06-15,,M,NRFA,M
1999-06-16,,M,NRFA,M
1999-06-17,,M,NRFA,M
1999-06-18,,M,NRFA,M
1999-06-19,,M,NRFA,M
1999-06-20,,M,NRFA,M
1999-06-21,,M,NRFA,M
1999-06-22,,M,NRFA,M
1999-06-23,,M,NRFA,M
1999-06-24,,M,NRFA,M
1999-06-25,,M,NRFA,M
1999-06-26,,M,NRFA,M
1999-06-27,,M,NRFA,M
1999-06-28,,M,NRFA,M
1999-06-29,,M,NRFA,M
1999-06-30,,M,NRFA,M
1999-07-01,,M,NRFA,M
1999-07-02,,M,NRFA,M
1999-07-03,,M,NRFA,M
1999-07-04,,M,NRFA,M
1999-07-05,,M,NRFA,M
1999-07-06,,M,NRFA,M
1999-07-07,,M,NRFA,M
1999-07-08,,M,NRFA,M
1999-07-09,,M,NRFA,M
1999-07-10,,M,NRFA,M
1999-07-11,,M,NRFA,M
1999-07-12,,M,NRFA,M
1999-07-13,,M,NRFA,M
1999-07-14,,M,NRFA,M
1999-07-15,,M,NRFA,M
1999-07-16,,M,NRFA,M
1999-07-17,,M,NRFA,M
1999-07-18,,M,NRFA,M
1999-07-19,,M,NRFA,M
1999-07-20,,M,NRFA,M
1999-07-21,,M,NRFA,M
1999-07-22,,M,NRFA,M
1999-07-23,,M,NRFA,M
1999-07-24,,M,NRFA,M
1999-07-25,,M,NRFA,M
1999-07-26,,M,NRFA,M
1999-07-27,,M,NRFA,M
1999-07-28,,M,NRFA,M
1999-07-29,,M,NRFA,M
1999-07-30,,M,NRFA,M
1999-07-31,,M,NRFA,M
1999-08-01,,M,NRFA,M
1999-08-02,,M,NRFA,M
1999-08-03,,M,NRFA,M
1999-08-04,,M,NRFA,M
1999-08-05,,M,NRFA,M
1999-08-06,,M,NRFA,M
1999-08-07,,M,NRFA,M
1999-08-08,,M,NRFA,M
1999-08-09,,M,NRFA,M
1999-08-10,,M,NRFA,M
1999-08-11,,M,NRFA,M
1999-08-12,,M,NRFA,M
1999-08-13,,M,NRFA,M
1999-08-14,,M,NRFA,M
1999-08-15,,M,NRFA,M
1999-08-16,,M,NRFA,M
1999-08-17,,M,NRFA,M
1999-08-18,,M,NRFA,M
1999-08-19,,M,NRFA,M
1999-08-20,,M,NRFA,M
1999-08-21,,M,NRFA,M
1999-08-22,,M,NRFA,M
1999-08-23,,M,NRFA,M
1999-08-24,,M,NRFA,M
1999-08-25,,M,NRFA,M
1999-08-26,,M,NRFA,M
1999-08-27,,M,NRFA,M
1999-08-28,,M,NRFA,M
1999-08-29,,M,NRFA,M
1999-08-30,,M,NRFA,M
1999-08-31,,M,NRFA,M
1999-09-01,,M,NRFA,M
1999-09-02,,M,NRFA,M
1999-09-03,,M,NRFA,M
1999-09-04,,M,NRFA,M
1999-09-05,,M,NRFA,M
1999-09-06,,M,NRFA,M
1999-09-07,,M,NRFA,M
1999-09-08,,M,NRFA,M
1999-09-09,,M,NRFA,M
1999-09-10,,M,NRFA,M
1999-09-11,,M,NRFA,M
1999-09-12,,M,NRFA,M
1999-09-13,,M,NRFA,M
1999-09-14,,M,NRFA,M
1999-09-15,,M,NRFA,M
1999-09-16,,M,NRFA,M
1999-09-17,,M,NRFA,M
1999-09-18,,M,NRFA,M
1999-09-19,,M,NRFA,M
1999-09-20,,M,NRFA,M
1999-09-21,,M,NRFA,M
1999-09-22,,M,NRFA,M
1999-09-23,,M,NRFA,M
1999-09-24,,M,NRFA,M
1999-09-25,,M,NRFA,M
1999-09-26,,M,NRFA,M
1999-09-27,,M,NRFA,M
1999-09-28,,M,NRFA,M
1999-09-29,,M,NRFA,M
1999-09-30,,M,NRFA,M
1999-10-01,,M,NRFA,M
1999-10-02,,M,NRFA,M
1999-10-03,,M,NRFA,M
1999-10-04,,M,NRFA,M
1999-10-05,,M,NRFA,M
1999-10-06,,M,NRFA,M
1999-10-07,,M,NRFA,M
1999-10-08,,M,NRFA,M
1999-10-09,,M,NRFA,M
1999-10-10,,M,NRFA,M
1999-10-11,,M,NRFA,M
1999-10-12,,M,NRFA,M
1999-10-13,,M,NRFA,M
1999-10-14,,M,NRFA,M
1999-10-15,,M,NRFA,M
1999-10-16,,M,NRFA,M
1999-10-17,,M,NRFA,M
1999-10-18,,M,NRFA,M
1999-10-19,,M,NRFA,M
1999-10-20,,M,NRFA,M
1999-10-21,,M,NRFA,M
1999-10-22,,M,NRFA,M
1999-10-23,,M,NRFA,M
1999-10-24,,M,NRFA,M
1999-10-25,,M,NRFA,M
1999-10-26,,M,NRFA,M
1999-10-27,,M,NRFA,M
1999-10-28,,M,NRFA,M
1999-10-29,,M,NRFA,M
1999-10-30,,M,NRFA,M
1999-10-31,,M,NRFA,M
1999-11-01,,M,NRFA,M
1999-11-02,,M,NRFA,M
1999-11-03,,M,NRFA,M
1999-11-04,,M,NRFA,M
1999-11-05,,M,NRFA,M
1999-11-06,,M,NRFA,M
1999-11-07,,M,NRFA,M
1999-11-08,,M,NRFA,M
1999-11-09,,M,NRFA,M
1999-11-10,,M,NRFA,M
1999-11-11,,M,NRFA,M
1999-11-12,,M,NRFA,M
1999-11-13,,M,NRFA,M
1999-11-14,,M,NRFA,M
1999-11-15,,M,NRFA,M
1999-11-16,,M,NRFA,M
1999-11-17,,M,NRFA,M
1999-11-18,,M,NRFA,M
1999-11-19,,M,NRFA,M
1999-11-20,,M,NRFA,M
1999-11-21,,M,NRFA,M
1999-11-22,,M,NRFA,M
1999-11-23,,M,NRFA,M
1999-11-24,,M,NRFA,M
1999-11-25,,M,NRFA,M
1999-11-26,,M,NRFA,M
1999-11-27,,M,NRFA,M
1999-11-28,,M,NRFA,M
1999-11-29,,M,NRFA,M
1999-11-30,,M,NRFA,M
1999-12-01,,M,NRFA,M
1999-12-02,,M,NRFA,M
1999-12-03,,M,NRFA,M
1999-12-04,,M,NRFA,M
1999-12-05,,M,NRFA,M
1999-12-06,,M,NRFA,M
1999-12-07,,M,NRFA,M
1999-12-08,,M,NRFA,M
1999-12-09,,M,NRFA,M
1999-12-10,,M,NRFA,M
1999-12-11,,M,NRFA,M
1999-12-12,,M,NRFA,M
1999-12-13,,M,NRFA,M
1999-12-14,,M,NRFA,M
1999-12-15,,M,NRFA,M
1999-12-16,,M,NRFA,M
1999-12-17,,M,NRFA,M
1999-12-18,,M,NRFA,M
1999-12-19,,M,NRFA,M
1999-12-20,,M,NRFA,M
1999-12-21,,M,NRFA,M
1999-12-22,,M,NRFA,M
1999-12-23,,M,NRFA,M
1999-12-24,,M,NRFA,M
1999-12-25,,M,NRFA,M
1999-12-26,,M,NRFA,M
1999-12-27,,M,NRFA,M
1999-12-28,,M,NRFA,M
1999-12-29,,M,NRFA,M
1999-12-30,,M,NRFA,M
1999-12-31,,M,NRFA,M
2000-01-01,,M,NRFA,M
2000-01-02,,M,NRFA,M
2000-01-03,,M,NRFA,M
2000-01-04,,M,NRFA,M
2000-01-05,,M,NRFA,M
2000-01-06,,M,NRFA,M
2000-01-07,,M,NRFA,M
2000-01-08,,M,NRFA,M
2000-01-09,,M,NRFA,M
2000-01-10,,M,NRFA,M
2000-01-11,,M,NRFA,M
2000-01-12,,M,NRFA,M
2000-01-13,,M,NRFA,M
2000-01-14,,M,NRFA,M
2000-01-15,,M,NRFA,M
2000-01-16,,M,NRFA,M
2000-01-17,,M,NRFA,M
2000-01-18,,M,NRFA,M
2000-01-19,,M,NRFA,M
2000-01-20,,M,NRFA,M
2000-01-21,,M,NRFA,M
2000-01-22,,M,NRFA,M
2000-01-23,,M,NRFA,M
2000-01-24,,M,NRFA,M
2000-01-25,,M,NRFA,M
2000-01-26,,M,NRFA,M
2000-01-27,,M,NRFA,M
2000-01-28,,M,NRFA,M
2000-01-29,,M,NRFA,M
2000-01-30,,M,NRFA,M
2000-01-31,,M,NRFA,M
2000-02-01,,M,NRFA,M
2000-02-02,,M,NRFA,M
2000-02-03,,M,NRFA,M
2000-02-04,,M,NRFA,M
2000-02-05,,M,NRFA,M
2000-02-06,,M,NRFA,M
2000-02-07,,M,NRFA,M
2000-02-08,,M,NRFA,M
2000-02-09,,M,NRFA,M
2000-02-10,,M,NRFA,M
2000-02-11,,M,NRFA,M
2000-02-12,,M,NRFA,M
2000-02-13,,M,NRFA,M
2000-02-14,,M,NRFA,M
2000-02-15,,M,NRFA,M
2000-02-16,,M,NRFA,M
2000-02-17,,M,NRFA,M
2000-02-18,,M,NRFA,M
2000-02-19,,M,NRFA,M
2000-02-20,,M,NRFA,M
2000-02-21,,M,NRFA,M
2000-02-22,,M,NRFA,M
2000-02-23,,M,NRFA,M
2000-02-24,,M,NRFA,M
2000-02-25,,M,NRFA,M
2000-02-26,,M,NRFA,M
2000-02-27,,M,NRFA,M
2000-02-28,,M,NRFA,M
2000-02-29,,M,NRFA,M
2000-03-01,,M,NRFA,M
2000-03-02,,M,NRFA,M
2000-03-03,,M,NRFA,M
2000-03-04,,M,NRFA,M
2000-03-05,,M,NRFA,M
2000-03-06,,M,NRFA,M
2000-03-07,,M,NRFA,M
2000-03-08,,M,NRFA,M
2000-03-09,,M,NRFA,M
2000-03-10,,M,NRFA,M
2000-03-11,,M,NRFA,M
2000-03-12,,M,NRFA,M
2000-03-13,,M,NRFA,M
2000-03-14,,M,NRFA,M
2000-03-15,,M,NRFA,M
2000-03-16,,M,NRFA,M
2000-03-17,,M,NRFA,M
2000-03-18,,M,NRFA,M
2000-03-19,,M,NRFA,M
2000-03-20,,M,NRFA,M
2000-03-21,,M,NRFA,M
2000-03-22,,M,NRFA,M
2000-03-23,,M,NRFA,M
2000-03-24,,M,NRFA,M
2000-03-25,,M,NRFA,M
2000-03-26,,M,NRFA,M
2000-03-27,,M,NRFA,M
2000-03-28,,M,NRFA,M
2000-03-29,,M,NRFA,M
2000-03-30,,M,NRFA,M
2000-03-31,,M,NRFA,M
2000-04-01,,M,NRFA,M
2000-04-02,,M,NRFA,M
2000-04-03,,M,NRFA,M
2000-04-04,,M,NRFA,M
2000-04-05,,M,NRFA,M
2000-04-06,,M,NRFA,M
2000-04-07,,M,NRFA,M
2000-04-08,,M,NRFA,M
2000-04-09,,M,NRFA,M
2000-04-10,,M,NRFA,M
2000-04-11,,M,NRFA,M
2000-04-12,,M,NRFA,M
2000-04-13,,M,NRFA,M
2000-04-14,,M,NRFA,M
2000-04-15,,M,NRFA,M
2000-04-16,,M,NRFA,M
2000-04-17,,M,NRFA,M
2000-04-18,,M,NRFA,M
2000-04-19,,M,NRFA,M
2000-04-20,,M,NRFA,M
2000-04-21,,M,NRFA,M
2000-04-22,,M,NRFA,M
2000-04-23,,M,NRFA,M
2000-04-24,,M,NRFA,M
2000-04-25,,M,NRFA,M
2000-04-26,,M,NRFA,M
2000-04-27,,M,NRFA,M
2000-04-28,,M,NRFA,M
2000-04-29,,M,NRFA,M
2000-04-30,,M,NRFA,M
2000-05-01,,M,NRFA,M
2000-05-02,,M,NRFA,M
2000-05-03,,M,NRFA,M
2000-05-04,,M,NRFA,M
2000-05-05,,M,NRFA,M
2000-05-06,,M,NRFA,M
2000-05-07,,M,NRFA,M
2000-05-08,,M,NRFA,M
2000-05-09,,M,NRFA,M
2000-05-10,,M,NRFA,M
2000-05-11,,M,NRFA,M
2000-05-12,,M,NRFA,M
2000-05-13,,M,NRFA,M
2000-05-14,,M,NRFA,M
2000-05-15,,M,NRFA,M
2000-05-16,,M,NRFA,M
2000-05-17,,M,NRFA,M
2000-05-18,,M,NRFA,M
2000-05-19,,M,NRFA,M
2000-05-20,,M,NRFA,M
2000-05-21,,M,NRFA,M
2000-05-22,,M,NRFA,M
2000-05-23,,M,NRFA,M
2000-05-24,,M,NRFA,M
2000-05-25,,M,NRFA,M
2000-05-26,,M,NRFA,M
2000-05-27,,M,NRFA,M
2000-05-28,,M,NRFA,M
2000-05-29,,M,NRFA,M
2000-05-30,,M,NRFA,M
2000-05-31,,M,NRFA,M
2000-06-01,,M,NRFA,M
2000-06-02,,M,NRFA,M
2000-06-03,,M,NRFA,M
2000-06-04,,M,NRFA,M
2000-06-05,,M,NRFA,M
2000-06-06,,M,NRFA,M
2000-06-07,,M,NRFA,M
2000-06-08,,M,NRFA,M
2000-06-09,,M,NRFA,M
2000-06-10,,M,NRFA,M
2000-06-11,,M,NRFA,M
2000-06-12,,M,NRFA,M
2000-06-13,,M,NRFA,M
2000-06-14,,M,NRFA,M
2000-06-15,,M,NRFA,M
2000-06-16,,M,NRFA,M
2000-06-17,,M,NRFA,M
2000-06-18,,M,NRFA,M
2000-06-19,,M,NRFA,M
2000-06-20,,M,NRFA,M
2000-06-21,,M,NRFA,M
2000-06-22,,M,NRFA,M
2000-06-23,,M,NRFA,M
2000-06-24,,M,NRFA,M
2000-06-25,,M,NRFA,M
2000-06-26,,M,NRFA,M
2000-06-27,,M,NRFA,M
2000-06-28,,M,NRFA,M
2000-06-29,,M,NRFA,M
2000-06-30,,M,NRFA,M
2000-07-01,,M,NRFA,M
2000-07-02,,M,NRFA,M
2000-07-03,,M,NRFA,M
2000-07-04,,M,NRFA,M
2000-07-05,,M,NRFA,M
2000-07-06,,M,NRFA,M
2000-07-07,,M,NRFA,M
2000-07-08,,M,NRFA,M
2000-07-09,,M,NRFA,M
2000-07-10,,M,NRFA,M
2000-07-11,,M,NRFA,M
2000-07-12,,M,NRFA,M
2000-07-13,,M,NRFA,M
2000-07-14,,M,NRFA,M
2000-07-15,,M,NRFA,M
2000-07-16,,M,NRFA,M
2000-07-17,,M,NRFA,M
2000-07-18,,M,NRFA,M
2000-07-19,,M,NRFA,M
2000-07-20,,M,NRFA,M
2000-07-21,,M,NRFA,M
2000-07-22,,M,NRFA,M
2000-07-23,,M,NRFA,M
2000-07-24,,M,NRFA,M
2000-07-25,,M,NRFA,M
2000-07-26,,M,NRFA,M
2000-07-27,,M,NRFA,M
2000-07-28,,M,NRFA,M
2000-07-29,,M,NRFA,M
2000-07-30,,M,NRFA,M
2000-07-31,,M,NRFA,M
2000-08-01,,M,NRFA,M
2000-08-02,,M,NRFA,M
2000-08-03,,M,NRFA,M
2000-08-04,,M,NRFA,M
2000-08-05,,M,NRFA,M
2000-08-06,,M,NRFA,M
2000-08-07,,M,NRFA,M
2000-08-08,,M,NRFA,M
2000-08-09,,M,NRFA,M
2000-08-10,,M,NRFA,M
2000-08-11,,M,NRFA,M
2000-08-12,,M,NRFA,M
2000-08-13,,M,NRFA,M
2000-08-14,,M,NRFA,M
2000-08-15,,M,NRFA,M
2000-08-16,,M,NRFA,M
2000-08-17,,M,NRFA,M
2000-08-18,,M,NRFA,M
2000-08-19,,M,NRFA,M
2000-08-20,,M,NRFA,M
2000-08-21,,M,NRFA,M
2000-08-22,,M,NRFA,M
2000-08-23,,M,NRFA,M
2000-08-24,,M,NRFA,M
2000-08-25,,M,NRFA,M
2000-08-26,,M,NRFA,M
2000-08-27,,M,NRFA,M
2000-08-28,,M,NRFA,M
2000-08-29,,M,NRFA,M
2000-08-30,,M,NRFA,M
2000-08-31,,M,NRFA,M
2000-09-01,,M,NRFA,M
2000-09-02,,M,NRFA,M
2000-09-03,,M,NRFA,M
2000-09-04,,M,NRFA,M
2000-09-05,,M,NRFA,M
2000-09-06,,M,NRFA,M
2000-09-07,,M,NRFA,M
2000-09-08,,M,NRFA,M
2000-09-09,,M,NRFA,M
2000-09-10,,M,NRFA,M
2000-09-11,,M,NRFA,M
2000-09-12,,M,NRFA,M
2000-09-13,,M,NRFA,M
2000-09-14,,M,NRFA,M
2000-09-15,,M,NRFA,M
2000-09-16,,M,NRFA,M
2000-09-17,,M,NRFA,M
2000-09-18,,M,NRFA,M
2000-09-19,,M,NRFA,M
2000-09-20,,M,NRFA,M
2000-09-21,,M,NRFA,M
2000-09-22,,M,NRFA,M
2000-09-23,,M,NRFA,M
2000-09-24,,M,NRFA,M
2000-09-25,,M,NRFA,M
2000-09-26,,M,NRFA,M
2000-09-27,,M,NRFA,M
2000-09-28,,M,NRFA,M
2000-09-29,,M,NRFA,M
2000-09-30,,M,NRFA,M
2000-10-01,,M,NRFA,M
2000-10-02,,M,NRFA,M
2000-10-03,,M,NRFA,M
2000-10-04,,M,NRFA,M
2000-10-05,,M,NRFA,M
2000-10-06,,M,NRFA,M
2000-10-07,,M,NRFA,M
2000-10-08,,M,NRFA,M
2000-10-09,,M,NRFA,M
2000-10-10,,M,NRFA,M
2000-10-11,,M,NRFA,M
2000-10-12,,M,NRFA,M
2000-10-13,,M,NRFA,M
2000-10-14,,M,NRFA,M
2000-10-15,,M,NRFA,M
2000-10-16,,M,NRFA,M
2000-10-17,,M,NRFA,M
2000-10-18,,M,NRFA,M
2000-10-19,,M,NRFA,M
2000-10-20,,M,NRFA,M
2000-10-21,,M,NRFA,M
2000-10-22,,M,NRFA,M
2000-10-23,,M,NRFA,M
2000-10-24,,M,NRFA,M
2000-10-25,,M,NRFA,M
2000-10-26,,M,NRFA,M
2000-10-27,,M,NRFA,M
2000-10-28,,M,NRFA,M
2000-10-29,,M,NRFA,M
2000-10-30,,M,NRFA,M
2000-10-31,,M,NRFA,M
2000-11-01,,M,NRFA,M
2000-11-02,,M,NRFA,M
2000-11-03,,M,NRFA,M
2000-11-04,,M,NRFA,M
2000-11-05,,M,NRFA,M
2000-11-06,,M,NRFA,M
2000-11-07,,M,NRFA,M
2000-11-08,,M,NRFA,M
2000-11-09,,M,NRFA,M
2000-11-10,,M,NRFA,M
2000-11-11,,M,NRFA,M
2000-11-12,,M,NRFA,M
2000-11-13,,M,NRFA,M
2000-11-14,,M,NRFA,M
2000-11-15,,M,NRFA,M
2000-11-16,,M,NRFA,M
2000-11-17,,M,NRFA,M
2000-11-18,,M,NRFA,M
2000-11-19,,M,NRFA,M
2000-11-20,,M,NRFA,M
2000-11-21,,M,NRFA,M
2000-11-22,,M,NRFA,M
2000-11-23,,M,NRFA,M
2000-11-24,,M,NRFA,M
2000-11-25,,M,NRFA,M
2000-11-26,,M,NRFA,M
2000-11-27,,M,NRFA,M
2000-11-28,,M,NRFA,M
2000-11-29,,M,NRFA,M
2000-11-30,,M,NRFA,M
2000-12-01,,M,NRFA,M
2000-12-02,,M,NRFA,M
2000-12-03,,M,NRFA,M
2000-12-04,,M,NRFA,M
2000-12-05,,M,NRFA,M
2000-12-06,,M,NRFA,M
2000-12-07,,M,NRFA,M
2000-12-08,,M,NRFA,M
2000-12-09,,M,NRFA,M
2000-12-10,,M,NRFA,M
2000-12-11,,M,NRFA,M
2000-12-12,,M,NRFA,M
2000-12-13,,M,NRFA,M
2000-12-14,,M,NRFA,M
2000-12-15,,M,NRFA,M
2000-12-16,,M,NRFA,M
2000-12-17,,M,NRFA,M
2000-12-18,,M,NRFA,M
2000-12-19,,M,NRFA,M
2000-12-20,,M,NRFA,M
2000-12-21,,M,NRFA,M
2000-12-22,,M,NRFA,M
2000-12-23,,M,NRFA,M
2000-12-24,,M,NRFA,M
2000-12-25,,M,NRFA,M
2000-12-26,,M,NRFA,M
2000-12-27,,M,NRFA,M
2000-12-28,,M,NRFA,M
2000-12-29,,M,NRFA,M
2000-12-30,,M,NRFA,M
2000-12-31,,M,NRFA,M
2001-01-01,,M,NRFA,M
2001-01-02,,M,NRFA,M
2001-01-03,,M,NRFA,M
2001-01-04,,M,NRFA,M
2001-01-05,,M,NRFA,M
2001-01-06,,M,NRFA,M
2001-01-07,,M,NRFA,M
2001-01-08,,M,NRFA,M
2001-01-09,,M,NRFA,M
2001-01-10,,M,NRFA,M
2001-01-11,,M,NRFA,M
2001-01-12,,M,NRFA,M
2001-01-13,,M,NRFA,M
2001-01-14,,M,NRFA,M
2001-01-15,,M,NRFA,M
2001-01-16,,M,NRFA,M
2001-01-17,,M,NRFA,M
2001-01-18,,M,NRFA,M
2001-01-19,,M,NRFA,M
2001-01-20,,M,NRFA,M
2001-01-21,,M,NRFA,M
2001-01-22,,M,NRFA,M
2001-01-23,,M,NRFA,M
2001-01-24,,M,NRFA,M
2001-01-25,,M,NRFA,M
2001-01-26,,M,NRFA,M
2001-01-27,,M,NRFA,M
2001-01-28,,M,NRFA,M
2001-01-29,,M,NRFA,M
2001-01-30,,M,NRFA,M
2001-01-31,,M,NRFA,M
2001-02-01,,M,NRFA,M
2001-02-02,,M,NRFA,M
2001-02-03,,M,NRFA,M
2001-02-04,,M,NRFA,M
2001-02-05,,M,NRFA,M
2001-02-06,,M,NRFA,M
2001-02-07,,M,NRFA,M
2001-02-08,,M,NRFA,M
2001-02-09,,M,NRFA,M
2001-02-10,,M,NRFA,M
2001-02-11,,M,NRFA,M
2001-02-12,,M,NRFA,M
2001-02-13,,M,NRFA,M
2001-02-14,,M,NRFA,M
2001-02-15,,M,NRFA,M
2001-02-16,,M,NRFA,M
2001-02-17,,M,NRFA,M
2001-02-18,,M,NRFA,M
2001-02-19,,M,NRFA,M
2001-02-20,0.063,NRFA,
2001-02-21,0.082,NRFA,
2001-02-22,0.068,NRFA,
2001-02-23,0.055,NRFA,
2001-02-24,0.045,NRFA,
2001-02-25,0.068,NRFA,
2001-02-26,0.058,NRFA,
2001-02-27,0.037,NRFA,
2001-02-28,0.080,NRFA,
2001-03-01,0.084,NRFA,
2001-03-02,0.079,NRFA,
2001-03-03,0.054,NRFA,
2001-03-04,0.057,NRFA,
2001-03-05,0.052,NRFA,
2001-03-06,0.234,NRFA,
2001-03-07,2.934,NRFA,
2001-03-08,1.094,NRFA,
2001-03-09,0.726,NRFA,
2001-03-10,0.518,NRFA,
2001-03-11,0.477,NRFA,
2001-03-12,0.226,NRFA,
2001-03-13,0.124,NRFA,
2001-03-14,0.091,NRFA,
2001-03-15,0.074,NRFA,
2001-03-16,0.062,NRFA,
2001-03-17,0.056,NRFA,
2001-03-18,0.057,NRFA,
2001-03-19,0.079,NRFA,
2001-03-20,0.080,NRFA,
2001-03-21,0.068,NRFA,
2001-03-22,0.082,NRFA,
2001-03-23,0.788,NRFA,
2001-03-24,0.521,NRFA,
2001-03-25,0.309,NRFA,
2001-03-26,0.195,NRFA,
2001-03-27,0.691,NRFA,
2001-03-28,0.905,NRFA,
2001-03-29,0.458,NRFA,
2001-03-30,0.365,NRFA,
2001-03-31,0.601,NRFA,
2001-04-01,0.179,NRFA,
2001-04-02,0.798,NRFA,
2001-04-03,0.279,NRFA,
2001-04-04,0.605,NRFA,
2001-04-05,1.167,NRFA,
2001-04-06,1.372,NRFA,
2001-04-07,1.644,NRFA,
2001-04-08,0.286,NRFA,
2001-04-09,0.519,NRFA,
2001-04-10,0.449,NRFA,
2001-04-11,0.255,NRFA,
2001-04-12,0.148,NRFA,
2001-04-13,0.104,NRFA,
2001-04-14,0.098,NRFA,
2001-04-15,0.102,NRFA,
2001-04-16,0.076,NRFA,
2001-04-17,0.139,NRFA,
2001-04-18,0.274,NRFA,
2001-04-19,0.284,NRFA,
2001-04-20,0.233,NRFA,
2001-04-21,0.123,NRFA,
2001-04-22,1.164,NRFA,
2001-04-23,0.924,NRFA,
2001-04-24,0.294,NRFA,
2001-04-25,0.374,NRFA,
2001-04-26,0.573,NRFA,
2001-04-27,0.300,NRFA,
2001-04-28,0.226,NRFA,
2001-04-29,0.963,NRFA,
2001-04-30,0.429,NRFA,
2001-05-01,0.147,NRFA,
2001-05-02,0.087,NRFA,
2001-05-03,0.086,NRFA,
2001-05-04,0.071,NRFA,
2001-05-05,0.059,NRFA,
2001-05-06,0.049,NRFA,
2001-05-07,0.044,NRFA,
2001-05-08,0.040,NRFA,
2001-05-09,0.037,NRFA,
2001-05-10,0.034,NRFA,
2001-05-11,0.031,NRFA,
2001-05-12,0.029,NRFA,
2001-05-13,0.028,NRFA,
2001-05-14,0.029,NRFA,
2001-05-15,0.038,NRFA,
2001-05-16,0.036,NRFA,
2001-05-17,0.047,NRFA,
2001-05-18,0.047,NRFA,
2001-05-19,0.035,NRFA,
2001-05-20,0.031,NRFA,
2001-05-21,0.029,NRFA,
2001-05-22,0.027,NRFA,
2001-05-23,0.026,NRFA,
2001-05-24,0.024,NRFA,
2001-05-25,0.024,NRFA,
2001-05-26,0.023,NRFA,
2001-05-27,0.025,NRFA,
2001-05-28,0.027,NRFA,
2001-05-29,0.020,NRFA,
2001-05-30,0.022,NRFA,
2001-05-31,0.019,NRFA,
2001-06-01,0.028,NRFA,
2001-06-02,0.037,NRFA,
2001-06-03,0.023,NRFA,
2001-06-04,0.019,NRFA,
2001-06-05,0.018,NRFA,
2001-06-06,0.149,NRFA,
2001-06-07,0.157,NRFA,
2001-06-08,0.078,NRFA,
2001-06-09,0.214,NRFA,
2001-06-10,0.121,NRFA,
2001-06-11,0.059,NRFA,
2001-06-12,0.044,NRFA,
2001-06-13,0.036,NRFA,
2001-06-14,0.038,NRFA,
2001-06-15,0.161,NRFA,
2001-06-16,0.356,NRFA,
2001-06-17,0.136,NRFA,
2001-06-18,0.062,NRFA,
2001-06-19,0.047,NRFA,
2001-06-20,0.039,NRFA,
2001-06-21,0.032,NRFA,
2001-06-22,0.029,NRFA,
2001-06-23,0.027,NRFA,
2001-06-24,0.022,NRFA,
2001-06-25,0.020,NRFA,
2001-06-26,0.020,NRFA,
2001-06-27,0.019,NRFA,
2001-06-28,0.017,NRFA,
2001-06-29,0.018,NRFA,
2001-06-30,0.019,NRFA,
2001-07-01,0.017,NRFA,
2001-07-02,0.016,NRFA,
2001-07-03,0.015,NRFA,
2001-07-04,0.015,NRFA,
2001-07-05,0.013,NRFA,
2001-07-06,0.017,NRFA,
2001-07-07,0.030,NRFA,
2001-07-08,0.020,NRFA,
2001-07-09,0.016,NRFA,
2001-07-10,0.019,NRFA,
2001-07-11,0.042,NRFA,
2001-07-12,0.027,NRFA,
2001-07-13,0.024,NRFA,
2001-07-14,1.046,NRFA,
2001-07-15,0.442,NRFA,
2001-07-16,0.182,NRFA,
2001-07-17,0.101,NRFA,
2001-07-18,0.059,NRFA,
2001-07-19,0.106,NRFA,
2001-07-20,0.057,NRFA,
2001-07-21,0.044,NRFA,
2001-07-22,0.050,NRFA,
2001-07-23,0.034,NRFA,
2001-07-24,0.028,NRFA,
2001-07-25,0.026,NRFA,
2001-07-26,0.023,NRFA,
2001-07-27,0.021,NRFA,
2001-07-28,0.019,NRFA,
2001-07-29,0.018,NRFA,
2001-07-30,0.017,NRFA,
2001-07-31,0.017,NRFA,
2001-08-01,0.015,NRFA,
2001-08-02,0.016,NRFA,
2001-08-03,0.015,NRFA,
2001-08-04,0.038,NRFA,
2001-08-05,0.022,NRFA,
2001-08-06,0.021,NRFA,
2001-08-07,0.088,NRFA,
2001-08-08,0.248,NRFA,
2001-08-09,0.073,NRFA,
2001-08-10,0.039,NRFA,
2001-08-11,0.046,NRFA,
2001-08-12,0.128,NRFA,
2001-08-13,0.366,NRFA,
2001-08-14,0.215,NRFA,
2001-08-15,0.241,NRFA,
2001-08-16,0.376,NRFA,
2001-08-17,0.123,NRFA,
2001-08-18,0.076,NRFA,
2001-08-19,1.184,NRFA,
2001-08-20,0.292,NRFA,
2001-08-21,0.098,NRFA,
2001-08-22,0.060,NRFA,
2001-08-23,0.045,NRFA,
2001-08-24,0.043,NRFA,
2001-08-25,0.038,NRFA,
2001-08-26,0.031,NRFA,
2001-08-27,0.027,NRFA,
2001-08-28,0.024,NRFA,
2001-08-29,0.022,NRFA,
2001-08-30,0.027,NRFA,
2001-08-31,0.025,NRFA,
2001-09-01,0.022,NRFA,
2001-09-02,0.023,NRFA,
2001-09-03,0.020,NRFA,
2001-09-04,0.019,NRFA,
2001-09-05,0.020,NRFA,
2001-09-06,0.018,NRFA,
2001-09-07,0.028,NRFA,
2001-09-08,0.025,NRFA,
2001-09-09,0.019,NRFA,
2001-09-10,0.018,NRFA,
2001-09-11,0.018,NRFA,
2001-09-12,0.112,NRFA,
2001-09-13,0.455,NRFA,
2001-09-14,0.126,NRFA,
2001-09-15,0.081,NRFA,
2001-09-16,0.057,NRFA,
2001-09-17,0.049,NRFA,
2001-09-18,0.050,NRFA,
2001-09-19,0.714,NRFA,
2001-09-20,0.293,NRFA,
2001-09-21,0.194,NRFA,
2001-09-22,0.100,NRFA,
2001-09-23,0.102,NRFA,
2001-09-24,1.907,NRFA,
2001-09-25,3.762,NRFA,
2001-09-26,0.486,NRFA,
2001-09-27,2.545,NRFA,
2001-09-28,0.520,NRFA,
2001-09-29,0.304,NRFA,
2001-09-30,2.610,NRFA,
2001-10-01,2.104,NRFA,
2001-10-02,1.126,NRFA,
2001-10-03,1.055,NRFA,
2001-10-04,0.364,NRFA,
2001-10-05,1.003,NRFA,
2001-10-06,0.491,NRFA,
2001-10-07,1.743,NRFA,
2001-10-08,2.660,NRFA,
2001-10-09,0.460,NRFA,
2001-10-10,0.392,NRFA,
2001-10-11,0.260,NRFA,
2001-10-12,0.219,NRFA,
2001-10-13,0.137,NRFA,
2001-10-14,0.362,NRFA,
2001-10-15,0.372,NRFA,
2001-10-16,0.178,NRFA,
2001-10-17,0.127,NRFA,
2001-10-18,1.264,NRFA,
2001-10-19,0.273,NRFA,
2001-10-20,1.277,NRFA,
2001-10-21,1.531,NRFA,
2001-10-22,1.428,NRFA,
2001-10-23,1.124,NRFA,
2001-10-24,0.408,NRFA,
2001-10-25,0.645,NRFA,
2001-10-26,0.588,NRFA,
2001-10-27,0.303,NRFA,
2001-10-28,0.163,NRFA,
2001-10-29,0.110,NRFA,
2001-10-30,0.280,NRFA,
2001-10-31,0.261,NRFA,
2001-11-01,0.122,NRFA,
2001-11-02,0.087,NRFA,
2001-11-03,0.076,NRFA,
2001-11-04,0.076,NRFA,
2001-11-05,0.434,NRFA,
2001-11-06,0.245,NRFA,
2001-11-07,1.424,NRFA,
2001-11-08,0.450,NRFA,
2001-11-09,0.183,NRFA,
2001-11-10,0.764,NRFA,
2001-11-11,0.258,NRFA,
2001-11-12,0.463,NRFA,
2001-11-13,0.205,NRFA,
2001-11-14,0.137,NRFA,
2001-11-15,0.114,NRFA,
2001-11-16,0.099,NRFA,
2001-11-17,0.086,NRFA,
2001-11-18,0.079,NRFA,
2001-11-19,0.130,NRFA,
2001-11-20,0.189,NRFA,
2001-11-21,2.802,NRFA,
2001-11-22,0.359,NRFA,
2001-11-23,0.196,NRFA,
2001-11-24,0.187,NRFA,
2001-11-25,0.441,NRFA,
2001-11-26,0.202,NRFA,
2001-11-27,1.451,NRFA,
2001-11-28,1.167,NRFA,
2001-11-29,0.859,NRFA,
2001-11-30,0.787,NRFA,
2001-12-01,0.461,NRFA,
2001-12-02,0.215,NRFA,
2001-12-03,1.979,NRFA,
2001-12-04,0.937,NRFA,
2001-12-05,2.853,NRFA,
2001-12-06,0.403,NRFA,
2001-12-07,0.408,NRFA,
2001-12-08,0.269,NRFA,
2001-12-09,0.171,NRFA,
2001-12-10,0.124,NRFA,
2001-12-11,0.105,NRFA,
2001-12-12,0.097,NRFA,
2001-12-13,0.096,NRFA,
2001-12-14,0.088,NRFA,
2001-12-15,0.099,NRFA,
2001-12-16,0.338,NRFA,
2001-12-17,0.224,NRFA,
2001-12-18,0.286,NRFA,
2001-12-19,0.156,NRFA,
2001-12-20,0.158,NRFA,
2001-12-21,0.798,NRFA,
2001-12-22,0.167,NRFA,
2001-12-23,0.679,NRFA,
2001-12-24,0.943,NRFA,
2001-12-25,0.228,NRFA,
2001-12-26,0.163,NRFA,
2001-12-27,1.650,NRFA,
2001-12-28,0.424,NRFA,
2001-12-29,0.120,NRFA,
2001-12-30,0.092,NRFA,
2001-12-31,0.095,NRFA,
2002-01-01,0.087,NRFA,
2002-01-02,0.120,NRFA,
2002-01-03,0.079,NRFA,
2002-01-04,0.045,NRFA,
2002-01-05,0.095,NRFA,
2002-01-06,0.104,NRFA,
2002-01-07,0.180,NRFA,
2002-01-08,0.157,NRFA,
2002-01-09,0.104,NRFA,
2002-01-10,0.075,NRFA,
2002-01-11,0.125,NRFA,
2002-01-12,0.247,NRFA,
2002-01-13,0.314,NRFA,
2002-01-14,0.511,NRFA,
2002-01-15,0.285,NRFA,
2002-01-16,0.439,NRFA,
2002-01-17,1.284,NRFA,
2002-01-18,0.692,NRFA,
2002-01-19,0.665,NRFA,
2002-01-20,1.262,NRFA,
2002-01-21,1.748,NRFA,
2002-01-22,0.785,NRFA,
2002-01-23,1.949,NRFA,
2002-01-24,0.603,NRFA,
2002-01-25,1.409,NRFA,
2002-01-26,2.245,NRFA,
2002-01-27,0.840,NRFA,
2002-01-28,0.971,NRFA,
2002-01-29,1.102,NRFA,
2002-01-30,1.665,NRFA,
2002-01-31,2.212,NRFA,
2002-02-01,5.783,NRFA,
2002-02-02,2.138,NRFA,
2002-02-03,1.772,NRFA,
2002-02-04,2.670,NRFA,
2002-02-05,1.099,NRFA,
2002-02-06,0.966,NRFA,
2002-02-07,1.432,NRFA,
2002-02-08,2.019,NRFA,
2002-02-09,2.090,NRFA,
2002-02-10,3.666,NRFA,
2002-02-11,2.337,NRFA,
2002-02-12,0.588,NRFA,
2002-02-13,0.857,NRFA,
2002-02-14,0.329,NRFA,
2002-02-15,0.241,NRFA,
2002-02-16,0.168,NRFA,
2002-02-17,0.142,NRFA,
2002-02-18,0.860,NRFA,
2002-02-19,2.033,NRFA,
2002-02-20,0.765,NRFA,
2002-02-21,3.239,NRFA,
2002-02-22,1.069,NRFA,
2002-02-23,0.380,NRFA,
2002-02-24,0.268,NRFA,
2002-02-25,4.074,NRFA,
2002-02-26,2.168,NRFA,
2002-02-27,0.492,NRFA,
2002-02-28,0.354,NRFA,
2002-03-01,0.303,NRFA,
2002-03-02,0.484,NRFA,
2002-03-03,1.737,NRFA,
2002-03-04,0.580,NRFA,
2002-03-05,0.776,NRFA,
2002-03-06,2.508,NRFA,
2002-03-07,0.520,NRFA,
2002-03-08,0.441,NRFA,
2002-03-09,0.378,NRFA,
2002-03-10,2.938,NRFA,
2002-03-11,0.444,NRFA,
2002-03-12,0.218,NRFA,
2002-03-13,0.145,NRFA,
2002-03-14,0.133,NRFA,
2002-03-15,0.195,NRFA,
2002-03-16,0.773,NRFA,
2002-03-17,0.408,NRFA,
2002-03-18,0.253,NRFA,
2002-03-19,0.163,NRFA,
2002-03-20,0.297,NRFA,
2002-03-21,0.270,NRFA,
2002-03-22,0.192,NRFA,
2002-03-23,0.130,NRFA,
2002-03-24,0.103,NRFA,
2002-03-25,0.091,NRFA,
2002-03-26,0.075,NRFA,
2002-03-27,0.060,NRFA,
2002-03-28,0.052,NRFA,
2002-03-29,0.047,NRFA,
2002-03-30,0.041,NRFA,
2002-03-31,0.041,NRFA,
2002-04-01,0.104,NRFA,
2002-04-02,0.098,NRFA,
2002-04-03,0.078,NRFA,
2002-04-04,0.054,NRFA,
2002-04-05,0.045,NRFA,
2002-04-06,0.038,NRFA,
2002-04-07,0.034,NRFA,
2002-04-08,0.033,NRFA,
2002-04-09,0.032,NRFA,
2002-04-10,0.029,NRFA,
2002-04-11,0.028,NRFA,
2002-04-12,0.031,NRFA,
2002-04-13,0.028,NRFA,
2002-04-14,0.030,NRFA,
2002-04-15,0.028,NRFA,
2002-04-16,0.025,NRFA,
2002-04-17,0.025,NRFA,
2002-04-18,0.026,NRFA,
2002-04-19,0.024,NRFA,
2002-04-20,0.023,NRFA,
2002-04-21,0.027,NRFA,
2002-04-22,0.026,NRFA,
2002-04-23,0.025,NRFA,
2002-04-24,0.023,NRFA,
2002-04-25,0.036,NRFA,
2002-04-26,0.235,NRFA,
2002-04-27,0.091,NRFA,
2002-04-28,0.342,NRFA,
2002-04-29,1.054,NRFA,
2002-04-30,0.947,NRFA,
2002-05-01,0.335,NRFA,
2002-05-02,0.132,NRFA,
2002-05-03,0.393,NRFA,
2002-05-04,0.182,NRFA,
2002-05-05,0.090,NRFA,
2002-05-06,0.064,NRFA,
2002-05-07,0.062,NRFA,
2002-05-08,0.058,NRFA,
2002-05-09,0.047,NRFA,
2002-05-10,0.041,NRFA,
2002-05-11,0.033,NRFA,
2002-05-12,0.030,NRFA,
2002-05-13,0.093,NRFA,
2002-05-14,0.083,NRFA,
2002-05-15,0.098,NRFA,
2002-05-16,0.058,NRFA,
2002-05-17,0.040,NRFA,
2002-05-18,0.059,NRFA,
2002-05-19,0.055,NRFA,
2002-05-20,0.416,NRFA,
2002-05-21,0.434,NRFA,
2002-05-22,0.778,NRFA,
2002-05-23,0.645,NRFA,
2002-05-24,2.426,NRFA,
2002-05-25,0.997,NRFA,
2002-05-26,0.807,NRFA,
2002-05-27,0.237,NRFA,
2002-05-28,0.388,NRFA,
2002-05-29,0.740,NRFA,
2002-05-30,0.344,NRFA,
2002-05-31,0.214,NRFA,
2002-06-01,0.097,NRFA,
2002-06-02,2.654,NRFA,
2002-06-03,0.459,NRFA,
2002-06-04,0.215,NRFA,
2002-06-05,0.133,NRFA,
2002-06-06,0.111,NRFA,
2002-06-07,0.111,NRFA,
2002-06-08,0.115,NRFA,
2002-06-09,0.711,NRFA,
2002-06-10,0.688,NRFA,
2002-06-11,0.260,NRFA,
2002-06-12,0.205,NRFA,
2002-06-13,0.207,NRFA,
2002-06-14,1.233,NRFA,
2002-06-15,0.453,NRFA,
2002-06-16,0.225,NRFA,
2002-06-17,0.136,NRFA,
2002-06-18,0.075,NRFA,
2002-06-19,0.057,NRFA,
2002-06-20,0.048,NRFA,
2002-06-21,0.079,NRFA,
2002-06-22,0.146,NRFA,
2002-06-23,0.066,NRFA,
2002-06-24,0.048,NRFA,
2002-06-25,0.039,NRFA,
2002-06-26,0.039,NRFA,
2002-06-27,0.037,NRFA,
2002-06-28,0.032,NRFA,
2002-06-29,0.028,NRFA,
2002-06-30,0.120,NRFA,
2002-07-01,0.138,NRFA,
2002-07-02,0.099,NRFA,
2002-07-03,0.246,NRFA,
2002-07-04,0.304,NRFA,
2002-07-05,0.547,NRFA,
2002-07-06,0.123,NRFA,
2002-07-07,0.071,NRFA,
2002-07-08,0.057,NRFA,
2002-07-09,0.051,NRFA,
2002-07-10,0.041,NRFA,
2002-07-11,0.033,NRFA,
2002-07-12,0.032,NRFA,
2002-07-13,0.028,NRFA,
2002-07-14,0.027,NRFA,
2002-07-15,0.026,NRFA,
2002-07-16,0.024,NRFA,
2002-07-17,0.023,NRFA,
2002-07-18,0.022,NRFA,
2002-07-19,0.041,NRFA,
2002-07-20,0.035,NRFA,
2002-07-21,0.032,NRFA,
2002-07-22,0.028,NRFA,
2002-07-23,0.058,NRFA,
2002-07-24,0.042,NRFA,
2002-07-25,0.033,NRFA,
2002-07-26,0.027,NRFA,
2002-07-27,0.024,NRFA,
2002-07-28,0.022,NRFA,
2002-07-29,0.022,NRFA,
2002-07-30,0.676,NRFA,
2002-07-31,0.218,NRFA,
2002-08-01,1.115,NRFA,
2002-08-02,3.071,NRFA,
2002-08-03,0.277,NRFA,
2002-08-04,0.103,NRFA,
2002-08-05,0.064,NRFA,
2002-08-06,0.468,NRFA,
2002-08-07,0.189,NRFA,
2002-08-08,0.094,NRFA,
2002-08-09,0.362,NRFA,
2002-08-10,0.468,NRFA,
2002-08-11,0.165,NRFA,
2002-08-12,0.104,NRFA,
2002-08-13,0.123,NRFA,
2002-08-14,0.113,NRFA,
2002-08-15,0.069,NRFA,
2002-08-16,0.048,NRFA,
2002-08-17,0.040,NRFA,
2002-08-18,0.037,NRFA,
2002-08-19,0.039,NRFA,
2002-08-20,0.037,NRFA,
2002-08-21,0.031,NRFA,
2002-08-22,0.030,NRFA,
2002-08-23,0.063,NRFA,
2002-08-24,0.310,NRFA,
2002-08-25,0.162,NRFA,
2002-08-26,0.067,NRFA,
2002-08-27,0.044,NRFA,
2002-08-28,0.037,NRFA,
2002-08-29,0.037,NRFA,
2002-08-30,0.188,NRFA,
2002-08-31,0.089,NRFA,
2002-09-01,0.044,NRFA,
2002-09-02,0.035,NRFA,
2002-09-03,0.032,NRFA,
2002-09-04,0.029,NRFA,
2002-09-05,0.035,NRFA,
2002-09-06,0.038,NRFA,
2002-09-07,0.253,NRFA,
2002-09-08,0.164,NRFA,
2002-09-09,1.367,NRFA,
2002-09-10,0.241,NRFA,
2002-09-11,0.093,NRFA,
2002-09-12,0.062,NRFA,
2002-09-13,0.051,NRFA,
2002-09-14,0.042,NRFA,
2002-09-15,0.038,NRFA,
2002-09-16,0.036,NRFA,
2002-09-17,0.033,NRFA,
2002-09-18,0.031,NRFA,
2002-09-19,0.029,NRFA,
2002-09-20,0.027,NRFA,
2002-09-21,0.025,NRFA,
2002-09-22,0.025,NRFA,
2002-09-23,0.024,NRFA,
2002-09-24,0.023,NRFA,
2002-09-25,0.022,NRFA,
2002-09-26,0.022,NRFA,
2002-09-27,0.021,NRFA,
2002-09-28,0.021,NRFA,
2002-09-29,0.020,NRFA,
2002-09-30,0.019,NRFA,
2002-10-01,0.019,NRFA,
2002-10-02,0.020,NRFA,
2002-10-03,0.018,NRFA,
2002-10-04,0.020,NRFA,
2002-10-05,0.021,NRFA,
2002-10-06,0.019,NRFA,
2002-10-07,0.019,NRFA,
2002-10-08,0.019,NRFA,
2002-10-09,0.018,NRFA,
2002-10-10,0.018,NRFA,
2002-10-11,0.031,NRFA,
2002-10-12,0.469,NRFA,
2002-10-13,0.315,NRFA,
2002-10-14,1.222,NRFA,
2002-10-15,0.586,NRFA,
2002-10-16,0.362,NRFA,
2002-10-17,0.169,NRFA,
2002-10-18,0.116,NRFA,
2002-10-19,0.078,NRFA,
2002-10-20,0.936,NRFA,
2002-10-21,3.671,NRFA,
2002-10-22,0.700,NRFA,
2002-10-23,0.475,NRFA,
2002-10-24,0.439,NRFA,
2002-10-25,2.888,NRFA,
2002-10-26,1.910,NRFA,
2002-10-27,1.787,NRFA,
2002-10-28,0.350,NRFA,
2002-10-29,0.554,NRFA,
2002-10-30,0.215,NRFA,
2002-10-31,0.140,NRFA,
2002-11-01,1.088,NRFA,
2002-11-02,2.453,NRFA,
2002-11-03,0.744,NRFA,
2002-11-04,0.289,NRFA,
2002-11-05,0.401,NRFA,
2002-11-06,0.666,NRFA,
2002-11-07,0.262,NRFA,
2002-11-08,0.986,NRFA,
2002-11-09,0.268,NRFA,
2002-11-10,0.398,NRFA,
2002-11-11,0.316,NRFA,
2002-11-12,0.926,NRFA,
2002-11-13,0.545,NRFA,
2002-11-14,4.144,NRFA,
2002-11-15,0.447,NRFA,
2002-11-16,0.204,NRFA,
2002-11-17,0.170,NRFA,
2002-11-18,0.125,NRFA,
2002-11-19,0.105,NRFA,
2002-11-20,0.284,NRFA,
2002-11-21,1.026,NRFA,
2002-11-22,0.519,NRFA,
2002-11-23,0.290,NRFA,
2002-11-24,0.173,NRFA,
2002-11-25,0.128,NRFA,
2002-11-26,0.115,NRFA,
2002-11-27,0.813,NRFA,
2002-11-28,0.350,NRFA,
2002-11-29,0.186,NRFA,
2002-11-30,0.192,NRFA,
2002-12-01,2.257,NRFA,
2002-12-02,0.786,NRFA,
2002-12-03,0.341,NRFA,
2002-12-04,0.599,NRFA,
2002-12-05,0.205,NRFA,
2002-12-06,0.350,NRFA,
2002-12-07,0.733,NRFA,
2002-12-08,0.346,NRFA,
2002-12-09,0.201,NRFA,
2002-12-10,,M,NRFA,M
2002-12-11,,M,NRFA,M
2002-12-12,,M,NRFA,M
2002-12-13,,M,NRFA,M
2002-12-14,,M,NRFA,M
2002-12-15,0.418,NRFA,
2002-12-16,0.627,NRFA,
2002-12-17,0.236,NRFA,
2002-12-18,0.128,NRFA,
2002-12-19,0.107,NRFA,
2002-12-20,0.085,NRFA,
2002-12-21,1.128,NRFA,
2002-12-22,1.163,NRFA,
2002-12-23,2.106,NRFA,
2002-12-24,1.459,NRFA,
2002-12-25,0.402,NRFA,
2002-12-26,0.880,NRFA,
2002-12-27,1.230,NRFA,
2002-12-28,0.297,NRFA,
2002-12-29,1.061,NRFA,
2002-12-30,1.000,NRFA,
2002-12-31,0.272,NRFA,
2003-01-01,0.797,NRFA,
2003-01-02,1.517,NRFA,
2003-01-03,0.299,NRFA,
2003-01-04,0.154,NRFA,
2003-01-05,0.138,NRFA,
2003-01-06,0.099,NRFA,
2003-01-07,0.075,NRFA,
2003-01-08,0.088,NRFA,
2003-01-09,0.078,NRFA,
2003-01-10,0.073,NRFA,
2003-01-11,0.070,NRFA,
2003-01-12,2.609,NRFA,
2003-01-13,2.578,NRFA,
2003-01-14,2.209,NRFA,
2003-01-15,0.729,NRFA,
2003-01-16,0.288,NRFA,
2003-01-17,1.308,NRFA,
2003-01-18,0.384,NRFA,
2003-01-19,0.436,NRFA,
2003-01-20,1.837,NRFA,
2003-01-21,0.661,NRFA,
2003-01-22,0.567,NRFA,
2003-01-23,0.260,NRFA,
2003-01-24,1.371,NRFA,
2003-01-25,0.887,NRFA,
2003-01-26,0.283,NRFA,
2003-01-27,1.009,NRFA,
2003-01-28,0.673,NRFA,
2003-01-29,0.192,NRFA,
2003-01-30,0.073,NRFA,
2003-01-31,0.093,NRFA,
2003-02-01,0.159,NRFA,
2003-02-02,0.198,NRFA,
2003-02-03,0.141,NRFA,
2003-02-04,0.110,NRFA,
2003-02-05,0.111,NRFA,
2003-02-06,0.238,NRFA,
2003-02-07,1.741,NRFA,
2003-02-08,1.427,NRFA,
2003-02-09,0.618,NRFA,
2003-02-10,0.247,NRFA,
2003-02-11,0.228,NRFA,
2003-02-12,0.150,NRFA,
2003-02-13,0.122,NRFA,
2003-02-14,0.078,NRFA,
2003-02-15,0.079,NRFA,
2003-02-16,0.046,NRFA,
2003-02-17,0.051,NRFA,
2003-02-18,0.052,NRFA,
2003-02-19,0.044,NRFA,
2003-02-20,0.042,NRFA,
2003-02-21,0.051,NRFA,
2003-02-22,0.050,NRFA,
2003-02-23,0.089,NRFA,
2003-02-24,0.106,NRFA,
2003-02-25,0.086,NRFA,
2003-02-26,0.063,NRFA,
2003-02-27,0.061,NRFA,
2003-02-28,0.151,NRFA,
2003-03-01,0.532,NRFA,
2003-03-02,0.276,NRFA,
2003-03-03,0.134,NRFA,
2003-03-04,0.335,NRFA,
2003-03-05,0.256,NRFA,
2003-03-06,0.120,NRFA,
2003-03-07,0.350,NRFA,
2003-03-08,1.201,NRFA,
2003-03-09,1.181,NRFA,
2003-03-10,2.165,NRFA,
2003-03-11,1.822,NRFA,
2003-03-12,0.348,NRFA,
2003-03-13,0.173,NRFA,
2003-03-14,0.115,NRFA,
2003-03-15,0.088,NRFA,
2003-03-16,0.070,NRFA,
2003-03-17,0.061,NRFA,
2003-03-18,0.056,NRFA,
2003-03-19,0.049,NRFA,
2003-03-20,0.045,NRFA,
2003-03-21,0.043,NRFA,
2003-03-22,0.039,NRFA,
2003-03-23,0.036,NRFA,
2003-03-24,0.034,NRFA,
2003-03-25,0.033,NRFA,
2003-03-26,0.032,NRFA,
2003-03-27,0.031,NRFA,
2003-03-28,0.030,NRFA,
2003-03-29,0.028,NRFA,
2003-03-30,0.026,NRFA,
2003-03-31,0.039,NRFA,
2003-04-01,0.335,NRFA,
2003-04-02,0.081,NRFA,
2003-04-03,0.052,NRFA,
2003-04-04,0.042,NRFA,
2003-04-05,0.037,NRFA,
2003-04-06,0.035,NRFA,
2003-04-07,0.031,NRFA,
2003-04-08,0.029,NRFA,
2003-04-09,0.028,NRFA,
2003-04-10,0.027,NRFA,
2003-04-11,0.025,NRFA,
2003-04-12,0.025,NRFA,
2003-04-13,0.024,NRFA,
2003-04-14,0.024,NRFA,
2003-04-15,0.023,NRFA,
2003-04-16,0.021,NRFA,
2003-04-17,0.020,NRFA,
2003-04-18,0.020,NRFA,
2003-04-19,0.020,NRFA,
2003-04-20,0.020,NRFA,
2003-04-21,0.022,NRFA,
2003-04-22,0.020,NRFA,
2003-04-23,0.020,NRFA,
2003-04-24,0.021,NRFA,
2003-04-25,0.053,NRFA,
2003-04-26,0.044,NRFA,
2003-04-27,0.085,NRFA,
2003-04-28,0.520,NRFA,
2003-04-29,0.437,NRFA,
2003-04-30,0.579,NRFA,
2003-05-01,0.644,NRFA,
2003-05-02,0.770,NRFA,
2003-05-03,0.709,NRFA,
2003-05-04,0.566,NRFA,
2003-05-05,0.362,NRFA,
2003-05-06,0.149,NRFA,
2003-05-07,0.097,NRFA,
2003-05-08,0.070,NRFA,
2003-05-09,0.056,NRFA,
2003-05-10,0.046,NRFA,
2003-05-11,0.046,NRFA,
2003-05-12,0.045,NRFA,
2003-05-13,0.057,NRFA,
2003-05-14,0.055,NRFA,
2003-05-15,0.044,NRFA,
2003-05-16,0.878,NRFA,
2003-05-17,1.018,NRFA,
2003-05-18,1.743,NRFA,
2003-05-19,0.508,NRFA,
2003-05-20,0.200,NRFA,
2003-05-21,0.135,NRFA,
2003-05-22,0.167,NRFA,
2003-05-23,0.378,NRFA,
2003-05-24,0.346,NRFA,
2003-05-25,0.128,NRFA,
2003-05-26,0.076,NRFA,
2003-05-27,0.061,NRFA,
2003-05-28,0.050,NRFA,
2003-05-29,0.043,NRFA,
2003-05-30,0.036,NRFA,
2003-05-31,0.032,NRFA,
2003-06-01,0.028,NRFA,
2003-06-02,0.025,NRFA,
2003-06-03,0.025,NRFA,
2003-06-04,0.024,NRFA,
2003-06-05,0.023,NRFA,
2003-06-06,0.022,NRFA,
2003-06-07,0.022,NRFA,
2003-06-08,0.040,NRFA,
2003-06-09,0.027,NRFA,
2003-06-10,0.028,NRFA,
2003-06-11,0.025,NRFA,
2003-06-12,0.021,NRFA,
2003-06-13,0.019,NRFA,
2003-06-14,0.019,NRFA,
2003-06-15,0.018,NRFA,
2003-06-16,0.019,NRFA,
2003-06-17,0.030,NRFA,
2003-06-18,0.023,NRFA,
2003-06-19,0.045,NRFA,
2003-06-20,0.030,NRFA,
2003-06-21,0.025,NRFA,
2003-06-22,0.033,NRFA,
2003-06-23,0.023,NRFA,
2003-06-24,0.019,NRFA,
2003-06-25,0.018,NRFA,
2003-06-26,0.016,NRFA,
2003-06-27,0.027,NRFA,
2003-06-28,0.023,NRFA,
2003-06-29,0.018,NRFA,
2003-06-30,0.230,NRFA,
2003-07-01,0.630,NRFA,
2003-07-02,0.193,NRFA,
2003-07-03,0.093,NRFA,
2003-07-04,0.054,NRFA,
2003-07-05,0.041,NRFA,
2003-07-06,0.032,NRFA,
2003-07-07,0.029,NRFA,
2003-07-08,0.026,NRFA,
2003-07-09,0.023,NRFA,
2003-07-10,0.024,NRFA,
2003-07-11,0.022,NRFA,
2003-07-12,0.019,NRFA,
2003-07-13,0.017,NRFA,
2003-07-14,0.016,NRFA,
2003-07-15,0.015,NRFA,
2003-07-16,0.014,NRFA,
2003-07-17,0.030,NRFA,
2003-07-18,0.024,NRFA,
2003-07-19,0.018,NRFA,
2003-07-20,0.018,NRFA,
2003-07-21,0.019,NRFA,
2003-07-22,0.017,NRFA,
2003-07-23,0.020,NRFA,
2003-07-24,0.024,NRFA,
2003-07-25,0.091,NRFA,
2003-07-26,0.049,NRFA,
2003-07-27,0.031,NRFA,
2003-07-28,0.032,NRFA,
2003-07-29,0.243,NRFA,
2003-07-30,0.215,NRFA,
2003-07-31,0.106,NRFA,
2003-08-01,0.073,NRFA,
2003-08-02,0.043,NRFA,
2003-08-03,0.031,NRFA,
2003-08-04,0.025,NRFA,
2003-08-05,0.022,NRFA,
2003-08-06,0.019,NRFA,
2003-08-07,0.019,NRFA,
2003-08-08,0.016,NRFA,
2003-08-09,0.015,NRFA,
2003-08-10,0.022,NRFA,
2003-08-11,0.018,NRFA,
2003-08-12,0.018,NRFA,
2003-08-13,0.014,NRFA,
2003-08-14,0.014,NRFA,
2003-08-15,0.014,NRFA,
2003-08-16,0.014,NRFA,
2003-08-17,0.013,NRFA,
2003-08-18,0.017,NRFA,
2003-08-19,0.016,NRFA,
2003-08-20,0.016,NRFA,
2003-08-21,0.024,NRFA,
2003-08-22,0.018,NRFA,
2003-08-23,0.015,NRFA,
2003-08-24,0.014,NRFA,
2003-08-25,0.015,NRFA,
2003-08-26,0.016,NRFA,
2003-08-27,0.015,NRFA,
2003-08-28,0.014,NRFA,
2003-08-29,0.015,NRFA,
2003-08-30,0.013,NRFA,
2003-08-31,0.013,NRFA,
2003-09-01,0.013,NRFA,
2003-09-02,0.013,NRFA,
2003-09-03,0.012,NRFA,
2003-09-04,0.012,NRFA,
2003-09-05,0.012,NRFA,
2003-09-06,0.015,NRFA,
2003-09-07,0.013,NRFA,
2003-09-08,0.012,NRFA,
2003-09-09,0.013,NRFA,
2003-09-10,0.014,NRFA,
2003-09-11,0.014,NRFA,
2003-09-12,0.013,NRFA,
2003-09-13,0.011,NRFA,
2003-09-14,0.011,NRFA,
2003-09-15,0.011,NRFA,
2003-09-16,0.011,NRFA,
2003-09-17,0.010,NRFA,
2003-09-18,0.013,NRFA,
2003-09-19,0.021,NRFA,
2003-09-20,0.039,NRFA,
2003-09-21,0.134,NRFA,
2003-09-22,0.798,NRFA,
2003-09-23,0.110,NRFA,
2003-09-24,0.060,NRFA,
2003-09-25,0.043,NRFA,
2003-09-26,0.042,NRFA,
2003-09-27,0.035,NRFA,
2003-09-28,0.031,NRFA,
2003-09-29,0.160,NRFA,
2003-09-30,0.231,NRFA,
2003-10-01,0.085,NRFA,
2003-10-02,0.054,NRFA,
2003-10-03,0.039,NRFA,
2003-10-04,0.034,NRFA,
2003-10-05,0.034,NRFA,
2003-10-06,0.057,NRFA,
2003-10-07,0.075,NRFA,
2003-10-08,0.128,NRFA,
2003-10-09,0.675,NRFA,
2003-10-10,0.248,NRFA,
2003-10-11,0.106,NRFA,
2003-10-12,0.075,NRFA,
2003-10-13,0.058,NRFA,
2003-10-14,0.047,NRFA,
2003-10-15,0.039,NRFA,
2003-10-16,0.035,NRFA,
2003-10-17,0.032,NRFA,
2003-10-18,0.029,NRFA,
2003-10-19,0.029,NRFA,
2003-10-20,0.030,NRFA,
2003-10-21,0.028,NRFA,
2003-10-22,0.079,NRFA,
2003-10-23,0.182,NRFA,
2003-10-24,0.083,NRFA,
2003-10-25,0.102,NRFA,
2003-10-26,0.095,NRFA,
2003-10-27,0.067,NRFA,
2003-10-28,0.083,NRFA,
2003-10-29,0.144,NRFA,
2003-10-30,0.083,NRFA,
2003-10-31,0.613,NRFA,
2003-11-01,0.387,NRFA,
2003-11-02,2.245,NRFA,
2003-11-03,1.318,NRFA,
2003-11-04,0.332,NRFA,
2003-11-05,0.181,NRFA,
2003-11-06,0.123,NRFA,
2003-11-07,0.095,NRFA,
2003-11-08,0.083,NRFA,
2003-11-09,0.080,NRFA,
2003-11-10,0.081,NRFA,
2003-11-11,0.107,NRFA,
2003-11-12,0.395,NRFA,
2003-11-13,0.341,NRFA,
2003-11-14,0.478,NRFA,
2003-11-15,0.257,NRFA,
2003-11-16,0.145,NRFA,
2003-11-17,0.219,NRFA,
2003-11-18,0.440,NRFA,
2003-11-19,1.726,NRFA,
2003-11-20,0.916,NRFA,
2003-11-21,0.267,NRFA,
2003-11-22,0.164,NRFA,
2003-11-23,0.117,NRFA,
2003-11-24,0.102,NRFA,
2003-11-25,0.490,NRFA,
2003-11-26,0.814,NRFA,
2003-11-27,0.631,NRFA,
2003-11-28,0.303,NRFA,
2003-11-29,1.660,NRFA,
2003-11-30,0.470,NRFA,
2003-12-01,2.177,NRFA,
2003-12-02,0.839,NRFA,
2003-12-03,0.344,NRFA,
2003-12-04,0.205,NRFA,
2003-12-05,0.145,NRFA,
2003-12-06,0.123,NRFA,
2003-12-07,0.090,NRFA,
2003-12-08,0.079,NRFA,
2003-12-09,0.072,NRFA,
2003-12-10,0.085,NRFA,
2003-12-11,0.222,NRFA,
2003-12-12,0.509,NRFA,
2003-12-13,0.951,NRFA,
2003-12-14,0.400,NRFA,
2003-12-15,0.171,NRFA,
2003-12-16,0.133,NRFA,
2003-12-17,0.142,NRFA,
2003-12-18,0.101,NRFA,
2003-12-19,0.088,NRFA,
2003-12-20,0.309,NRFA,
2003-12-21,0.171,NRFA,
2003-12-22,0.449,NRFA,
2003-12-23,1.678,NRFA,
2003-12-24,0.383,NRFA,
2003-12-25,1.494,NRFA,
2003-12-26,3.087,NRFA,
2003-12-27,0.467,NRFA,
2003-12-28,0.194,NRFA,
2003-12-29,0.108,NRFA,
2003-12-30,0.080,NRFA,
2003-12-31,0.090,NRFA,
2004-01-01,0.580,NRFA,
2004-01-02,0.382,NRFA,
2004-01-03,0.357,NRFA,
2004-01-04,0.787,NRFA,
2004-01-05,1.342,NRFA,
2004-01-06,0.808,NRFA,
2004-01-07,0.613,NRFA,
2004-01-08,2.154,NRFA,
2004-01-09,0.817,NRFA,
2004-01-10,0.938,NRFA,
2004-01-11,1.156,NRFA,
2004-01-12,0.781,NRFA,
2004-01-13,0.940,NRFA,
2004-01-14,0.339,NRFA,
2004-01-15,0.273,NRFA,
2004-01-16,0.474,NRFA,
2004-01-17,0.241,NRFA,
2004-01-18,2.188,NRFA,
2004-01-19,1.600,NRFA,
2004-01-20,0.687,NRFA,
2004-01-21,0.308,NRFA,
2004-01-22,0.201,NRFA,
2004-01-23,0.243,NRFA,
2004-01-24,0.211,NRFA,
2004-01-25,0.134,NRFA,
2004-01-26,0.104,NRFA,
2004-01-27,0.077,NRFA,
2004-01-28,0.081,NRFA,
2004-01-29,0.087,NRFA,
2004-01-30,1.632,NRFA,
2004-01-31,3.874,NRFA,
2004-02-01,3.671,NRFA,
2004-02-02,1.683,NRFA,
2004-02-03,4.682,NRFA,
2004-02-04,2.357,NRFA,
2004-02-05,0.986,NRFA,
2004-02-06,0.528,NRFA,
2004-02-07,0.514,NRFA,
2004-02-08,0.316,NRFA,
2004-02-09,0.264,NRFA,
2004-02-10,1.755,NRFA,
2004-02-11,0.463,NRFA,
2004-02-12,0.272,NRFA,
2004-02-13,0.221,NRFA,
2004-02-14,0.207,NRFA,
2004-02-15,0.174,NRFA,
2004-02-16,0.153,NRFA,
2004-02-17,0.175,NRFA,
2004-02-18,0.130,NRFA,
2004-02-19,0.124,NRFA,
2004-02-20,0.107,NRFA,
2004-02-21,0.087,NRFA,
2004-02-22,0.055,NRFA,
2004-02-23,0.062,NRFA,
2004-02-24,0.069,NRFA,
2004-02-25,0.065,NRFA,
2004-02-26,0.078,NRFA,
2004-02-27,0.064,NRFA,
2004-02-28,0.052,NRFA,
2004-02-29,0.048,NRFA,
2004-03-01,0.055,NRFA,
2004-03-02,0.055,NRFA,
2004-03-03,0.131,NRFA,
2004-03-04,0.493,NRFA,
2004-03-05,0.380,NRFA,
2004-03-06,0.302,NRFA,
2004-03-07,0.348,NRFA,
2004-03-08,0.209,NRFA,
2004-03-09,0.124,NRFA,
2004-03-10,0.092,NRFA,
2004-03-11,0.065,NRFA,
2004-03-12,0.073,NRFA,
2004-03-13,0.110,NRFA,
2004-03-14,1.195,NRFA,
2004-03-15,1.016,NRFA,
2004-03-16,0.782,NRFA,
2004-03-17,0.363,NRFA,
2004-03-18,0.375,NRFA,
2004-03-19,1.726,NRFA,
2004-03-20,2.233,NRFA,
2004-03-21,0.937,NRFA,
2004-03-22,0.472,NRFA,
2004-03-23,0.345,NRFA,
2004-03-24,0.291,NRFA,
2004-03-25,0.358,NRFA,
2004-03-26,0.219,NRFA,
2004-03-27,0.155,NRFA,
2004-03-28,0.125,NRFA,
2004-03-29,0.102,NRFA,
2004-03-30,0.084,NRFA,
2004-03-31,0.071,NRFA,
2004-04-01,0.121,NRFA,
2004-04-02,0.307,NRFA,
2004-04-03,0.647,NRFA,
2004-04-04,0.512,NRFA,
2004-04-05,0.939,NRFA,
2004-04-06,0.587,NRFA,
2004-04-07,0.291,NRFA,
2004-04-08,0.171,NRFA,
2004-04-09,0.136,NRFA,
2004-04-10,0.134,NRFA,
2004-04-11,0.104,NRFA,
2004-04-12,0.084,NRFA,
2004-04-13,0.070,NRFA,
2004-04-14,0.065,NRFA,
2004-04-15,0.065,NRFA,
2004-04-16,0.096,NRFA,
2004-04-17,0.200,NRFA,
2004-04-18,0.852,NRFA,
2004-04-19,0.668,NRFA,
2004-04-20,0.230,NRFA,
2004-04-21,0.318,NRFA,
2004-04-22,0.234,NRFA,
2004-04-23,0.128,NRFA,
2004-04-24,0.097,NRFA,
2004-04-25,0.072,NRFA,
2004-04-26,0.059,NRFA,
2004-04-27,0.180,NRFA,
2004-04-28,0.228,NRFA,
2004-04-29,0.219,NRFA,
2004-04-30,0.138,NRFA,
2004-05-01,0.082,NRFA,
2004-05-02,0.056,NRFA,
2004-05-03,0.053,NRFA,
2004-05-04,0.163,NRFA,
2004-05-05,0.089,NRFA,
2004-05-06,0.098,NRFA,
2004-05-07,0.074,NRFA,
2004-05-08,0.219,NRFA,
2004-05-09,0.131,NRFA,
2004-05-10,0.103,NRFA,
2004-05-11,0.090,NRFA,
2004-05-12,0.062,NRFA,
2004-05-13,0.047,NRFA,
2004-05-14,0.038,NRFA,
2004-05-15,0.034,NRFA,
2004-05-16,0.030,NRFA,
2004-05-17,0.027,NRFA,
2004-05-18,0.023,NRFA,
2004-05-19,0.022,NRFA,
2004-05-20,0.024,NRFA,
2004-05-21,0.026,NRFA,
2004-05-22,0.023,NRFA,
2004-05-23,0.020,NRFA,
2004-05-24,0.019,NRFA,
2004-05-25,0.020,NRFA,
2004-05-26,0.020,NRFA,
2004-05-27,0.019,NRFA,
2004-05-28,0.020,NRFA,
2004-05-29,0.096,NRFA,
2004-05-30,0.037,NRFA,
2004-05-31,0.027,NRFA,
2004-06-01,0.026,NRFA,
2004-06-02,0.025,NRFA,
2004-06-03,0.053,NRFA,
2004-06-04,0.029,NRFA,
2004-06-05,0.024,NRFA,
2004-06-06,0.021,NRFA,
2004-06-07,0.020,NRFA,
2004-06-08,0.018,NRFA,
2004-06-09,0.017,NRFA,
2004-06-10,0.018,NRFA,
2004-06-11,0.019,NRFA,
2004-06-12,0.018,NRFA,
2004-06-13,0.015,NRFA,
2004-06-14,0.014,NRFA,
2004-06-15,0.014,NRFA,
2004-06-16,0.014,NRFA,
2004-06-17,0.025,NRFA,
2004-06-18,0.122,NRFA,
2004-06-19,0.128,NRFA,
2004-06-20,0.072,NRFA,
2004-06-21,0.249,NRFA,
2004-06-22,0.612,NRFA,
2004-06-23,0.716,NRFA,
2004-06-24,0.797,NRFA,
2004-06-25,0.207,NRFA,
2004-06-26,0.556,NRFA,
2004-06-27,0.226,NRFA,
2004-06-28,0.098,NRFA,
2004-06-29,0.072,NRFA,
2004-06-30,0.123,NRFA,
2004-07-01,0.126,NRFA,
2004-07-02,0.095,NRFA,
2004-07-03,0.379,NRFA,
2004-07-04,0.800,NRFA,
2004-07-05,0.248,NRFA,
2004-07-06,0.112,NRFA,
2004-07-07,0.073,NRFA,
2004-07-08,0.065,NRFA,
2004-07-09,0.055,NRFA,
2004-07-10,0.047,NRFA,
2004-07-11,0.043,NRFA,
2004-07-12,0.039,NRFA,
2004-07-13,0.033,NRFA,
2004-07-14,0.030,NRFA,
2004-07-15,0.028,NRFA,
2004-07-16,0.028,NRFA,
2004-07-17,0.228,NRFA,
2004-07-18,0.063,NRFA,
2004-07-19,0.041,NRFA,
2004-07-20,0.040,NRFA,
2004-07-21,0.034,NRFA,
2004-07-22,0.032,NRFA,
2004-07-23,0.029,NRFA,
2004-07-24,0.028,NRFA,
2004-07-25,0.093,NRFA,
2004-07-26,0.043,NRFA,
2004-07-27,0.029,NRFA,
2004-07-28,0.026,NRFA,
2004-07-29,0.024,NRFA,
2004-07-30,0.023,NRFA,
2004-07-31,0.022,NRFA,
2004-08-01,0.020,NRFA,
2004-08-02,0.021,NRFA,
2004-08-03,0.495,NRFA,
2004-08-04,0.378,NRFA,
2004-08-05,0.146,NRFA,
2004-08-06,0.111,NRFA,
2004-08-07,0.056,NRFA,
2004-08-08,0.039,NRFA,
2004-08-09,2.472,NRFA,
2004-08-10,6.063,NRFA,
2004-08-11,0.848,NRFA,
2004-08-12,1.693,NRFA,
2004-08-13,0.615,NRFA,
2004-08-14,0.200,NRFA,
2004-08-15,0.115,NRFA,
2004-08-16,0.322,NRFA,
2004-08-17,0.127,NRFA,
2004-08-18,1.805,NRFA,
2004-08-19,7.532,NRFA,E
2004-08-20,1.234,NRFA,
2004-08-21,0.310,NRFA,
2004-08-22,0.165,NRFA,
2004-08-23,0.288,NRFA,
2004-08-24,0.315,NRFA,
2004-08-25,0.154,NRFA,
2004-08-26,0.236,NRFA,
2004-08-27,0.244,NRFA,
2004-08-28,0.099,NRFA,
2004-08-29,0.600,NRFA,
2004-08-30,0.247,NRFA,
2004-08-31,0.107,NRFA,
2004-09-01,0.073,NRFA,
2004-09-02,0.058,NRFA,
2004-09-03,0.049,NRFA,
2004-09-04,0.048,NRFA,
2004-09-05,0.043,NRFA,
2004-09-06,0.040,NRFA,
2004-09-07,0.037,NRFA,
2004-09-08,0.033,NRFA,
2004-09-09,0.031,NRFA,
2004-09-10,0.033,NRFA,
2004-09-11,0.315,NRFA,
2004-09-12,1.412,NRFA,
2004-09-13,1.141,NRFA,
2004-09-14,0.619,NRFA,
2004-09-15,0.221,NRFA,
2004-09-16,0.142,NRFA,
2004-09-17,0.161,NRFA,
2004-09-18,0.381,NRFA,
2004-09-19,1.096,NRFA,
2004-09-20,1.683,NRFA,
2004-09-21,1.101,NRFA,
2004-09-22,0.561,NRFA,
2004-09-23,0.362,NRFA,
2004-09-24,0.163,NRFA,
2004-09-25,0.118,NRFA,
2004-09-26,0.166,NRFA,
2004-09-27,0.156,NRFA,
2004-09-28,0.143,NRFA,
2004-09-29,0.144,NRFA,
2004-09-30,0.245,NRFA,
2004-10-01,0.305,NRFA,
2004-10-02,0.721,NRFA,
2004-10-03,1.342,NRFA,
2004-10-04,1.950,NRFA,
2004-10-05,1.344,NRFA,
2004-10-06,1.667,NRFA,
2004-10-07,0.509,NRFA,
2004-10-08,0.273,NRFA,
2004-10-09,0.198,NRFA,
2004-10-10,0.153,NRFA,
2004-10-11,0.118,NRFA,
2004-10-12,0.133,NRFA,
2004-10-13,0.806,NRFA,
2004-10-14,0.309,NRFA,
2004-10-15,0.210,NRFA,
2004-10-16,1.492,NRFA,
2004-10-17,1.084,NRFA,
2004-10-18,0.303,NRFA,
2004-10-19,0.420,NRFA,
2004-10-20,2.288,NRFA,
2004-10-21,1.982,NRFA,
2004-10-22,1.615,NRFA,
2004-10-23,1.693,NRFA,
2004-10-24,1.361,NRFA,
2004-10-25,0.679,NRFA,
2004-10-26,0.359,NRFA,
2004-10-27,0.218,NRFA,
2004-10-28,0.433,NRFA,
2004-10-29,0.725,NRFA,
2004-10-30,0.284,NRFA,
2004-10-31,0.162,NRFA,
2004-11-01,0.121,NRFA,
2004-11-02,0.156,NRFA,
2004-11-03,0.262,NRFA,
2004-11-04,0.335,NRFA,
2004-11-05,0.195,NRFA,
2004-11-06,0.374,NRFA,
2004-11-07,0.201,NRFA,
2004-11-08,0.160,NRFA,
2004-11-09,0.155,NRFA,
2004-11-10,0.117,NRFA,
2004-11-11,0.096,NRFA,
2004-11-12,0.326,NRFA,
2004-11-13,0.124,NRFA,
2004-11-14,0.112,NRFA,
2004-11-15,0.282,NRFA,
2004-11-16,1.405,NRFA,
2004-11-17,0.890,NRFA,
2004-11-18,0.235,NRFA,
2004-11-19,0.126,NRFA,
2004-11-20,0.093,NRFA,
2004-11-21,0.393,NRFA,
2004-11-22,0.804,NRFA,
2004-11-23,0.429,NRFA,
2004-11-24,0.212,NRFA,
2004-11-25,0.200,NRFA,
2004-11-26,0.201,NRFA,
2004-11-27,0.240,NRFA,
2004-11-28,0.390,NRFA,
2004-11-29,0.175,NRFA,
2004-11-30,0.129,NRFA,
2004-12-01,0.108,NRFA,
2004-12-02,0.087,NRFA,
2004-12-03,0.101,NRFA,
2004-12-04,0.106,NRFA,
2004-12-05,0.093,NRFA,
2004-12-06,0.115,NRFA,
2004-12-07,0.108,NRFA,
2004-12-08,0.088,NRFA,
2004-12-09,0.076,NRFA,
2004-12-10,0.067,NRFA,
2004-12-11,0.069,NRFA,
2004-12-12,0.065,NRFA,
2004-12-13,0.059,NRFA,
2004-12-14,1.003,NRFA,
2004-12-15,0.595,NRFA,
2004-12-16,1.075,NRFA,
2004-12-17,0.633,NRFA,
2004-12-18,0.236,NRFA,
2004-12-19,0.126,NRFA,
2004-12-20,0.125,NRFA,
2004-12-21,2.014,NRFA,
2004-12-22,1.816,NRFA,
2004-12-23,1.511,NRFA,
2004-12-24,0.971,NRFA,
2004-12-25,0.244,NRFA,
2004-12-26,0.142,NRFA,
2004-12-27,2.266,NRFA,
2004-12-28,0.499,NRFA,
2004-12-29,0.617,NRFA,
2004-12-30,2.367,NRFA,
2004-12-31,0.636,NRFA,
2005-01-01,1.109,NRFA,
2005-01-02,0.625,NRFA,
2005-01-03,0.672,NRFA,
2005-01-04,1.088,NRFA,
2005-01-05,1.877,NRFA,
2005-01-06,1.793,NRFA,
2005-01-07,10.750,NRFA,
2005-01-08,2.785,NRFA,
2005-01-09,2.901,NRFA,
2005-01-10,1.130,NRFA,
2005-01-11,0.781,NRFA,
2005-01-12,0.528,NRFA,
2005-01-13,0.358,NRFA,
2005-01-14,0.301,NRFA,
2005-01-15,0.502,NRFA,
2005-01-16,0.348,NRFA,
2005-01-17,0.455,NRFA,
2005-01-18,0.251,NRFA,
2005-01-19,1.977,NRFA,
2005-01-20,1.453,NRFA,
2005-01-21,0.326,NRFA,
2005-01-22,0.163,NRFA,
2005-01-23,0.117,NRFA,
2005-01-24,0.096,NRFA,
2005-01-25,0.124,NRFA,
2005-01-26,0.188,NRFA,
2005-01-27,0.254,NRFA,
2005-01-28,0.316,NRFA,
2005-01-29,0.264,NRFA,
2005-01-30,0.148,NRFA,
2005-01-31,0.122,NRFA,
2005-02-01,0.106,NRFA,
2005-02-02,0.100,NRFA,
2005-02-03,0.091,NRFA,
2005-02-04,0.084,NRFA,
2005-02-05,0.124,NRFA,
2005-02-06,0.154,NRFA,
2005-02-07,0.107,NRFA,
2005-02-08,0.100,NRFA,
2005-02-09,1.119,NRFA,
2005-02-10,0.438,NRFA,
2005-02-11,1.430,NRFA,
2005-02-12,0.931,NRFA,
2005-02-13,0.374,NRFA,
2005-02-14,0.210,NRFA,
2005-02-15,0.158,NRFA,
2005-02-16,0.153,NRFA,
2005-02-17,0.253,NRFA,
2005-02-18,0.205,NRFA,
2005-02-19,0.078,NRFA,
2005-02-20,0.085,NRFA,
2005-02-21,0.079,NRFA,
2005-02-22,0.071,NRFA,
2005-02-23,0.058,NRFA,
2005-02-24,0.060,NRFA,
2005-02-25,0.084,NRFA,
2005-02-26,0.096,NRFA,
2005-02-27,0.096,NRFA,
2005-02-28,0.086,NRFA,
2005-03-01,0.095,NRFA,
2005-03-02,0.090,NRFA,
2005-03-03,0.108,NRFA,
2005-03-04,0.172,NRFA,
2005-03-05,0.144,NRFA,
2005-03-06,0.137,NRFA,
2005-03-07,0.186,NRFA,
2005-03-08,0.336,NRFA,
2005-03-09,0.370,NRFA,
2005-03-10,1.296,NRFA,
2005-03-11,2.137,NRFA,
2005-03-12,0.413,NRFA,
2005-03-13,0.230,NRFA,
2005-03-14,1.046,NRFA,
2005-03-15,2.730,NRFA,
2005-03-16,1.978,NRFA,
2005-03-17,0.681,NRFA,
2005-03-18,0.367,NRFA,
2005-03-19,0.206,NRFA,
2005-03-20,0.140,NRFA,
2005-03-21,0.130,NRFA,
2005-03-22,0.399,NRFA,
2005-03-23,0.289,NRFA,
2005-03-24,0.162,NRFA,
2005-03-25,0.120,NRFA,
2005-03-26,0.115,NRFA,
2005-03-27,2.450,NRFA,
2005-03-28,0.816,NRFA,
2005-03-29,0.257,NRFA,
2005-03-30,0.211,NRFA,
2005-03-31,0.172,NRFA,
2005-04-01,0.132,NRFA,
2005-04-02,0.104,NRFA,
2005-04-03,0.091,NRFA,
2005-04-04,0.107,NRFA,
2005-04-05,1.476,NRFA,
2005-04-06,1.767,NRFA,
2005-04-07,0.606,NRFA,
2005-04-08,0.175,NRFA,
2005-04-09,0.165,NRFA,
2005-04-10,0.123,NRFA,
2005-04-11,0.081,NRFA,
2005-04-12,0.072,NRFA,
2005-04-13,0.062,NRFA,
2005-04-14,1.280,NRFA,
2005-04-15,2.157,NRFA,
2005-04-16,1.504,NRFA,
2005-04-17,1.188,NRFA,
2005-04-18,1.185,NRFA,
2005-04-19,0.265,NRFA,
2005-04-20,0.190,NRFA,
2005-04-21,0.109,NRFA,
2005-04-22,0.079,NRFA,
2005-04-23,0.063,NRFA,
2005-04-24,0.054,NRFA,
2005-04-25,0.050,NRFA,
2005-04-26,0.235,NRFA,
2005-04-27,0.169,NRFA,
2005-04-28,0.280,NRFA,
2005-04-29,0.113,NRFA,
2005-04-30,0.083,NRFA,
2005-05-01,0.085,NRFA,
2005-05-02,0.082,NRFA,
2005-05-03,0.380,NRFA,
2005-05-04,0.181,NRFA,
2005-05-05,0.108,NRFA,
2005-05-06,0.082,NRFA,
2005-05-07,0.064,NRFA,
2005-05-08,0.065,NRFA,
2005-05-09,0.062,NRFA,
2005-05-10,0.049,NRFA,
2005-05-11,0.042,NRFA,
2005-05-12,0.037,NRFA,
2005-05-13,0.033,NRFA,
2005-05-14,0.030,NRFA,
2005-05-15,0.028,NRFA,
2005-05-16,0.029,NRFA,
2005-05-17,0.026,NRFA,
2005-05-18,0.032,NRFA,
2005-05-19,0.044,NRFA,
2005-05-20,0.043,NRFA,
2005-05-21,0.039,NRFA,
2005-05-22,0.038,NRFA,
2005-05-23,0.753,NRFA,
2005-05-24,0.444,NRFA,
2005-05-25,0.345,NRFA,
2005-05-26,0.129,NRFA,
2005-05-27,0.079,NRFA,
2005-05-28,0.054,NRFA,
2005-05-29,0.040,NRFA,
2005-05-30,0.034,NRFA,
2005-05-31,0.033,NRFA,
2005-06-01,0.052,NRFA,
2005-06-02,0.213,NRFA,
2005-06-03,0.176,NRFA,
2005-06-04,0.075,NRFA,
2005-06-05,0.228,NRFA,
2005-06-06,0.111,NRFA,
2005-06-07,0.054,NRFA,
2005-06-08,0.039,NRFA,
2005-06-09,0.033,NRFA,
2005-06-10,0.029,NRFA,
2005-06-11,0.028,NRFA,
2005-06-12,0.031,NRFA,
2005-06-13,0.044,NRFA,
2005-06-14,0.082,NRFA,
2005-06-15,0.052,NRFA,
2005-06-16,0.045,NRFA,
2005-06-17,0.065,NRFA,
2005-06-18,0.046,NRFA,
2005-06-19,0.035,NRFA,
2005-06-20,0.028,NRFA,
2005-06-21,0.026,NRFA,
2005-06-22,0.023,NRFA,
2005-06-23,0.021,NRFA,
2005-06-24,0.025,NRFA,
2005-06-25,0.025,NRFA,
2005-06-26,0.022,NRFA,
2005-06-27,0.019,NRFA,
2005-06-28,0.018,NRFA,
2005-06-29,0.019,NRFA,
2005-06-30,0.026,NRFA,
2005-07-01,0.019,NRFA,
2005-07-02,0.018,NRFA,
2005-07-03,0.017,NRFA,
2005-07-04,0.021,NRFA,
2005-07-05,0.033,NRFA,
2005-07-06,0.071,NRFA,
2005-07-07,0.046,NRFA,
2005-07-08,0.027,NRFA,
2005-07-09,0.021,NRFA,
2005-07-10,0.018,NRFA,
2005-07-11,0.017,NRFA,
2005-07-12,0.016,NRFA,
2005-07-13,0.015,NRFA,
2005-07-14,0.020,NRFA,
2005-07-15,0.017,NRFA,
2005-07-16,0.014,NRFA,
2005-07-17,0.014,NRFA,
2005-07-18,0.014,NRFA,
2005-07-19,0.016,NRFA,
2005-07-20,0.015,NRFA,
2005-07-21,0.014,NRFA,
2005-07-22,0.014,NRFA,
2005-07-23,0.014,NRFA,
2005-07-24,0.014,NRFA,
2005-07-25,0.014,NRFA,
2005-07-26,0.013,NRFA,
2005-07-27,0.013,NRFA,
2005-07-28,0.311,NRFA,
2005-07-29,0.436,NRFA,
2005-07-30,0.731,NRFA,
2005-07-31,0.161,NRFA,
2005-08-01,0.083,NRFA,
2005-08-02,0.052,NRFA,
2005-08-03,0.041,NRFA,
2005-08-04,0.040,NRFA,
2005-08-05,0.041,NRFA,
2005-08-06,0.032,NRFA,
2005-08-07,0.026,NRFA,
2005-08-08,0.023,NRFA,
2005-08-09,0.021,NRFA,
2005-08-10,0.020,NRFA,
2005-08-11,0.406,NRFA,
2005-08-12,0.236,NRFA,
2005-08-13,0.468,NRFA,
2005-08-14,0.177,NRFA,
2005-08-15,0.084,NRFA,
2005-08-16,0.055,NRFA,
2005-08-17,0.040,NRFA,
2005-08-18,0.032,NRFA,
2005-08-19,0.026,NRFA,
2005-08-20,0.023,NRFA,
2005-08-21,0.021,NRFA,
2005-08-22,0.023,NRFA,
2005-08-23,0.052,NRFA,
2005-08-24,0.566,NRFA,
2005-08-25,0.316,NRFA,
2005-08-26,0.140,NRFA,
2005-08-27,0.087,NRFA,
2005-08-28,0.148,NRFA,
2005-08-29,0.270,NRFA,
2005-08-30,0.086,NRFA,
2005-08-31,0.096,NRFA,
2005-09-01,0.079,NRFA,
2005-09-02,0.049,NRFA,
2005-09-03,0.038,NRFA,
2005-09-04,0.033,NRFA,
2005-09-05,0.030,NRFA,
2005-09-06,0.026,NRFA,
2005-09-07,0.026,NRFA,
2005-09-08,0.402,NRFA,
2005-09-09,2.201,NRFA,
2005-09-10,0.613,NRFA,
2005-09-11,0.171,NRFA,
2005-09-12,0.086,NRFA,
2005-09-13,0.064,NRFA,
2005-09-14,0.059,NRFA,
2005-09-15,0.737,NRFA,
2005-09-16,0.199,NRFA,
2005-09-17,0.102,NRFA,
2005-09-18,0.076,NRFA,
2005-09-19,0.062,NRFA,
2005-09-20,0.054,NRFA,
2005-09-21,0.046,NRFA,
2005-09-22,0.040,NRFA,
2005-09-23,0.047,NRFA,
2005-09-24,0.039,NRFA,
2005-09-25,0.038,NRFA,
2005-09-26,0.110,NRFA,
2005-09-27,0.105,NRFA,
2005-09-28,1.959,NRFA,
2005-09-29,0.570,NRFA,
2005-09-30,0.845,NRFA,
2005-10-01,0.788,NRFA,
2005-10-02,0.199,NRFA,
2005-10-03,0.120,NRFA,
2005-10-04,0.088,NRFA,
2005-10-05,0.067,NRFA,
2005-10-06,0.059,NRFA,
2005-10-07,0.053,NRFA,
2005-10-08,0.054,NRFA,
2005-10-09,0.049,NRFA,
2005-10-10,0.045,NRFA,
2005-10-11,0.770,NRFA,
2005-10-12,1.308,NRFA,
2005-10-13,0.355,NRFA,
2005-10-14,0.167,NRFA,
2005-10-15,0.124,NRFA,
2005-10-16,0.097,NRFA,
2005-10-17,0.083,NRFA,
2005-10-18,0.077,NRFA,
2005-10-19,0.214,NRFA,
2005-10-20,0.182,NRFA,
2005-10-21,0.962,NRFA,
2005-10-22,1.117,NRFA,
2005-10-23,0.972,NRFA,
2005-10-24,4.602,NRFA,
2005-10-25,1.910,NRFA,
2005-10-26,0.889,NRFA,
2005-10-27,0.408,NRFA,
2005-10-28,0.256,NRFA,
2005-10-29,0.271,NRFA,
2005-10-30,1.665,NRFA,
2005-10-31,0.471,NRFA,
2005-11-01,0.675,NRFA,
2005-11-02,2.137,NRFA,
2005-11-03,2.603,NRFA,
2005-11-04,1.252,NRFA,
2005-11-05,0.615,NRFA,
2005-11-06,2.258,NRFA,
2005-11-07,1.662,NRFA,
2005-11-08,1.948,NRFA,
2005-11-09,0.453,NRFA,
2005-11-10,0.416,NRFA,
2005-11-11,1.193,NRFA,
2005-11-12,0.526,NRFA,
2005-11-13,0.286,NRFA,
2005-11-14,0.268,NRFA,
2005-11-15,0.264,NRFA,
2005-11-16,0.162,NRFA,
2005-11-17,0.120,NRFA,
2005-11-18,0.098,NRFA,
2005-11-19,0.094,NRFA,
2005-11-20,0.089,NRFA,
2005-11-21,0.083,NRFA,
2005-11-22,0.063,NRFA,
2005-11-23,0.063,NRFA,
2005-11-24,0.056,NRFA,
2005-11-25,0.072,NRFA,
2005-11-26,0.217,NRFA,
2005-11-27,0.221,NRFA,
2005-11-28,0.105,NRFA,
2005-11-29,0.083,NRFA,
2005-11-30,0.235,NRFA,
2005-12-01,0.935,NRFA,
2005-12-02,0.966,NRFA,
2005-12-03,0.763,NRFA,
2005-12-04,0.730,NRFA,
2005-12-05,0.341,NRFA,
2005-12-06,0.456,NRFA,
2005-12-07,0.208,NRFA,
2005-12-08,0.172,NRFA,
2005-12-09,0.143,NRFA,
2005-12-10,0.146,NRFA,
2005-12-11,0.119,NRFA,
2005-12-12,0.097,NRFA,
2005-12-13,0.084,NRFA,
2005-12-14,0.077,NRFA,
2005-12-15,0.142,NRFA,
2005-12-16,0.198,NRFA,
2005-12-17,0.080,NRFA,
2005-12-18,0.106,NRFA,
2005-12-19,0.133,NRFA,
2005-12-20,0.134,NRFA,
2005-12-21,0.345,NRFA,
2005-12-22,0.246,NRFA,
2005-12-23,0.306,NRFA,
2005-12-24,0.147,NRFA,
2005-12-25,0.109,NRFA,
2005-12-26,0.119,NRFA,
2005-12-27,0.100,NRFA,
2005-12-28,0.068,NRFA,
2005-12-29,0.074,NRFA,
2005-12-30,0.876,NRFA,
2005-12-31,1.916,NRFA,
2006-01-01,0.518,NRFA,
2006-01-02,0.239,NRFA,
2006-01-03,0.218,NRFA,
2006-01-04,0.142,NRFA,
2006-01-05,0.115,NRFA,
2006-01-06,0.092,NRFA,
2006-01-07,0.084,NRFA,
2006-01-08,0.074,NRFA,
2006-01-09,0.075,NRFA,
2006-01-10,2.872,NRFA,
2006-01-11,0.905,NRFA,
2006-01-12,0.271,NRFA,
2006-01-13,0.240,NRFA,
2006-01-14,0.326,NRFA,
2006-01-15,0.206,NRFA,
2006-01-16,0.737,NRFA,
2006-01-17,0.389,NRFA,
2006-01-18,0.336,NRFA,
2006-01-19,0.810,NRFA,
2006-01-20,1.015,NRFA,
2006-01-21,0.321,NRFA,
2006-01-22,0.195,NRFA,
2006-01-23,0.142,NRFA,
2006-01-24,0.114,NRFA,
2006-01-25,0.103,NRFA,
2006-01-26,0.090,NRFA,
2006-01-27,0.120,NRFA,
2006-01-28,0.155,NRFA,
2006-01-29,0.090,NRFA,
2006-01-30,0.071,NRFA,
2006-01-31,0.064,NRFA,
2006-02-01,0.066,NRFA,
2006-02-02,0.059,NRFA,
2006-02-03,0.067,NRFA,
2006-02-04,0.079,NRFA,
2006-02-05,0.072,NRFA,
2006-02-06,0.070,NRFA,
2006-02-07,0.581,NRFA,
2006-02-08,0.244,NRFA,
2006-02-09,0.106,NRFA,
2006-02-10,0.069,NRFA,
2006-02-11,0.077,NRFA,
2006-02-12,0.203,NRFA,
2006-02-13,0.176,NRFA,
2006-02-14,0.870,NRFA,
2006-02-15,0.600,NRFA,
2006-02-16,1.060,NRFA,
2006-02-17,0.441,NRFA,
2006-02-18,0.175,NRFA,
2006-02-19,0.142,NRFA,
2006-02-20,0.176,NRFA,
2006-02-21,0.306,NRFA,
2006-02-22,0.178,NRFA,
2006-02-23,2.399,NRFA,
2006-02-24,0.846,NRFA,
2006-02-25,0.400,NRFA,
2006-02-26,0.305,NRFA,
2006-02-27,0.304,NRFA,
2006-02-28,0.151,NRFA,
2006-03-01,0.107,NRFA,
2006-03-02,0.069,NRFA,
2006-03-03,0.067,NRFA,
2006-03-04,0.057,NRFA,
2006-03-05,0.051,NRFA,
2006-03-06,0.054,NRFA,
2006-03-07,0.067,NRFA,
2006-03-08,0.919,NRFA,
2006-03-09,0.832,NRFA,
2006-03-10,0.399,NRFA,
2006-03-11,0.165,NRFA,
2006-03-12,0.104,NRFA,
2006-03-13,0.098,NRFA,
2006-03-14,0.546,NRFA,
2006-03-15,0.422,NRFA,
2006-03-16,0.200,NRFA,
2006-03-17,0.142,NRFA,
2006-03-18,0.233,NRFA,
2006-03-19,0.790,NRFA,
2006-03-20,0.555,NRFA,
2006-03-21,0.218,NRFA,
2006-03-22,0.199,NRFA,
2006-03-23,0.177,NRFA,
2006-03-24,0.846,NRFA,
2006-03-25,2.788,NRFA,
2006-03-26,1.670,NRFA,
2006-03-27,2.000,NRFA,
2006-03-28,0.907,NRFA,
2006-03-29,0.838,NRFA,
2006-03-30,1.510,NRFA,
2006-03-31,1.360,NRFA,
2006-04-01,1.094,NRFA,
2006-04-02,2.266,NRFA,
2006-04-03,0.523,NRFA,
2006-04-04,0.363,NRFA,
2006-04-05,0.254,NRFA,
2006-04-06,0.961,NRFA,
2006-04-07,0.480,NRFA,
2006-04-08,0.720,NRFA,
2006-04-09,0.317,NRFA,
2006-04-10,0.173,NRFA,
2006-04-11,0.426,NRFA,
2006-04-12,0.277,NRFA,
2006-04-13,0.222,NRFA,
2006-04-14,0.139,NRFA,
2006-04-15,0.100,NRFA,
2006-04-16,0.079,NRFA,
2006-04-17,0.063,NRFA,
2006-04-18,0.062,NRFA,
2006-04-19,0.061,NRFA,
2006-04-20,0.053,NRFA,
2006-04-21,0.048,NRFA,
2006-04-22,0.042,NRFA,
2006-04-23,0.038,NRFA,
2006-04-24,0.035,NRFA,
2006-04-25,0.034,NRFA,
2006-04-26,0.031,NRFA,
2006-04-27,0.029,NRFA,
2006-04-28,0.028,NRFA,
2006-04-29,0.026,NRFA,
2006-04-30,0.033,NRFA,
2006-05-01,0.046,NRFA,
2006-05-02,0.036,NRFA,
2006-05-03,0.030,NRFA,
2006-05-04,0.027,NRFA,
2006-05-05,0.023,NRFA,
2006-05-06,0.031,NRFA,
2006-05-07,0.084,NRFA,
2006-05-08,0.046,NRFA,
2006-05-09,0.030,NRFA,
2006-05-10,0.024,NRFA,
2006-05-11,0.022,NRFA,
2006-05-12,0.023,NRFA,
2006-05-13,0.025,NRFA,
2006-05-14,0.483,NRFA,
2006-05-15,1.846,NRFA,
2006-05-16,0.352,NRFA,
2006-05-17,1.477,NRFA,
2006-05-18,0.409,NRFA,
2006-05-19,0.658,NRFA,
2006-05-20,0.855,NRFA,
2006-05-21,2.011,NRFA,
2006-05-22,1.440,NRFA,
2006-05-23,0.800,NRFA,
2006-05-24,0.622,NRFA,
2006-05-25,0.213,NRFA,
2006-05-26,0.185,NRFA,
2006-05-27,0.266,NRFA,
2006-05-28,0.180,NRFA,
2006-05-29,0.110,NRFA,
2006-05-30,0.076,NRFA,
2006-05-31,0.059,NRFA,
2006-06-01,0.051,NRFA,
2006-06-02,0.040,NRFA,
2006-06-03,0.034,NRFA,
2006-06-04,0.032,NRFA,
2006-06-05,0.031,NRFA,
2006-06-06,0.028,NRFA,
2006-06-07,0.025,NRFA,
2006-06-08,0.024,NRFA,
2006-06-09,0.022,NRFA,
2006-06-10,0.021,NRFA,
2006-06-11,0.023,NRFA,
2006-06-12,0.038,NRFA,
2006-06-13,0.024,NRFA,
2006-06-14,0.021,NRFA,
2006-06-15,0.020,NRFA,
2006-06-16,0.020,NRFA,
2006-06-17,0.019,NRFA,
2006-06-18,0.024,NRFA,
2006-06-19,0.025,NRFA,
2006-06-20,0.031,NRFA,
2006-06-21,0.107,NRFA,
2006-06-22,0.260,NRFA,
2006-06-23,0.068,NRFA,
2006-06-24,0.051,NRFA,
2006-06-25,0.218,NRFA,
2006-06-26,0.108,NRFA,
2006-06-27,0.061,NRFA,
2006-06-28,0.044,NRFA,
2006-06-29,0.032,NRFA,
2006-06-30,0.026,NRFA,
2006-07-01,0.021,NRFA,
2006-07-02,0.018,NRFA,
2006-07-03,0.017,NRFA,
2006-07-04,0.016,NRFA,
2006-07-05,0.019,NRFA,
2006-07-06,0.016,NRFA,
2006-07-07,0.015,NRFA,
2006-07-08,0.022,NRFA,
2006-07-09,0.031,NRFA,
2006-07-10,0.021,NRFA,
2006-07-11,0.017,NRFA,
2006-07-12,0.015,NRFA,
2006-07-13,0.014,NRFA,
2006-07-14,0.013,NRFA,
2006-07-15,0.012,NRFA,
2006-07-16,0.011,NRFA,
2006-07-17,0.011,NRFA,
2006-07-18,0.010,NRFA,
2006-07-19,0.010,NRFA,
2006-07-20,0.011,NRFA,
2006-07-21,0.010,NRFA,
2006-07-22,0.010,NRFA,
2006-07-23,0.010,NRFA,
2006-07-24,0.009,NRFA,
2006-07-25,0.009,NRFA,
2006-07-26,0.009,NRFA,
2006-07-27,0.009,NRFA,
2006-07-28,0.009,NRFA,
2006-07-29,0.010,NRFA,
2006-07-30,0.009,NRFA,
2006-07-31,0.024,NRFA,
2006-08-01,0.063,NRFA,
2006-08-02,0.522,NRFA,
2006-08-03,0.137,NRFA,
2006-08-04,0.055,NRFA,
2006-08-05,0.036,NRFA,
2006-08-06,0.043,NRFA,
2006-08-07,0.034,NRFA,
2006-08-08,0.024,NRFA,
2006-08-09,0.019,NRFA,
2006-08-10,0.017,NRFA,
2006-08-11,0.016,NRFA,
2006-08-12,0.016,NRFA,
2006-08-13,0.025,NRFA,
2006-08-14,0.036,NRFA,
2006-08-15,0.026,NRFA,
2006-08-16,0.022,NRFA,
2006-08-17,0.027,NRFA,
2006-08-18,0.786,NRFA,
2006-08-19,0.243,NRFA,
2006-08-20,0.144,NRFA,
2006-08-21,0.216,NRFA,
2006-08-22,0.101,NRFA,
2006-08-23,0.068,NRFA,
2006-08-24,0.047,NRFA,
2006-08-25,0.037,NRFA,
2006-08-26,0.032,NRFA,
2006-08-27,0.032,NRFA,
2006-08-28,0.031,NRFA,
2006-08-29,0.027,NRFA,
2006-08-30,0.027,NRFA,
2006-08-31,0.037,NRFA,
2006-09-01,0.106,NRFA,
2006-09-02,1.302,NRFA,
2006-09-03,0.723,NRFA,
2006-09-04,0.329,NRFA,
2006-09-05,0.770,NRFA,
2006-09-06,0.341,NRFA,
2006-09-07,0.143,NRFA,
2006-09-08,0.085,NRFA,
2006-09-09,0.061,NRFA,
2006-09-10,0.049,NRFA,
2006-09-11,0.041,NRFA,
2006-09-12,0.037,NRFA,
2006-09-13,0.036,NRFA,
2006-09-14,0.645,NRFA,
2006-09-15,0.208,NRFA,
2006-09-16,0.102,NRFA,
2006-09-17,0.072,NRFA,
2006-09-18,0.062,NRFA,
2006-09-19,0.078,NRFA,
2006-09-20,0.057,NRFA,
2006-09-21,0.046,NRFA,
2006-09-22,0.043,NRFA,
2006-09-23,0.043,NRFA,
2006-09-24,0.202,NRFA,
2006-09-25,1.050,NRFA,
2006-09-26,0.358,NRFA,
2006-09-27,0.333,NRFA,
2006-09-28,0.287,NRFA,
2006-09-29,0.137,NRFA,
2006-09-30,0.096,NRFA,
2006-10-01,0.119,NRFA,
2006-10-02,0.418,NRFA,
2006-10-03,0.784,NRFA,
2006-10-04,0.604,NRFA,
2006-10-05,1.159,NRFA,
2006-10-06,1.185,NRFA,
2006-10-07,0.351,NRFA,
2006-10-08,0.270,NRFA,
2006-10-09,0.457,NRFA,
2006-10-10,0.201,NRFA,
2006-10-11,1.090,NRFA,
2006-10-12,0.353,NRFA,
2006-10-13,0.178,NRFA,
2006-10-14,0.126,NRFA,
2006-10-15,0.098,NRFA,
2006-10-16,0.083,NRFA,
2006-10-17,0.303,NRFA,
2006-10-18,0.243,NRFA,
2006-10-19,0.892,NRFA,
2006-10-20,0.433,NRFA,
2006-10-21,0.745,NRFA,
2006-10-22,1.494,NRFA,
2006-10-23,0.352,NRFA,
2006-10-24,0.204,NRFA,
2006-10-25,2.365,NRFA,
2006-10-26,0.961,NRFA,
2006-10-27,0.993,NRFA,
2006-10-28,0.687,NRFA,
2006-10-29,0.295,NRFA,
2006-10-30,0.403,NRFA,
2006-10-31,0.437,NRFA,
2006-11-01,0.174,NRFA,
2006-11-02,0.118,NRFA,
2006-11-03,0.095,NRFA,
2006-11-04,0.084,NRFA,
2006-11-05,0.070,NRFA,
2006-11-06,0.060,NRFA,
2006-11-07,0.057,NRFA,
2006-11-08,0.077,NRFA,
2006-11-09,0.062,NRFA,
2006-11-10,0.218,NRFA,
2006-11-11,0.568,NRFA,
2006-11-12,0.437,NRFA,
2006-11-13,0.343,NRFA,
2006-11-14,0.156,NRFA,
2006-11-15,1.062,NRFA,
2006-11-16,0.398,NRFA,
2006-11-17,0.694,NRFA,
2006-11-18,1.048,NRFA,
2006-11-19,2.635,NRFA,
2006-11-20,0.917,NRFA,
2006-11-21,0.640,NRFA,
2006-11-22,0.531,NRFA,
2006-11-23,1.243,NRFA,
2006-11-24,1.975,NRFA,
2006-11-25,0.946,NRFA,
2006-11-26,1.149,NRFA,
2006-11-27,1.932,NRFA,
2006-11-28,1.258,NRFA,
2006-11-29,0.838,NRFA,
2006-11-30,0.485,NRFA,
2006-12-01,0.600,NRFA,
2006-12-02,1.739,NRFA,
2006-12-03,4.496,NRFA,
2006-12-04,2.438,NRFA,
2006-12-05,3.398,NRFA,
2006-12-06,1.764,NRFA,
2006-12-07,4.476,NRFA,
2006-12-08,0.844,NRFA,
2006-12-09,0.363,NRFA,
2006-12-10,2.332,NRFA,
2006-12-11,1.216,NRFA,
2006-12-12,1.521,NRFA,
2006-12-13,2.627,NRFA,
2006-12-14,3.110,NRFA,
2006-12-15,1.128,NRFA,
2006-12-16,0.562,NRFA,
2006-12-17,0.360,NRFA,
2006-12-18,0.230,NRFA,
2006-12-19,0.178,NRFA,
2006-12-20,0.154,NRFA,
2006-12-21,0.129,NRFA,
2006-12-22,0.124,NRFA,
2006-12-23,0.103,NRFA,
2006-12-24,0.080,NRFA,
2006-12-25,0.059,NRFA,
2006-12-26,0.059,NRFA,
2006-12-27,0.056,NRFA,
2006-12-28,0.095,NRFA,
2006-12-29,1.739,NRFA,
2006-12-30,2.268,NRFA,
2006-12-31,1.180,NRFA,
2007-01-01,0.822,NRFA,
2007-01-02,1.009,NRFA,
2007-01-03,2.031,NRFA,
2007-01-04,0.569,NRFA,
2007-01-05,0.320,NRFA,
2007-01-06,1.149,NRFA,
2007-01-07,2.401,NRFA,
2007-01-08,3.357,NRFA,
2007-01-09,2.054,NRFA,
2007-01-10,3.113,NRFA,
2007-01-11,2.442,NRFA,
2007-01-12,2.787,NRFA,
2007-01-13,1.854,NRFA,
2007-01-14,0.536,NRFA,
2007-01-15,0.583,NRFA,
2007-01-16,0.700,NRFA,
2007-01-17,1.138,NRFA,
2007-01-18,3.071,NRFA,
2007-01-19,1.831,NRFA,
2007-01-20,0.864,NRFA,
2007-01-21,0.531,NRFA,
2007-01-22,0.264,NRFA,
2007-01-23,0.186,NRFA,
2007-01-24,0.163,NRFA,
2007-01-25,0.143,NRFA,
2007-01-26,0.457,NRFA,
2007-01-27,0.615,NRFA,
2007-01-28,0.428,NRFA,
2007-01-29,0.209,NRFA,
2007-01-30,0.149,NRFA,
2007-01-31,0.163,NRFA,
2007-02-01,0.141,NRFA,
2007-02-02,0.106,NRFA,
2007-02-03,0.083,NRFA,
2007-02-04,0.071,NRFA,
2007-02-05,0.051,NRFA,
2007-02-06,0.051,NRFA,
2007-02-07,0.049,NRFA,
2007-02-08,0.045,NRFA,
2007-02-09,0.050,NRFA,
2007-02-10,0.181,NRFA,
2007-02-11,1.611,NRFA,
2007-02-12,1.492,NRFA,
2007-02-13,0.649,NRFA,
2007-02-14,0.363,NRFA,
2007-02-15,0.226,NRFA,
2007-02-16,0.218,NRFA,
2007-02-17,0.188,NRFA,
2007-02-18,0.127,NRFA,
2007-02-19,0.214,NRFA,
2007-02-20,0.297,NRFA,
2007-02-21,0.310,NRFA,
2007-02-22,0.828,NRFA,
2007-02-23,0.638,NRFA,
2007-02-24,0.435,NRFA,
2007-02-25,0.343,NRFA,
2007-02-26,0.262,NRFA,
2007-02-27,2.274,NRFA,
2007-02-28,2.080,NRFA,
2007-03-01,1.035,NRFA,
2007-03-02,0.282,NRFA,
2007-03-03,0.195,NRFA,
2007-03-04,1.715,NRFA,
2007-03-05,2.105,NRFA,
2007-03-06,0.877,NRFA,
2007-03-07,0.247,NRFA,
2007-03-08,0.157,NRFA,
2007-03-09,0.131,NRFA,
2007-03-10,0.106,NRFA,
2007-03-11,0.097,NRFA,
2007-03-12,0.085,NRFA,
2007-03-13,0.075,NRFA,
2007-03-14,0.065,NRFA,
2007-03-15,0.064,NRFA,
2007-03-16,0.081,NRFA,
2007-03-17,1.072,NRFA,
2007-03-18,0.550,NRFA,
2007-03-19,0.267,NRFA,
2007-03-20,0.166,NRFA,
2007-03-21,0.298,NRFA,
2007-03-22,1.101,NRFA,
2007-03-23,0.287,NRFA,
2007-03-24,0.159,NRFA,
2007-03-25,0.116,NRFA,
2007-03-26,0.086,NRFA,
2007-03-27,0.070,NRFA,
2007-03-28,0.102,NRFA,
2007-03-29,0.274,NRFA,
2007-03-30,0.195,NRFA,
2007-03-31,0.107,NRFA,
2007-04-01,0.073,NRFA,
2007-04-02,0.060,NRFA,
2007-04-03,0.056,NRFA,
2007-04-04,0.049,NRFA,
2007-04-05,0.042,NRFA,
2007-04-06,0.039,NRFA,
2007-04-07,0.036,NRFA,
2007-04-08,0.032,NRFA,
2007-04-09,0.032,NRFA,
2007-04-10,0.032,NRFA,
2007-04-11,0.030,NRFA,
2007-04-12,0.028,NRFA,
2007-04-13,0.027,NRFA,
2007-04-14,0.026,NRFA,
2007-04-15,0.025,NRFA,
2007-04-16,0.025,NRFA,
2007-04-17,0.023,NRFA,
2007-04-18,0.022,NRFA,
2007-04-19,0.032,NRFA,
2007-04-20,0.035,NRFA,
2007-04-21,0.028,NRFA,
2007-04-22,0.028,NRFA,
2007-04-23,0.079,NRFA,
2007-04-24,0.521,NRFA,
2007-04-25,0.410,NRFA,
2007-04-26,0.107,NRFA,
2007-04-27,0.062,NRFA,
2007-04-28,0.046,NRFA,
2007-04-29,0.038,NRFA,
2007-04-30,0.032,NRFA,
2007-05-01,0.028,NRFA,
2007-05-02,0.027,NRFA,
2007-05-03,0.025,NRFA,
2007-05-04,0.025,NRFA,
2007-05-05,0.024,NRFA,
2007-05-06,0.024,NRFA,
2007-05-07,0.024,NRFA,
2007-05-08,0.025,NRFA,
2007-05-09,0.032,NRFA,
2007-05-10,1.198,NRFA,
2007-05-11,0.566,NRFA,
2007-05-12,0.520,NRFA,
2007-05-13,1.175,NRFA,
2007-05-14,0.434,NRFA,
2007-05-15,0.186,NRFA,
2007-05-16,0.192,NRFA,
2007-05-17,0.229,NRFA,
2007-05-18,1.277,NRFA,
2007-05-19,1.485,NRFA,
2007-05-20,0.224,NRFA,
2007-05-21,0.108,NRFA,
2007-05-22,0.071,NRFA,
2007-05-23,0.058,NRFA,
2007-05-24,0.053,NRFA,
2007-05-25,0.044,NRFA,
2007-05-26,0.038,NRFA,
2007-05-27,0.039,NRFA,
2007-05-28,0.042,NRFA,
2007-05-29,0.040,NRFA,
2007-05-30,0.034,NRFA,
2007-05-31,0.031,NRFA,
2007-06-01,0.028,NRFA,
2007-06-02,0.025,NRFA,
2007-06-03,0.094,NRFA,
2007-06-04,0.064,NRFA,
2007-06-05,0.035,NRFA,
2007-06-06,0.028,NRFA,
2007-06-07,0.026,NRFA,
2007-06-08,0.026,NRFA,
2007-06-09,0.024,NRFA,
2007-06-10,0.024,NRFA,
2007-06-11,0.790,NRFA,
2007-06-12,0.443,NRFA,
2007-06-13,1.504,NRFA,
2007-06-14,1.909,NRFA,
2007-06-15,3.220,NRFA,
2007-06-16,1.061,NRFA,
2007-06-17,0.513,NRFA,
2007-06-18,0.254,NRFA,
2007-06-19,0.519,NRFA,
2007-06-20,0.638,NRFA,
2007-06-21,0.338,NRFA,
2007-06-22,0.367,NRFA,
2007-06-23,0.513,NRFA,
2007-06-24,0.808,NRFA,
2007-06-25,1.432,NRFA,
2007-06-26,0.303,NRFA,
2007-06-27,0.226,NRFA,
2007-06-28,0.741,NRFA,
2007-06-29,0.448,NRFA,
2007-06-30,1.817,NRFA,
2007-07-01,1.838,NRFA,
2007-07-02,0.731,NRFA,
2007-07-03,0.858,NRFA,
2007-07-04,0.352,NRFA,
2007-07-05,0.861,NRFA,
2007-07-06,1.586,NRFA,
2007-07-07,0.426,NRFA,
2007-07-08,0.170,NRFA,
2007-07-09,0.100,NRFA,
2007-07-10,0.072,NRFA,
2007-07-11,0.057,NRFA,
2007-07-12,0.053,NRFA,
2007-07-13,0.650,NRFA,
2007-07-14,0.337,NRFA,
2007-07-15,0.526,NRFA,
2007-07-16,0.322,NRFA,
2007-07-17,0.136,NRFA,
2007-07-18,0.731,NRFA,
2007-07-19,0.686,NRFA,
2007-07-20,0.774,NRFA,
2007-07-21,0.904,NRFA,
2007-07-22,0.340,NRFA,
2007-07-23,0.224,NRFA,
2007-07-24,0.127,NRFA,
2007-07-25,0.088,NRFA,
2007-07-26,0.248,NRFA,
2007-07-27,0.214,NRFA,
2007-07-28,0.120,NRFA,
2007-07-29,0.074,NRFA,
2007-07-30,0.056,NRFA,
2007-07-31,0.044,NRFA,
2007-08-01,0.042,NRFA,
2007-08-02,0.037,NRFA,
2007-08-03,0.042,NRFA,
2007-08-04,0.071,NRFA,
2007-08-05,0.087,NRFA,
2007-08-06,0.055,NRFA,
2007-08-07,0.040,NRFA,
2007-08-08,0.034,NRFA,
2007-08-09,0.031,NRFA,
2007-08-10,0.029,NRFA,
2007-08-11,0.033,NRFA,
2007-08-12,0.042,NRFA,
2007-08-13,0.032,NRFA,
2007-08-14,1.051,NRFA,
2007-08-15,0.330,NRFA,
2007-08-16,0.099,NRFA,
2007-08-17,0.068,NRFA,
2007-08-18,0.484,NRFA,
2007-08-19,0.515,NRFA,
2007-08-20,0.179,NRFA,
2007-08-21,0.101,NRFA,
2007-08-22,0.069,NRFA,
2007-08-23,0.048,NRFA,
2007-08-24,0.041,NRFA,
2007-08-25,0.036,NRFA,
2007-08-26,0.034,NRFA,
2007-08-27,0.031,NRFA,
2007-08-28,0.030,NRFA,
2007-08-29,0.028,NRFA,
2007-08-30,0.026,NRFA,
2007-08-31,0.025,NRFA,
2007-09-01,0.025,NRFA,
2007-09-02,0.038,NRFA,
2007-09-03,0.028,NRFA,
2007-09-04,0.024,NRFA,
2007-09-05,0.024,NRFA,
2007-09-06,0.022,NRFA,
2007-09-07,0.021,NRFA,
2007-09-08,0.020,NRFA,
2007-09-09,0.020,NRFA,
2007-09-10,0.019,NRFA,
2007-09-11,0.019,NRFA,
2007-09-12,0.019,NRFA,
2007-09-13,0.020,NRFA,
2007-09-14,0.021,NRFA,
2007-09-15,0.019,NRFA,
2007-09-16,0.049,NRFA,
2007-09-17,0.034,NRFA,
2007-09-18,0.038,NRFA,
2007-09-19,0.391,NRFA,
2007-09-20,0.160,NRFA,
2007-09-21,0.588,NRFA,
2007-09-22,0.143,NRFA,
2007-09-23,0.663,NRFA,
2007-09-24,1.945,NRFA,
2007-09-25,0.576,NRFA,
2007-09-26,0.182,NRFA,
2007-09-27,0.126,NRFA,
2007-09-28,0.232,NRFA,
2007-09-29,0.637,NRFA,
2007-09-30,0.168,NRFA,
2007-10-01,0.102,NRFA,
2007-10-02,0.078,NRFA,
2007-10-03,0.149,NRFA,
2007-10-04,0.270,NRFA,
2007-10-05,0.115,NRFA,
2007-10-06,0.079,NRFA,
2007-10-07,0.067,NRFA,
2007-10-08,0.155,NRFA,
2007-10-09,1.052,NRFA,
2007-10-10,0.250,NRFA,
2007-10-11,0.145,NRFA,
2007-10-12,0.119,NRFA,
2007-10-13,0.118,NRFA,
2007-10-14,0.121,NRFA,
2007-10-15,0.422,NRFA,
2007-10-16,0.210,NRFA,
2007-10-17,0.103,NRFA,
2007-10-18,0.076,NRFA,
2007-10-19,0.065,NRFA,
2007-10-20,0.057,NRFA,
2007-10-21,0.051,NRFA,
2007-10-22,0.047,NRFA,
2007-10-23,0.044,NRFA,
2007-10-24,0.042,NRFA,
2007-10-25,0.040,NRFA,
2007-10-26,0.038,NRFA,
2007-10-27,0.288,NRFA,
2007-10-28,1.166,NRFA,
2007-10-29,0.304,NRFA,
2007-10-30,0.137,NRFA,
2007-10-31,0.092,NRFA,
2007-11-01,0.079,NRFA,
2007-11-02,0.072,NRFA,
2007-11-03,0.061,NRFA,
2007-11-04,0.053,NRFA,
2007-11-05,0.060,NRFA,
2007-11-06,0.052,NRFA,
2007-11-07,0.048,NRFA,
2007-11-08,0.145,NRFA,
2007-11-09,0.225,NRFA,
2007-11-10,0.488,NRFA,
2007-11-11,0.168,NRFA,
2007-11-12,0.094,NRFA,
2007-11-13,0.087,NRFA,
2007-11-14,0.072,NRFA,
2007-11-15,0.061,NRFA,
2007-11-16,0.056,NRFA,
2007-11-17,0.099,NRFA,
2007-11-18,1.004,NRFA,
2007-11-19,1.551,NRFA,
2007-11-20,1.376,NRFA,
2007-11-21,0.547,NRFA,
2007-11-22,0.411,NRFA,
2007-11-23,0.177,NRFA,
2007-11-24,0.469,NRFA,
2007-11-25,0.222,NRFA,
2007-11-26,0.134,NRFA,
2007-11-27,0.114,NRFA,
2007-11-28,0.831,NRFA,
2007-11-29,0.481,NRFA,
2007-11-30,2.086,NRFA,
2007-12-01,1.843,NRFA,
2007-12-02,1.076,NRFA,
2007-12-03,0.458,NRFA,
2007-12-04,1.520,NRFA,
2007-12-05,1.731,NRFA,
2007-12-06,1.426,NRFA,
2007-12-07,0.451,NRFA,
2007-12-08,1.568,NRFA,
2007-12-09,1.646,NRFA,
2007-12-10,0.512,NRFA,
2007-12-11,0.206,NRFA,
2007-12-12,0.157,NRFA,
2007-12-13,0.125,NRFA,
2007-12-14,0.086,NRFA,
2007-12-15,0.073,NRFA,
2007-12-16,0.050,NRFA,
2007-12-17,0.065,NRFA,
2007-12-18,0.061,NRFA,
2007-12-19,0.058,NRFA,
2007-12-20,0.050,NRFA,
2007-12-21,0.035,NRFA,
2007-12-22,0.058,NRFA,
2007-12-23,0.065,NRFA,
2007-12-24,0.566,NRFA,
2007-12-25,0.360,NRFA,
2007-12-26,0.940,NRFA,
2007-12-27,4.342,NRFA,
2007-12-28,3.188,NRFA,
2007-12-29,1.834,NRFA,
2007-12-30,0.709,NRFA,
2007-12-31,0.622,NRFA,
2008-01-01,1.014,NRFA,
2008-01-02,0.594,NRFA,
2008-01-03,0.211,NRFA,
2008-01-04,0.571,NRFA,
2008-01-05,1.572,NRFA,
2008-01-06,0.747,NRFA,
2008-01-07,0.919,NRFA,
2008-01-08,2.115,NRFA,
2008-01-09,1.047,NRFA,
2008-01-10,3.127,NRFA,
2008-01-11,0.401,NRFA,
2008-01-12,0.365,NRFA,
2008-01-13,2.005,NRFA,
2008-01-14,1.737,NRFA,
2008-01-15,1.201,NRFA,
2008-01-16,0.866,NRFA,
2008-01-17,0.945,NRFA,
2008-01-18,2.376,NRFA,
2008-01-19,0.699,NRFA,
2008-01-20,0.832,NRFA,
2008-01-21,0.805,NRFA,
2008-01-22,1.350,NRFA,
2008-01-23,3.815,NRFA,
2008-01-24,0.741,NRFA,
2008-01-25,2.315,NRFA,
2008-01-26,0.954,NRFA,
2008-01-27,0.420,NRFA,
2008-01-28,0.274,NRFA,
2008-01-29,0.485,NRFA,
2008-01-30,2.017,NRFA,
2008-01-31,1.562,NRFA,
2008-02-01,0.350,NRFA,
2008-02-02,0.892,NRFA,
2008-02-03,1.015,NRFA,
2008-02-04,1.080,NRFA,
2008-02-05,1.162,NRFA,
2008-02-06,0.291,NRFA,
2008-02-07,0.484,NRFA,
2008-02-08,0.284,NRFA,
2008-02-09,0.179,NRFA,
2008-02-10,0.123,NRFA,
2008-02-11,0.097,NRFA,
2008-02-12,0.080,NRFA,
2008-02-13,0.070,NRFA,
2008-02-14,0.067,NRFA,
2008-02-15,0.058,NRFA,
2008-02-16,0.044,NRFA,
2008-02-17,0.043,NRFA,
2008-02-18,0.041,NRFA,
2008-02-19,0.039,NRFA,
2008-02-20,0.050,NRFA,
2008-02-21,0.384,NRFA,
2008-02-22,1.439,NRFA,
2008-02-23,0.325,NRFA,
2008-02-24,0.171,NRFA,
2008-02-25,0.884,NRFA,
2008-02-26,0.415,NRFA,
2008-02-27,0.139,NRFA,
2008-02-28,0.089,NRFA,
2008-02-29,1.712,NRFA,
2008-03-01,1.025,NRFA,
2008-03-02,0.365,NRFA,
2008-03-03,0.221,NRFA,
2008-03-04,0.185,NRFA,
2008-03-05,0.295,NRFA,
2008-03-06,0.197,NRFA,
2008-03-07,0.391,NRFA,
2008-03-08,2.130,NRFA,
2008-03-09,0.389,NRFA,
2008-03-10,1.010,NRFA,
2008-03-11,1.496,NRFA,
2008-03-12,1.739,NRFA,
2008-03-13,1.213,NRFA,
2008-03-14,0.340,NRFA,
2008-03-15,0.245,NRFA,
2008-03-16,0.189,NRFA,
2008-03-17,0.124,NRFA,
2008-03-18,0.088,NRFA,
2008-03-19,0.075,NRFA,
2008-03-20,0.390,NRFA,
2008-03-21,0.148,NRFA,
2008-03-22,0.166,NRFA,
2008-03-23,0.153,NRFA,
2008-03-24,0.122,NRFA,
2008-03-25,0.155,NRFA,
2008-03-26,0.240,NRFA,
2008-03-27,0.675,NRFA,
2008-03-28,1.835,NRFA,
2008-03-29,1.650,NRFA,
2008-03-30,0.631,NRFA,
2008-03-31,0.642,NRFA,
2008-04-01,1.177,NRFA,
2008-04-02,0.272,NRFA,
2008-04-03,0.145,NRFA,
2008-04-04,0.119,NRFA,
2008-04-05,0.228,NRFA,
2008-04-06,0.177,NRFA,
2008-04-07,0.370,NRFA,
2008-04-08,0.437,NRFA,
2008-04-09,0.304,NRFA,
2008-04-10,0.227,NRFA,
2008-04-11,0.693,NRFA,
2008-04-12,0.336,NRFA,
2008-04-13,0.186,NRFA,
2008-04-14,0.122,NRFA,
2008-04-15,0.120,NRFA,
2008-04-16,0.097,NRFA,
2008-04-17,0.713,NRFA,
2008-04-18,0.625,NRFA,
2008-04-19,0.181,NRFA,
2008-04-20,0.115,NRFA,
2008-04-21,0.091,NRFA,
2008-04-22,0.072,NRFA,
2008-04-23,0.069,NRFA,
2008-04-24,0.067,NRFA,
2008-04-25,0.069,NRFA,
2008-04-26,0.184,NRFA,
2008-04-27,0.970,NRFA,
2008-04-28,0.450,NRFA,
2008-04-29,0.664,NRFA,
2008-04-30,1.737,NRFA,
2008-05-01,0.424,NRFA,
2008-05-02,0.164,NRFA,
2008-05-03,0.099,NRFA,
2008-05-04,0.100,NRFA,
2008-05-05,0.085,NRFA,
2008-05-06,0.062,NRFA,
2008-05-07,0.050,NRFA,
2008-05-08,0.043,NRFA,
2008-05-09,0.039,NRFA,
2008-05-10,0.036,NRFA,
2008-05-11,0.033,NRFA,
2008-05-12,0.031,NRFA,
2008-05-13,0.029,NRFA,
2008-05-14,0.028,NRFA,
2008-05-15,0.026,NRFA,
2008-05-16,0.027,NRFA,
2008-05-17,0.029,NRFA,
2008-05-18,0.026,NRFA,
2008-05-19,0.024,NRFA,
2008-05-20,0.023,NRFA,
2008-05-21,0.022,NRFA,
2008-05-22,0.022,NRFA,
2008-05-23,0.021,NRFA,
2008-05-24,0.019,NRFA,
2008-05-25,0.019,NRFA,
2008-05-26,0.018,NRFA,
2008-05-27,0.024,NRFA,
2008-05-28,0.034,NRFA,
2008-05-29,0.026,NRFA,
2008-05-30,0.025,NRFA,
2008-05-31,0.022,NRFA,
2008-06-01,0.033,NRFA,
2008-06-02,0.028,NRFA,
2008-06-03,0.034,NRFA,
2008-06-04,0.026,NRFA,
2008-06-05,0.063,NRFA,
2008-06-06,0.227,NRFA,
2008-06-07,0.095,NRFA,
2008-06-08,0.040,NRFA,
2008-06-09,0.027,NRFA,
2008-06-10,0.021,NRFA,
2008-06-11,0.022,NRFA,
2008-06-12,0.021,NRFA,
2008-06-13,0.020,NRFA,
2008-06-14,0.020,NRFA,
2008-06-15,0.020,NRFA,
2008-06-16,0.018,NRFA,
2008-06-17,0.028,NRFA,
2008-06-18,0.421,NRFA,
2008-06-19,0.225,NRFA,
2008-06-20,0.076,NRFA,
2008-06-21,1.271,NRFA,
2008-06-22,1.287,NRFA,
2008-06-23,0.421,NRFA,
2008-06-24,0.146,NRFA,
2008-06-25,0.208,NRFA,
2008-06-26,0.371,NRFA,
2008-06-27,0.302,NRFA,
2008-06-28,0.266,NRFA,
2008-06-29,0.119,NRFA,
2008-06-30,0.069,NRFA,
2008-07-01,0.109,NRFA,
2008-07-02,0.116,NRFA,
2008-07-03,0.060,NRFA,
2008-07-04,0.043,NRFA,
2008-07-05,0.097,NRFA,
2008-07-06,1.090,NRFA,
2008-07-07,1.407,NRFA,
2008-07-08,0.605,NRFA,
2008-07-09,1.690,NRFA,
2008-07-10,1.004,NRFA,
2008-07-11,1.440,NRFA,
2008-07-12,0.314,NRFA,
2008-07-13,0.132,NRFA,
2008-07-14,0.085,NRFA,
2008-07-15,0.071,NRFA,
2008-07-16,0.056,NRFA,
2008-07-17,0.053,NRFA,
2008-07-18,0.257,NRFA,
2008-07-19,0.356,NRFA,
2008-07-20,0.142,NRFA,
2008-07-21,0.070,NRFA,
2008-07-22,0.052,NRFA,
2008-07-23,0.045,NRFA,
2008-07-24,0.038,NRFA,
2008-07-25,0.032,NRFA,
2008-07-26,0.030,NRFA,
2008-07-27,0.026,NRFA,
2008-07-28,0.024,NRFA,
2008-07-29,0.024,NRFA,
2008-07-30,0.025,NRFA,
2008-07-31,0.149,NRFA,
2008-08-01,1.410,NRFA,
2008-08-02,1.223,NRFA,
2008-08-03,0.294,NRFA,
2008-08-04,0.225,NRFA,
2008-08-05,0.362,NRFA,
2008-08-06,0.534,NRFA,
2008-08-07,0.481,NRFA,
2008-08-08,0.291,NRFA,
2008-08-09,0.827,NRFA,
2008-08-10,0.786,NRFA,
2008-08-11,0.553,NRFA,
2008-08-12,0.707,NRFA,
2008-08-13,0.400,NRFA,
2008-08-14,0.645,NRFA,
2008-08-15,0.250,NRFA,
2008-08-16,1.307,NRFA,
2008-08-17,1.343,NRFA,
2008-08-18,0.880,NRFA,
2008-08-19,1.929,NRFA,
2008-08-20,0.352,NRFA,
2008-08-21,0.157,NRFA,
2008-08-22,0.101,NRFA,
2008-08-23,0.077,NRFA,
2008-08-24,0.070,NRFA,
2008-08-25,0.309,NRFA,
2008-08-26,0.740,NRFA,
2008-08-27,0.443,NRFA,
2008-08-28,0.179,NRFA,
2008-08-29,0.111,NRFA,
2008-08-30,0.083,NRFA,
2008-08-31,0.084,NRFA,
2008-09-01,0.074,NRFA,
2008-09-02,1.040,NRFA,
2008-09-03,1.286,NRFA,
2008-09-04,0.416,NRFA,
2008-09-05,4.593,NRFA,
2008-09-06,4.965,NRFA,
2008-09-07,2.739,NRFA,
2008-09-08,0.433,NRFA,
2008-09-09,1.533,NRFA,
2008-09-10,0.431,NRFA,
2008-09-11,0.190,NRFA,
2008-09-12,0.370,NRFA,
2008-09-13,0.346,NRFA,
2008-09-14,0.157,NRFA,
2008-09-15,0.117,NRFA,
2008-09-16,0.330,NRFA,
2008-09-17,0.229,NRFA,
2008-09-18,0.119,NRFA,
2008-09-19,0.091,NRFA,
2008-09-20,0.076,NRFA,
2008-09-21,0.066,NRFA,
2008-09-22,0.069,NRFA,
2008-09-23,0.062,NRFA,
2008-09-24,0.060,NRFA,
2008-09-25,0.053,NRFA,
2008-09-26,0.047,NRFA,
2008-09-27,0.043,NRFA,
2008-09-28,0.040,NRFA,
2008-09-29,0.210,NRFA,
2008-09-30,1.842,NRFA,
2008-10-01,0.849,NRFA,
2008-10-02,0.332,NRFA,
2008-10-03,0.139,NRFA,
2008-10-04,3.373,NRFA,
2008-10-05,0.378,NRFA,
2008-10-06,0.160,NRFA,
2008-10-07,1.163,NRFA,
2008-10-08,0.289,NRFA,
2008-10-09,0.145,NRFA,
2008-10-10,1.591,NRFA,
2008-10-11,0.391,NRFA,
2008-10-12,0.167,NRFA,
2008-10-13,0.133,NRFA,
2008-10-14,1.452,NRFA,
2008-10-15,0.596,NRFA,
2008-10-16,0.265,NRFA,
2008-10-17,0.151,NRFA,
2008-10-18,0.297,NRFA,
2008-10-19,0.995,NRFA,
2008-10-20,2.276,NRFA,
2008-10-21,0.838,NRFA,
2008-10-22,0.399,NRFA,
2008-10-23,0.901,NRFA,
2008-10-24,0.293,NRFA,
2008-10-25,3.938,NRFA,
2008-10-26,1.380,NRFA,
2008-10-27,0.539,NRFA,
2008-10-28,0.248,NRFA,
2008-10-29,0.165,NRFA,
2008-10-30,0.166,NRFA,
2008-10-31,0.590,NRFA,
2008-11-01,0.707,NRFA,
2008-11-02,0.773,NRFA,
2008-11-03,0.387,NRFA,
2008-11-04,0.217,NRFA,
2008-11-05,0.198,NRFA,
2008-11-06,0.213,NRFA,
2008-11-07,0.375,NRFA,
2008-11-08,2.246,NRFA,
2008-11-09,1.551,NRFA,
2008-11-10,1.723,NRFA,
2008-11-11,2.230,NRFA,
2008-11-12,0.379,NRFA,
2008-11-13,0.287,NRFA,
2008-11-14,0.329,NRFA,
2008-11-15,0.337,NRFA,
2008-11-16,0.186,NRFA,
2008-11-17,0.282,NRFA,
2008-11-18,0.269,NRFA,
2008-11-19,0.172,NRFA,
2008-11-20,0.138,NRFA,
2008-11-21,0.110,NRFA,
2008-11-22,0.086,NRFA,
2008-11-23,0.535,NRFA,
2008-11-24,0.503,NRFA,
2008-11-25,0.489,NRFA,
2008-11-26,0.452,NRFA,
2008-11-27,0.403,NRFA,
2008-11-28,0.219,NRFA,
2008-11-29,0.134,NRFA,
2008-11-30,0.092,NRFA,
2008-12-01,0.085,NRFA,
2008-12-02,0.077,NRFA,
2008-12-03,0.062,NRFA,
2008-12-04,0.087,NRFA,
2008-12-05,0.154,NRFA,
2008-12-06,0.166,NRFA,
2008-12-07,0.319,NRFA,
2008-12-08,0.989,NRFA,
2008-12-09,0.230,NRFA,
2008-12-10,0.151,NRFA,
2008-12-11,0.109,NRFA,
2008-12-12,3.158,NRFA,
2008-12-13,0.870,NRFA,
2008-12-14,0.372,NRFA,
2008-12-15,0.323,NRFA,
2008-12-16,0.510,NRFA,
2008-12-17,0.330,NRFA,
2008-12-18,0.396,NRFA,
2008-12-19,3.911,NRFA,
2008-12-20,0.546,NRFA,
2008-12-21,0.410,NRFA,
2008-12-22,0.206,NRFA,
2008-12-23,0.143,NRFA,
2008-12-24,0.114,NRFA,
2008-12-25,0.095,NRFA,
2008-12-26,0.078,NRFA,
2008-12-27,0.067,NRFA,
2008-12-28,0.061,NRFA,
2008-12-29,0.054,NRFA,
2008-12-30,0.037,NRFA,
2008-12-31,0.045,NRFA,
2009-01-01,0.043,NRFA,
2009-01-02,0.040,NRFA,
2009-01-03,0.034,NRFA,
2009-01-04,0.038,NRFA,
2009-01-05,0.026,NRFA,
2009-01-06,0.041,NRFA,
2009-01-07,0.050,NRFA,
2009-01-08,0.098,NRFA,
2009-01-09,0.052,NRFA,
2009-01-10,0.168,NRFA,
2009-01-11,2.674,NRFA,
2009-01-12,0.956,NRFA,
2009-01-13,0.374,NRFA,
2009-01-14,0.245,NRFA,
2009-01-15,0.645,NRFA,
2009-01-16,0.654,NRFA,
2009-01-17,1.169,NRFA,
2009-01-18,0.545,NRFA,
2009-01-19,0.312,NRFA,
2009-01-20,0.221,NRFA,
2009-01-21,0.611,NRFA,
2009-01-22,1.674,NRFA,
2009-01-23,0.390,NRFA,
2009-01-24,0.218,NRFA,
2009-01-25,0.480,NRFA,
2009-01-26,0.323,NRFA,
2009-01-27,1.222,NRFA,
2009-01-28,0.668,NRFA,
2009-01-29,0.635,NRFA,
2009-01-30,0.725,NRFA,
2009-01-31,0.266,NRFA,
2009-02-01,0.123,NRFA,
2009-02-02,0.094,NRFA,
2009-02-03,0.127,NRFA,
2009-02-04,0.102,NRFA,
2009-02-05,0.086,NRFA,
2009-02-06,0.100,NRFA,
2009-02-07,0.086,NRFA,
2009-02-08,0.083,NRFA,
2009-02-09,0.063,NRFA,
2009-02-10,0.059,NRFA,
2009-02-11,0.068,NRFA,
2009-02-12,0.153,NRFA,
2009-02-13,0.215,NRFA,
2009-02-14,0.169,NRFA,
2009-02-15,2.241,NRFA,
2009-02-16,2.764,NRFA,
2009-02-17,1.433,NRFA,
2009-02-18,0.609,NRFA,
2009-02-19,0.356,NRFA,
2009-02-20,0.273,NRFA,
2009-02-21,0.539,NRFA,
2009-02-22,0.426,NRFA,
2009-02-23,0.362,NRFA,
2009-02-24,0.192,NRFA,
2009-02-25,0.168,NRFA,
2009-02-26,0.191,NRFA,
2009-02-27,0.387,NRFA,
2009-02-28,0.185,NRFA,
2009-03-01,0.141,NRFA,
2009-03-02,0.154,NRFA,
2009-03-03,0.445,NRFA,
2009-03-04,0.227,NRFA,
2009-03-05,0.130,NRFA,
2009-03-06,0.095,NRFA,
2009-03-07,1.484,NRFA,
2009-03-08,0.522,NRFA,
2009-03-09,0.876,NRFA,
2009-03-10,0.453,NRFA,
2009-03-11,0.310,NRFA,
2009-03-12,0.305,NRFA,
2009-03-13,0.173,NRFA,
2009-03-14,0.129,NRFA,
2009-03-15,0.093,NRFA,
2009-03-16,0.073,NRFA,
2009-03-17,0.062,NRFA,
2009-03-18,0.055,NRFA,
2009-03-19,0.049,NRFA,
2009-03-20,0.044,NRFA,
2009-03-21,0.038,NRFA,
2009-03-22,0.033,NRFA,
2009-03-23,0.038,NRFA,
2009-03-24,0.048,NRFA,
2009-03-25,0.082,NRFA,
2009-03-26,0.327,NRFA,
2009-03-27,0.600,NRFA,
2009-03-28,0.580,NRFA,
2009-03-29,0.331,NRFA,
2009-03-30,0.303,NRFA,
2009-03-31,0.144,NRFA,
2009-04-01,0.087,NRFA,
2009-04-02,0.062,NRFA,
2009-04-03,0.050,NRFA,
2009-04-04,0.049,NRFA,
2009-04-05,0.042,NRFA,
2009-04-06,0.055,NRFA,
2009-04-07,0.121,NRFA,
2009-04-08,0.649,NRFA,
2009-04-09,0.206,NRFA,
2009-04-10,0.168,NRFA,
2009-04-11,0.095,NRFA,
2009-04-12,0.060,NRFA,
2009-04-13,0.047,NRFA,
2009-04-14,0.043,NRFA,
2009-04-15,0.039,NRFA,
2009-04-16,0.037,NRFA,
2009-04-17,0.035,NRFA,
2009-04-18,0.033,NRFA,
2009-04-19,0.029,NRFA,
2009-04-20,0.026,NRFA,
2009-04-21,0.026,NRFA,
2009-04-22,0.024,NRFA,
2009-04-23,0.024,NRFA,
2009-04-24,0.023,NRFA,
2009-04-25,0.022,NRFA,
2009-04-26,0.021,NRFA,
2009-04-27,0.026,NRFA,
2009-04-28,1.249,NRFA,
2009-04-29,0.392,NRFA,
2009-04-30,0.132,NRFA,
2009-05-01,0.102,NRFA,
2009-05-02,0.086,NRFA,
2009-05-03,0.141,NRFA,
2009-05-04,0.390,NRFA,
2009-05-05,2.145,NRFA,
2009-05-06,1.169,NRFA,
2009-05-07,0.336,NRFA,
2009-05-08,0.496,NRFA,
2009-05-09,0.342,NRFA,
2009-05-10,0.154,NRFA,
2009-05-11,0.083,NRFA,
2009-05-12,0.056,NRFA,
2009-05-13,0.043,NRFA,
2009-05-14,0.038,NRFA,
2009-05-15,0.058,NRFA,
2009-05-16,0.076,NRFA,
2009-05-17,0.303,NRFA,
2009-05-18,0.591,NRFA,
2009-05-19,0.218,NRFA,
2009-05-20,0.241,NRFA,
2009-05-21,0.172,NRFA,
2009-05-22,0.081,NRFA,
2009-05-23,0.059,NRFA,
2009-05-24,0.043,NRFA,
2009-05-25,0.034,NRFA,
2009-05-26,0.029,NRFA,
2009-05-27,0.034,NRFA,
2009-05-28,0.030,NRFA,
2009-05-29,0.027,NRFA,
2009-05-30,0.023,NRFA,
2009-05-31,0.021,NRFA,
2009-06-01,0.020,NRFA,
2009-06-02,0.019,NRFA,
2009-06-03,0.018,NRFA,
2009-06-04,0.020,NRFA,
2009-06-05,0.143,NRFA,
2009-06-06,0.932,NRFA,
2009-06-07,0.213,NRFA,
2009-06-08,0.097,NRFA,
2009-06-09,0.059,NRFA,
2009-06-10,0.062,NRFA,
2009-06-11,0.142,NRFA,
2009-06-12,0.095,NRFA,
2009-06-13,0.051,NRFA,
2009-06-14,0.044,NRFA,
2009-06-15,0.170,NRFA,
2009-06-16,0.097,NRFA,
2009-06-17,0.639,NRFA,
2009-06-18,0.217,NRFA,
2009-06-19,0.143,NRFA,
2009-06-20,0.119,NRFA,
2009-06-21,0.077,NRFA,
2009-06-22,0.052,NRFA,
2009-06-23,0.040,NRFA,
2009-06-24,0.032,NRFA,
2009-06-25,0.028,NRFA,
2009-06-26,0.027,NRFA,
2009-06-27,0.028,NRFA,
2009-06-28,0.028,NRFA,
2009-06-29,0.029,NRFA,
2009-06-30,0.032,NRFA,
2009-07-01,0.359,NRFA,
2009-07-02,0.105,NRFA,
2009-07-03,0.206,NRFA,
2009-07-04,0.134,NRFA,
2009-07-05,0.239,NRFA,
2009-07-06,1.145,NRFA,
2009-07-07,0.278,NRFA,
2009-07-08,0.120,NRFA,
2009-07-09,0.067,NRFA,
2009-07-10,0.049,NRFA,
2009-07-11,0.336,NRFA,
2009-07-12,0.382,NRFA,
2009-07-13,0.491,NRFA,
2009-07-14,0.302,NRFA,
2009-07-15,0.178,NRFA,
2009-07-16,1.413,NRFA,
2009-07-17,6.244,NRFA,
2009-07-18,1.049,NRFA,
2009-07-19,0.225,NRFA,
2009-07-20,0.109,NRFA,
2009-07-21,0.975,NRFA,
2009-07-22,0.555,NRFA,
2009-07-23,0.348,NRFA,
2009-07-24,0.319,NRFA,
2009-07-25,0.116,NRFA,
2009-07-26,0.102,NRFA,
2009-07-27,0.103,NRFA,
2009-07-28,0.280,NRFA,
2009-07-29,0.495,NRFA,
2009-07-30,0.142,NRFA,
2009-07-31,0.078,NRFA,
2009-08-01,0.150,NRFA,
2009-08-02,0.087,NRFA,
2009-08-03,0.063,NRFA,
2009-08-04,0.081,NRFA,
2009-08-05,0.063,NRFA,
2009-08-06,0.044,NRFA,
2009-08-07,0.036,NRFA,
2009-08-08,0.032,NRFA,
2009-08-09,0.030,NRFA,
2009-08-10,0.031,NRFA,
2009-08-11,0.028,NRFA,
2009-08-12,0.026,NRFA,
2009-08-13,0.024,NRFA,
2009-08-14,0.051,NRFA,
2009-08-15,0.846,NRFA,
2009-08-16,0.207,NRFA,
2009-08-17,0.161,NRFA,
2009-08-18,0.087,NRFA,
2009-08-19,0.063,NRFA,
2009-08-20,0.068,NRFA,
2009-08-21,0.075,NRFA,
2009-08-22,0.053,NRFA,
2009-08-23,0.154,NRFA,
2009-08-24,0.135,NRFA,
2009-08-25,0.108,NRFA,
2009-08-26,1.608,NRFA,
2009-08-27,0.260,NRFA,
2009-08-28,0.609,NRFA,
2009-08-29,0.170,NRFA,
2009-08-30,0.112,NRFA,
2009-08-31,1.976,NRFA,
2009-09-01,0.990,NRFA,
2009-09-02,1.848,NRFA,
2009-09-03,0.782,NRFA,
2009-09-04,1.134,NRFA,
2009-09-05,0.301,NRFA,
2009-09-06,0.177,NRFA,
2009-09-07,0.128,NRFA,
2009-09-08,0.177,NRFA,
2009-09-09,0.140,NRFA,
2009-09-10,0.081,NRFA,
2009-09-11,0.061,NRFA,
2009-09-12,0.048,NRFA,
2009-09-13,0.041,NRFA,
2009-09-14,0.040,NRFA,
2009-09-15,0.038,NRFA,
2009-09-16,0.036,NRFA,
2009-09-17,0.033,NRFA,
2009-09-18,0.032,NRFA,
2009-09-19,0.031,NRFA,
2009-09-20,0.028,NRFA,
2009-09-21,0.026,NRFA,
2009-09-22,0.025,NRFA,
2009-09-23,0.024,NRFA,
2009-09-24,0.024,NRFA,
2009-09-25,0.023,NRFA,
2009-09-26,0.023,NRFA,
2009-09-27,0.022,NRFA,
2009-09-28,0.022,NRFA,
2009-09-29,0.023,NRFA,
2009-09-30,0.024,NRFA,
2009-10-01,0.022,NRFA,
2009-10-02,0.034,NRFA,
2009-10-03,0.671,NRFA,
2009-10-04,0.111,NRFA,
2009-10-05,0.065,NRFA,
2009-10-06,0.795,NRFA,
2009-10-07,0.166,NRFA,
2009-10-08,0.084,NRFA,
2009-10-09,0.119,NRFA,
2009-10-10,0.135,NRFA,
2009-10-11,0.116,NRFA,
2009-10-12,0.074,NRFA,
2009-10-13,0.058,NRFA,
2009-10-14,0.060,NRFA,
2009-10-15,0.056,NRFA,
2009-10-16,0.051,NRFA,
2009-10-17,0.042,NRFA,
2009-10-18,0.040,NRFA,
2009-10-19,0.112,NRFA,
2009-10-20,0.131,NRFA,
2009-10-21,0.257,NRFA,
2009-10-22,0.131,NRFA,
2009-10-23,0.171,NRFA,
2009-10-24,1.661,NRFA,
2009-10-25,1.301,NRFA,
2009-10-26,0.421,NRFA,
2009-10-27,0.276,NRFA,
2009-10-28,0.290,NRFA,
2009-10-29,0.143,NRFA,
2009-10-30,0.750,NRFA,
2009-10-31,0.458,NRFA,
2009-11-01,6.550,NRFA,
2009-11-02,1.159,NRFA,
2009-11-03,1.239,NRFA,
2009-11-04,0.623,NRFA,
2009-11-05,0.310,NRFA,
2009-11-06,0.313,NRFA,
2009-11-07,1.420,NRFA,
2009-11-08,1.461,NRFA,
2009-11-09,0.374,NRFA,
2009-11-10,0.308,NRFA,
2009-11-11,0.365,NRFA,
2009-11-12,1.374,NRFA,
2009-11-13,2.480,NRFA,
2009-11-14,1.376,NRFA,
2009-11-15,0.588,NRFA,E
2009-11-16,3.533,NRFA,E
2009-11-17,5.031,NRFA,E
2009-11-18,2.616,NRFA,E
2009-11-19,2.502,NRFA,E
2009-11-20,1.594,NRFA,E
2009-11-21,2.239,NRFA,E
2009-11-22,2.468,NRFA,E
2009-11-23,1.574,NRFA,E
2009-11-24,3.121,NRFA,E
2009-11-25,1.992,NRFA,E
2009-11-26,1.324,NRFA,E
2009-11-27,0.816,NRFA,E
2009-11-28,0.731,NRFA,E
2009-11-29,3.352,NRFA,E
2009-11-30,0.954,NRFA,E
2009-12-01,0.518,NRFA,E
2009-12-02,0.765,NRFA,E
2009-12-03,0.708,NRFA,E
2009-12-04,0.385,NRFA,
2009-12-05,1.707,NRFA,
2009-12-06,1.574,NRFA,
2009-12-07,1.455,NRFA,
2009-12-08,0.430,NRFA,
2009-12-09,0.481,NRFA,
2009-12-10,0.325,NRFA,
2009-12-11,0.177,NRFA,
2009-12-12,0.144,NRFA,
2009-12-13,0.117,NRFA,
2009-12-14,0.613,NRFA,
2009-12-15,0.780,NRFA,
2009-12-16,1.190,NRFA,
2009-12-17,0.377,NRFA,
2009-12-18,0.198,NRFA,
2009-12-19,0.134,NRFA,
2009-12-20,0.133,NRFA,
2009-12-21,0.110,NRFA,
2009-12-22,0.102,NRFA,
2009-12-23,0.098,NRFA,
2009-12-24,0.095,NRFA,
2009-12-25,0.089,NRFA,
2009-12-26,0.135,NRFA,
2009-12-27,0.173,NRFA,
2009-12-28,0.133,NRFA,
2009-12-29,0.108,NRFA,
2009-12-30,0.106,NRFA,
2009-12-31,0.097,NRFA,
2010-01-01,0.092,NRFA,
2010-01-02,0.096,NRFA,
2010-01-03,0.089,NRFA,
2010-01-04,0.094,NRFA,
2010-01-05,0.080,NRFA,
2010-01-06,0.084,NRFA,
2010-01-07,0.084,NRFA,
2010-01-08,0.130,NRFA,
2010-01-09,0.111,NRFA,
2010-01-10,0.076,NRFA,
2010-01-11,0.073,NRFA,
2010-01-12,0.070,NRFA,
2010-01-13,0.082,NRFA,
2010-01-14,0.080,NRFA,
2010-01-15,0.623,NRFA,
2010-01-16,1.015,NRFA,
2010-01-17,0.965,NRFA,
2010-01-18,2.055,NRFA,
2010-01-19,0.522,NRFA,
2010-01-20,0.275,NRFA,
2010-01-21,0.283,NRFA,
2010-01-22,0.930,NRFA,
2010-01-23,0.687,NRFA,
2010-01-24,0.344,NRFA,
2010-01-25,0.221,NRFA,
2010-01-26,0.214,NRFA,
2010-01-27,1.861,NRFA,
2010-01-28,0.859,NRFA,
2010-01-29,0.457,NRFA,
2010-01-30,0.204,NRFA,
2010-01-31,0.141,NRFA,
2010-02-01,0.206,NRFA,
2010-02-02,0.664,NRFA,E
2010-02-03,0.206,NRFA,
2010-02-04,0.335,NRFA,
2010-02-05,0.775,NRFA,
2010-02-06,0.289,NRFA,
2010-02-07,0.231,NRFA,
2010-02-08,0.170,NRFA,
2010-02-09,0.138,NRFA,
2010-02-10,0.085,NRFA,
2010-02-11,0.108,NRFA,
2010-02-12,0.107,NRFA,
2010-02-13,0.118,NRFA,
2010-02-14,0.124,NRFA,
2010-02-15,0.249,NRFA,
2010-02-16,0.170,NRFA,
2010-02-17,0.122,NRFA,
2010-02-18,0.094,NRFA,
2010-02-19,0.075,NRFA,
2010-02-20,0.067,NRFA,
2010-02-21,0.060,NRFA,
2010-02-22,0.056,NRFA,
2010-02-23,0.056,NRFA,
2010-02-24,0.063,NRFA,
2010-02-25,0.256,NRFA,
2010-02-26,0.755,NRFA,
2010-02-27,0.243,NRFA,
2010-02-28,0.149,NRFA,
2010-03-01,0.135,NRFA,
2010-03-02,0.100,NRFA,E
2010-03-03,0.095,NRFA,E
2010-03-04,0.093,NRFA,E
2010-03-05,0.181,NRFA,E
2010-03-06,0.515,NRFA,E
2010-03-07,0.294,NRFA,E
2010-03-08,0.241,NRFA,E
2010-03-09,0.276,NRFA,E
2010-03-10,0.284,NRFA,E
2010-03-11,0.321,NRFA,E
2010-03-12,0.946,NRFA,E
2010-03-13,1.015,NRFA,E
2010-03-14,1.778,NRFA,E
2010-03-15,1.793,NRFA,E
2010-03-16,0.839,NRFA,
2010-03-17,1.449,NRFA,
2010-03-18,1.315,NRFA,
2010-03-19,0.659,NRFA,
2010-03-20,1.231,NRFA,
2010-03-21,0.507,NRFA,
2010-03-22,0.507,NRFA,
2010-03-23,0.514,NRFA,
2010-03-24,0.600,NRFA,
2010-03-25,1.089,NRFA,
2010-03-26,1.745,NRFA,
2010-03-27,0.761,NRFA,
2010-03-28,0.537,NRFA,E
2010-03-29,2.151,NRFA,E
2010-03-30,3.015,NRFA,E
2010-03-31,1.450,NRFA,E
2010-04-01,1.048,NRFA,E
2010-04-02,1.578,NRFA,E
2010-04-03,1.731,NRFA,E
2010-04-04,0.875,NRFA,E
2010-04-05,2.018,NRFA,E
2010-04-06,0.667,NRFA,E
2010-04-07,0.373,NRFA,E
2010-04-08,0.225,NRFA,E
2010-04-09,0.159,NRFA,E
2010-04-10,0.123,NRFA,E
2010-04-11,0.095,NRFA,E
2010-04-12,0.073,NRFA,E
2010-04-13,0.062,NRFA,E
2010-04-14,0.051,NRFA,E
2010-04-15,0.043,NRFA,E
2010-04-16,0.039,NRFA,
2010-04-17,0.035,NRFA,
2010-04-18,0.036,NRFA,
2010-04-19,0.037,NRFA,
2010-04-20,0.032,NRFA,
2010-04-21,0.030,NRFA,
2010-04-22,0.028,NRFA,
2010-04-23,0.027,NRFA,
2010-04-24,0.025,NRFA,
2010-04-25,0.027,NRFA,
2010-04-26,0.025,NRFA,
2010-04-27,0.025,NRFA,
2010-04-28,0.023,NRFA,
2010-04-29,0.023,NRFA,
2010-04-30,0.023,NRFA,
2010-05-01,0.026,NRFA,
2010-05-02,0.023,NRFA,
2010-05-03,0.021,NRFA,
2010-05-04,0.021,NRFA,
2010-05-05,0.023,NRFA,
2010-05-06,0.035,NRFA,
2010-05-07,0.030,NRFA,
2010-05-08,0.024,NRFA,
2010-05-09,0.027,NRFA,
2010-05-10,0.031,NRFA,
2010-05-11,0.026,NRFA,
2010-05-12,0.023,NRFA,
2010-05-13,0.021,NRFA,
2010-05-14,0.021,NRFA,
2010-05-15,0.020,NRFA,
2010-05-16,0.020,NRFA,
2010-05-17,0.019,NRFA,
2010-05-18,0.018,NRFA,
2010-05-19,0.019,NRFA,
2010-05-20,0.018,NRFA,
2010-05-21,0.124,NRFA,
2010-05-22,0.039,NRFA,
2010-05-23,0.024,NRFA,
2010-05-24,0.021,NRFA,
2010-05-25,0.021,NRFA,
2010-05-26,0.036,NRFA,
2010-05-27,0.033,NRFA,
2010-05-28,0.027,NRFA,
2010-05-29,0.026,NRFA,
2010-05-30,0.024,NRFA,
2010-05-31,0.021,NRFA,
2010-06-01,0.029,NRFA,
2010-06-02,0.023,NRFA,
2010-06-03,0.019,NRFA,
2010-06-04,0.017,NRFA,
2010-06-05,0.016,NRFA,
2010-06-06,0.019,NRFA,
2010-06-07,0.253,NRFA,
2010-06-08,0.481,NRFA,
2010-06-09,1.356,NRFA,
2010-06-10,0.420,NRFA,
2010-06-11,0.134,NRFA,
2010-06-12,0.070,NRFA,
2010-06-13,0.305,NRFA,
2010-06-14,0.201,NRFA,
2010-06-15,0.087,NRFA,
2010-06-16,0.054,NRFA,
2010-06-17,0.039,NRFA,
2010-06-18,0.030,NRFA,
2010-06-19,0.024,NRFA,
2010-06-20,0.022,NRFA,
2010-06-21,0.020,NRFA,
2010-06-22,0.018,NRFA,
2010-06-23,0.018,NRFA,
2010-06-24,0.018,NRFA,
2010-06-25,0.017,NRFA,
2010-06-26,0.017,NRFA,
2010-06-27,0.015,NRFA,
2010-06-28,0.021,NRFA,
2010-06-29,0.025,NRFA,
2010-06-30,0.017,NRFA,
2010-07-01,0.019,NRFA,
2010-07-02,0.020,NRFA,
2010-07-03,0.015,NRFA,
2010-07-04,0.022,NRFA,
2010-07-05,0.018,NRFA,
2010-07-06,0.017,NRFA,
2010-07-07,0.021,NRFA,
2010-07-08,0.016,NRFA,
2010-07-09,0.017,NRFA,
2010-07-10,0.027,NRFA,
2010-07-11,0.023,NRFA,
2010-07-12,0.019,NRFA,
2010-07-13,0.040,NRFA,
2010-07-14,0.554,NRFA,
2010-07-15,0.314,NRFA,
2010-07-16,0.575,NRFA,
2010-07-17,0.158,NRFA,
2010-07-18,0.436,NRFA,
2010-07-19,1.360,NRFA,
2010-07-20,2.135,NRFA,
2010-07-21,0.715,NRFA,
2010-07-22,0.243,NRFA,
2010-07-23,0.138,NRFA,
2010-07-24,0.085,NRFA,
2010-07-25,0.063,NRFA,
2010-07-26,0.051,NRFA,
2010-07-27,0.041,NRFA,
2010-07-28,0.036,NRFA,
2010-07-29,0.031,NRFA,
2010-07-30,0.029,NRFA,
2010-07-31,0.029,NRFA,
2010-08-01,0.027,NRFA,
2010-08-02,0.028,NRFA,
2010-08-03,0.026,NRFA,
2010-08-04,0.023,NRFA,
2010-08-05,0.021,NRFA,
2010-08-06,0.024,NRFA,
2010-08-07,0.043,NRFA,
2010-08-08,0.029,NRFA,
2010-08-09,0.023,NRFA,
2010-08-10,0.030,NRFA,
2010-08-11,0.030,NRFA,
2010-08-12,0.031,NRFA,
2010-08-13,0.218,NRFA,
2010-08-14,0.266,NRFA,
2010-08-15,0.088,NRFA,
2010-08-16,0.051,NRFA,
2010-08-17,0.048,NRFA,
2010-08-18,0.036,NRFA,
2010-08-19,0.060,NRFA,
2010-08-20,0.796,NRFA,
2010-08-21,0.185,NRFA,
2010-08-22,0.082,NRFA,
2010-08-23,0.297,NRFA,
2010-08-24,0.299,NRFA,
2010-08-25,0.103,NRFA,
2010-08-26,0.062,NRFA,
2010-08-27,0.044,NRFA,
2010-08-28,0.038,NRFA,
2010-08-29,0.035,NRFA,
2010-08-30,0.030,NRFA,
2010-08-31,0.027,NRFA,
2010-09-01,0.025,NRFA,
2010-09-02,0.023,NRFA,
2010-09-03,0.022,NRFA,
2010-09-04,0.021,NRFA,
2010-09-05,0.020,NRFA,
2010-09-06,0.128,NRFA,
2010-09-07,0.541,NRFA,
2010-09-08,0.151,NRFA,
2010-09-09,0.093,NRFA,
2010-09-10,1.363,NRFA,
2010-09-11,1.375,NRFA,
2010-09-12,0.195,NRFA,
2010-09-13,1.041,NRFA,
2010-09-14,0.816,NRFA,
2010-09-15,0.387,NRFA,
2010-09-16,0.148,NRFA,
2010-09-17,0.084,NRFA,
2010-09-18,0.067,NRFA,
2010-09-19,0.646,NRFA,
2010-09-20,0.539,NRFA,
2010-09-21,0.159,NRFA,
2010-09-22,0.210,NRFA,
2010-09-23,1.439,NRFA,
2010-09-24,0.694,NRFA,
2010-09-25,0.191,NRFA,
2010-09-26,0.112,NRFA,
2010-09-27,0.140,NRFA,
2010-09-28,0.185,NRFA,
2010-09-29,1.576,NRFA,
2010-09-30,0.262,NRFA,
2010-10-01,2.099,NRFA,
2010-10-02,0.296,NRFA,
2010-10-03,1.429,NRFA,
2010-10-04,0.268,NRFA,
2010-10-05,0.590,NRFA,
2010-10-06,0.965,NRFA,
2010-10-07,0.248,NRFA,
2010-10-08,0.151,NRFA,
2010-10-09,0.132,NRFA,
2010-10-10,0.098,NRFA,
2010-10-11,0.075,NRFA,
2010-10-12,0.062,NRFA,
2010-10-13,0.055,NRFA,
2010-10-14,0.052,NRFA,
2010-10-15,0.049,NRFA,
2010-10-16,0.045,NRFA,
2010-10-17,0.042,NRFA,
2010-10-18,0.053,NRFA,
2010-10-19,0.066,NRFA,
2010-10-20,0.064,NRFA,
2010-10-21,0.246,NRFA,
2010-10-22,1.353,NRFA,
2010-10-23,0.588,NRFA,
2010-10-24,0.194,NRFA,
2010-10-25,0.111,NRFA,
2010-10-26,0.542,NRFA,
2010-10-27,0.976,NRFA,
2010-10-28,0.438,NRFA,
2010-10-29,0.482,NRFA,
2010-10-30,0.245,NRFA,
2010-10-31,0.177,NRFA,
2010-11-01,0.334,NRFA,
2010-11-02,4.903,NRFA,
2010-11-03,1.158,NRFA,
2010-11-04,4.504,NRFA,
2010-11-05,0.637,NRFA,
2010-11-06,0.390,NRFA,
2010-11-07,0.210,NRFA,
2010-11-08,2.001,NRFA,
2010-11-09,1.340,NRFA,
2010-11-10,0.404,NRFA,
2010-11-11,3.517,NRFA,
2010-11-12,0.722,NRFA,
2010-11-13,0.322,NRFA,
2010-11-14,0.312,NRFA,
2010-11-15,0.281,NRFA,
2010-11-16,0.255,NRFA,
2010-11-17,0.198,NRFA,
2010-11-18,0.678,NRFA,
2010-11-19,0.340,NRFA,
2010-11-20,0.713,NRFA,
2010-11-21,0.872,NRFA,
2010-11-22,1.646,NRFA,
2010-11-23,0.328,NRFA,
2010-11-24,0.158,NRFA,
2010-11-25,0.100,NRFA,
2010-11-26,0.091,NRFA,
2010-11-27,0.077,NRFA,
2010-11-28,0.071,NRFA,
2010-11-29,0.068,NRFA,
2010-11-30,0.067,NRFA,
2010-12-01,0.077,NRFA,
2010-12-02,0.072,NRFA,
2010-12-03,0.096,NRFA,
2010-12-04,0.076,NRFA,
2010-12-05,0.081,NRFA,
2010-12-06,0.102,NRFA,
2010-12-07,0.088,NRFA,
2010-12-08,0.173,NRFA,
2010-12-09,0.161,NRFA,
2010-12-10,3.300,NRFA,
2010-12-11,1.105,NRFA,
2010-12-12,0.278,NRFA,
2010-12-13,0.179,NRFA,
2010-12-14,0.408,NRFA,
2010-12-15,0.627,NRFA,
2010-12-16,0.814,NRFA,
2010-12-17,0.167,NRFA,
2010-12-18,0.111,NRFA,
2010-12-19,0.132,NRFA,
2010-12-20,0.122,NRFA,
2010-12-21,0.164,NRFA,
2010-12-22,0.077,NRFA,
2010-12-23,0.058,NRFA,
2010-12-24,0.043,NRFA,
2010-12-25,0.048,NRFA,
2010-12-26,0.041,NRFA,
2010-12-27,0.041,NRFA,
2010-12-28,0.151,NRFA,
2010-12-29,1.488,NRFA,
2010-12-30,0.925,NRFA,
2010-12-31,0.839,NRFA,
2011-01-01,0.465,NRFA,
2011-01-02,0.149,NRFA,
2011-01-03,0.085,NRFA,
2011-01-04,0.394,NRFA,
2011-01-05,0.370,NRFA,
2011-01-06,0.132,NRFA,
2011-01-07,0.155,NRFA,
2011-01-08,0.374,NRFA,
2011-01-09,0.150,NRFA,
2011-01-10,2.113,NRFA,
2011-01-11,0.914,NRFA,
2011-01-12,1.943,NRFA,
2011-01-13,2.181,NRFA,
2011-01-14,2.205,NRFA,
2011-01-15,6.947,NRFA,
2011-01-16,1.980,NRFA,
2011-01-17,0.518,NRFA,
2011-01-18,0.309,NRFA,
2011-01-19,0.210,NRFA,
2011-01-20,0.137,NRFA,
2011-01-21,0.133,NRFA,
2011-01-22,0.120,NRFA,
2011-01-23,0.121,NRFA,
2011-01-24,0.114,NRFA,
2011-01-25,0.142,NRFA,
2011-01-26,0.245,NRFA,
2011-01-27,0.213,NRFA,
2011-01-28,0.144,NRFA,
2011-01-29,0.120,NRFA,
2011-01-30,0.094,NRFA,
2011-01-31,0.103,NRFA,
2011-02-01,0.247,NRFA,
2011-02-02,1.211,NRFA,
2011-02-03,2.942,NRFA,
2011-02-04,6.643,NRFA,E
2011-02-05,1.599,NRFA,E
2011-02-06,2.983,NRFA,E
2011-02-07,2.213,NRFA,E
2011-02-08,0.541,NRFA,E
2011-02-09,0.849,NRFA,E
2011-02-10,0.501,NRFA,E
2011-02-11,0.603,NRFA,E
2011-02-12,0.607,NRFA,E
2011-02-13,1.273,NRFA,E
2011-02-14,0.575,NRFA,E
2011-02-15,0.679,NRFA,E
2011-02-16,0.989,NRFA,E
2011-02-17,0.425,NRFA,E
2011-02-18,0.279,NRFA,E
2011-02-19,0.201,NRFA,E
2011-02-20,0.188,NRFA,E
2011-02-21,0.165,NRFA,E
2011-02-22,0.641,NRFA,E
2011-02-23,1.180,NRFA,E
2011-02-24,0.275,NRFA,E
2011-02-25,0.357,NRFA,E
2011-02-26,0.549,NRFA,E
2011-02-27,0.241,NRFA,E
2011-02-28,0.180,NRFA,E
2011-03-01,0.126,NRFA,
2011-03-02,0.096,NRFA,
2011-03-03,0.080,NRFA,
2011-03-04,0.072,NRFA,
2011-03-05,0.074,NRFA,
2011-03-06,0.060,NRFA,
2011-03-07,0.051,NRFA,
2011-03-08,0.101,NRFA,
2011-03-09,0.748,NRFA,
2011-03-10,0.535,NRFA,
2011-03-11,1.480,NRFA,
2011-03-12,0.780,NRFA,
2011-03-13,0.254,NRFA,
2011-03-14,0.131,NRFA,
2011-03-15,0.112,NRFA,
2011-03-16,0.108,NRFA,
2011-03-17,0.090,NRFA,
2011-03-18,0.068,NRFA,
2011-03-19,0.056,NRFA,
2011-03-20,0.052,NRFA,
2011-03-21,0.047,NRFA,
2011-03-22,0.042,NRFA,
2011-03-23,0.038,NRFA,
2011-03-24,0.036,NRFA,
2011-03-25,0.034,NRFA,
2011-03-26,0.032,NRFA,
2011-03-27,0.031,NRFA,
2011-03-28,0.029,NRFA,
2011-03-29,0.030,NRFA,
2011-03-30,0.035,NRFA,
2011-03-31,0.071,NRFA,
2011-04-01,0.437,NRFA,
2011-04-02,0.650,NRFA,
2011-04-03,0.146,NRFA,
2011-04-04,1.859,NRFA,
2011-04-05,0.965,NRFA,
2011-04-06,0.274,NRFA,
2011-04-07,0.124,NRFA,
2011-04-08,0.071,NRFA,
2011-04-09,0.055,NRFA,
2011-04-10,0.045,NRFA,
2011-04-11,0.041,NRFA,
2011-04-12,0.037,NRFA,
2011-04-13,0.040,NRFA,
2011-04-14,0.036,NRFA,
2011-04-15,0.034,NRFA,
2011-04-16,0.032,NRFA,
2011-04-17,0.029,NRFA,
2011-04-18,0.027,NRFA,
2011-04-19,0.025,NRFA,
2011-04-20,0.023,NRFA,
2011-04-21,0.023,NRFA,
2011-04-22,0.022,NRFA,
2011-04-23,0.022,NRFA,
2011-04-24,0.020,NRFA,
2011-04-25,0.020,NRFA,
2011-04-26,0.019,NRFA,
2011-04-27,0.019,NRFA,
2011-04-28,0.018,NRFA,
2011-04-29,0.018,NRFA,
2011-04-30,0.017,NRFA,
2011-05-01,0.016,NRFA,
2011-05-02,0.016,NRFA,
2011-05-03,0.016,NRFA,
2011-05-04,0.016,NRFA,
2011-05-05,0.018,NRFA,
2011-05-06,0.024,NRFA,
2011-05-07,0.123,NRFA,
2011-05-08,0.186,NRFA,
2011-05-09,0.057,NRFA,
2011-05-10,0.041,NRFA,
2011-05-11,0.035,NRFA,
2011-05-12,0.039,NRFA,
2011-05-13,0.034,NRFA,
2011-05-14,0.029,NRFA,
2011-05-15,0.032,NRFA,
2011-05-16,0.464,NRFA,
2011-05-17,0.279,NRFA,
2011-05-18,0.175,NRFA,
2011-05-19,0.075,NRFA,
2011-05-20,0.050,NRFA,
2011-05-21,0.355,NRFA,
2011-05-22,0.844,NRFA,
2011-05-23,1.050,NRFA,
2011-05-24,0.354,NRFA,
2011-05-25,0.167,NRFA,
2011-05-26,0.801,NRFA,
2011-05-27,0.295,NRFA,
2011-05-28,0.337,NRFA,
2011-05-29,0.300,NRFA,
2011-05-30,0.122,NRFA,
2011-05-31,0.071,NRFA,
2011-06-01,0.056,NRFA,
2011-06-02,0.046,NRFA,
2011-06-03,0.036,NRFA,
2011-06-04,0.032,NRFA,
2011-06-05,0.035,NRFA,
2011-06-06,0.030,NRFA,
2011-06-07,0.028,NRFA,
2011-06-08,0.027,NRFA,
2011-06-09,0.024,NRFA,
2011-06-10,0.028,NRFA,
2011-06-11,0.027,NRFA,
2011-06-12,0.356,NRFA,
2011-06-13,0.282,NRFA,
2011-06-14,0.084,NRFA,
2011-06-15,0.050,NRFA,
2011-06-16,0.042,NRFA,
2011-06-17,0.036,NRFA,
2011-06-18,0.191,NRFA,
2011-06-19,0.187,NRFA,
2011-06-20,0.079,NRFA,
2011-06-21,0.218,NRFA,
2011-06-22,0.784,NRFA,
2011-06-23,1.023,NRFA,
2011-06-24,0.245,NRFA,
2011-06-25,0.292,NRFA,
2011-06-26,0.162,NRFA,
2011-06-27,0.086,NRFA,
2011-06-28,0.055,NRFA,
2011-06-29,0.041,NRFA,
2011-06-30,0.038,NRFA,
2011-07-01,0.034,NRFA,
2011-07-02,0.030,NRFA,
2011-07-03,0.026,NRFA,
2011-07-04,0.024,NRFA,
2011-07-05,0.025,NRFA,
2011-07-06,0.030,NRFA,
2011-07-07,0.051,NRFA,
2011-07-08,0.262,NRFA,
2011-07-09,0.229,NRFA,
2011-07-10,0.095,NRFA,
2011-07-11,0.049,NRFA,
2011-07-12,0.037,NRFA,
2011-07-13,0.029,NRFA,
2011-07-14,0.026,NRFA,
2011-07-15,0.024,NRFA,
2011-07-16,0.175,NRFA,
2011-07-17,1.001,NRFA,
2011-07-18,0.456,NRFA,
2011-07-19,0.532,NRFA,
2011-07-20,1.780,NRFA,
2011-07-21,0.301,NRFA,
2011-07-22,0.128,NRFA,
2011-07-23,0.073,NRFA,
2011-07-24,0.049,NRFA,
2011-07-25,0.040,NRFA,
2011-07-26,0.037,NRFA,
2011-07-27,0.032,NRFA,
2011-07-28,0.030,NRFA,
2011-07-29,0.028,NRFA,
2011-07-30,0.026,NRFA,
2011-07-31,0.024,NRFA,
2011-08-01,0.024,NRFA,
2011-08-02,0.027,NRFA,
2011-08-03,0.023,NRFA,
2011-08-04,0.040,NRFA,
2011-08-05,0.030,NRFA,
2011-08-06,0.416,NRFA,
2011-08-07,0.226,NRFA,
2011-08-08,0.088,NRFA,
2011-08-09,0.058,NRFA,
2011-08-10,1.308,NRFA,
2011-08-11,1.712,NRFA,
2011-08-12,0.864,NRFA,
2011-08-13,0.370,NRFA,
2011-08-14,0.159,NRFA,
2011-08-15,0.092,NRFA,
2011-08-16,0.468,NRFA,
2011-08-17,0.135,NRFA,
2011-08-18,0.076,NRFA,
2011-08-19,0.058,NRFA,
2011-08-20,0.064,NRFA,
2011-08-21,0.085,NRFA,
2011-08-22,0.056,NRFA,
2011-08-23,0.042,NRFA,
2011-08-24,0.039,NRFA,
2011-08-25,0.034,NRFA,
2011-08-26,0.041,NRFA,
2011-08-27,0.132,NRFA,
2011-08-28,0.136,NRFA,
2011-08-29,0.120,NRFA,
2011-08-30,0.065,NRFA,
2011-08-31,0.052,NRFA,
2011-09-01,0.042,NRFA,
2011-09-02,0.038,NRFA,
2011-09-03,0.094,NRFA,
2011-09-04,0.093,NRFA,
2011-09-05,1.245,NRFA,
2011-09-06,3.281,NRFA,
2011-09-07,0.932,NRFA,
2011-09-08,0.626,NRFA,
2011-09-09,0.228,NRFA,
2011-09-10,0.425,NRFA,
2011-09-11,0.534,NRFA,
2011-09-12,1.639,NRFA,
2011-09-13,0.552,NRFA,
2011-09-14,0.323,NRFA,
2011-09-15,0.125,NRFA,
2011-09-16,1.668,NRFA,
2011-09-17,1.182,NRFA,
2011-09-18,0.251,NRFA,
2011-09-19,0.355,NRFA,
2011-09-20,0.291,NRFA,
2011-09-21,0.989,NRFA,
2011-09-22,0.245,NRFA,
2011-09-23,0.124,NRFA,
2011-09-24,0.105,NRFA,
2011-09-25,0.657,NRFA,
2011-09-26,0.369,NRFA,
2011-09-27,0.127,NRFA,
2011-09-28,0.084,NRFA,
2011-09-29,0.064,NRFA,
2011-09-30,0.052,NRFA,
2011-10-01,0.045,NRFA,
2011-10-02,0.049,NRFA,
2011-10-03,0.049,NRFA,
2011-10-04,0.042,NRFA,
2011-10-05,0.603,NRFA,
2011-10-06,1.281,NRFA,
2011-10-07,0.231,NRFA,
2011-10-08,0.762,NRFA,
2011-10-09,1.878,NRFA,
2011-10-10,1.367,NRFA,
2011-10-11,1.039,NRFA,
2011-10-12,1.135,NRFA,
2011-10-13,0.308,NRFA,
2011-10-14,0.173,NRFA,
2011-10-15,0.115,NRFA,
2011-10-16,0.088,NRFA,
2011-10-17,1.365,NRFA,
2011-10-18,1.004,NRFA,
2011-10-19,0.226,NRFA,
2011-10-20,0.127,NRFA,
2011-10-21,0.134,NRFA,
2011-10-22,0.102,NRFA,
2011-10-23,0.280,NRFA,
2011-10-24,0.185,NRFA,
2011-10-25,0.356,NRFA,
2011-10-26,0.146,NRFA,
2011-10-27,0.164,NRFA,
2011-10-28,0.143,NRFA,
2011-10-29,0.296,NRFA,
2011-10-30,0.212,NRFA,
2011-10-31,0.325,NRFA,
2011-11-01,0.338,NRFA,
2011-11-02,0.509,NRFA,
2011-11-03,0.765,NRFA,
2011-11-04,0.399,NRFA,
2011-11-05,0.250,NRFA,
2011-11-06,0.132,NRFA,
2011-11-07,0.104,NRFA,
2011-11-08,0.144,NRFA,
2011-11-09,0.173,NRFA,
2011-11-10,0.183,NRFA,
2011-11-11,0.731,NRFA,
2011-11-12,0.383,NRFA,
2011-11-13,0.197,NRFA,
2011-11-14,0.142,NRFA,
2011-11-15,0.114,NRFA,
2011-11-16,0.096,NRFA,
2011-11-17,0.092,NRFA,
2011-11-18,0.084,NRFA,
2011-11-19,0.074,NRFA,
2011-11-20,0.067,NRFA,
2011-11-21,0.068,NRFA,
2011-11-22,0.064,NRFA,
2011-11-23,0.226,NRFA,
2011-11-24,1.304,NRFA,
2011-11-25,0.945,NRFA,
2011-11-26,3.059,NRFA,
2011-11-27,0.868,NRFA,
2011-11-28,0.259,NRFA,
2011-11-29,0.734,NRFA,
2011-11-30,0.838,NRFA,
2011-12-01,0.545,NRFA,
2011-12-02,0.313,NRFA,
2011-12-03,1.237,NRFA,
2011-12-04,0.510,NRFA,
2011-12-05,0.225,NRFA,
2011-12-06,0.202,NRFA,
2011-12-07,0.461,NRFA,
2011-12-08,5.287,NRFA,
2011-12-09,0.441,NRFA,
2011-12-10,0.679,NRFA,
2011-12-11,1.629,NRFA,
2011-12-12,2.188,NRFA,
2011-12-13,0.691,NRFA,
2011-12-14,0.331,NRFA,
2011-12-15,0.245,NRFA,
2011-12-16,0.180,NRFA,
2011-12-17,0.124,NRFA,
2011-12-18,0.130,NRFA,
2011-12-19,1.284,NRFA,
2011-12-20,0.953,NRFA,
2011-12-21,2.330,NRFA,
2011-12-22,1.033,NRFA,
2011-12-23,0.786,NRFA,
2011-12-24,1.323,NRFA,
2011-12-25,1.249,NRFA,
2011-12-26,0.577,NRFA,
2011-12-27,0.581,NRFA,
2011-12-28,0.725,NRFA,
2011-12-29,1.192,NRFA,
2011-12-30,0.897,NRFA,
2011-12-31,0.786,NRFA,
2012-01-01,1.193,NRFA,
2012-01-02,1.207,NRFA,
2012-01-03,1.329,NRFA,
2012-01-04,3.099,NRFA,
2012-01-05,0.729,NRFA,
2012-01-06,0.496,NRFA,
2012-01-07,0.318,NRFA,
2012-01-08,0.197,NRFA,
2012-01-09,0.222,NRFA,
2012-01-10,0.176,NRFA,
2012-01-11,0.250,NRFA,
2012-01-12,0.287,NRFA,
2012-01-13,0.134,NRFA,
2012-01-14,0.086,NRFA,
2012-01-15,0.066,NRFA,
2012-01-16,0.048,NRFA,
2012-01-17,0.059,NRFA,
2012-01-18,0.230,NRFA,
2012-01-19,0.199,NRFA,
2012-01-20,0.779,NRFA,
2012-01-21,0.619,NRFA,
2012-01-22,0.595,NRFA,
2012-01-23,0.226,NRFA,
2012-01-24,0.532,NRFA,
2012-01-25,0.541,NRFA,
2012-01-26,0.341,NRFA,
2012-01-27,0.252,NRFA,
2012-01-28,0.165,NRFA,
2012-01-29,0.135,NRFA,
2012-01-30,0.101,NRFA,
2012-01-31,0.075,NRFA,
2012-02-01,0.050,NRFA,
2012-02-02,0.047,NRFA,
2012-02-03,0.049,NRFA,
2012-02-04,0.050,NRFA,
2012-02-05,0.048,NRFA,
2012-02-06,0.053,NRFA,
2012-02-07,0.042,NRFA,
2012-02-08,0.044,NRFA,
2012-02-09,0.429,NRFA,
2012-02-10,0.179,NRFA,
2012-02-11,0.163,NRFA,
2012-02-12,0.423,NRFA,
2012-02-13,0.685,NRFA,
2012-02-14,0.385,NRFA,
2012-02-15,0.362,NRFA,
2012-02-16,0.246,NRFA,
2012-02-17,0.249,NRFA,
2012-02-18,0.860,NRFA,
2012-02-19,0.169,NRFA,
2012-02-20,2.086,NRFA,
2012-02-21,1.208,NRFA,
2012-02-22,1.332,NRFA,
2012-02-23,0.567,NRFA,
2012-02-24,0.342,NRFA,
2012-02-25,0.166,NRFA,
2012-02-26,0.134,NRFA,
2012-02-27,0.128,NRFA,
2012-02-28,0.120,NRFA,
2012-02-29,0.091,NRFA,
2012-03-01,0.076,NRFA,
2012-03-02,0.068,NRFA,
2012-03-03,0.111,NRFA,
2012-03-04,0.403,NRFA,
2012-03-05,0.162,NRFA,
2012-03-06,0.139,NRFA,
2012-03-07,0.383,NRFA,
2012-03-08,0.239,NRFA,
2012-03-09,0.235,NRFA,
2012-03-10,0.172,NRFA,
2012-03-11,0.096,NRFA,
2012-03-12,0.072,NRFA,
2012-03-13,0.060,NRFA,
2012-03-14,0.053,NRFA,
2012-03-15,0.048,NRFA,
2012-03-16,0.086,NRFA,
2012-03-17,0.111,NRFA,
2012-03-18,0.068,NRFA,
2012-03-19,0.050,NRFA,
2012-03-20,0.049,NRFA,
2012-03-21,0.044,NRFA,
2012-03-22,0.040,NRFA,
2012-03-23,0.038,NRFA,
2012-03-24,0.035,NRFA,
2012-03-25,0.032,NRFA,
2012-03-26,0.030,NRFA,
2012-03-27,0.028,NRFA,
2012-03-28,0.025,NRFA,
2012-03-29,0.024,NRFA,
2012-03-30,0.024,NRFA,
2012-03-31,0.024,NRFA,
2012-04-01,0.023,NRFA,
2012-04-02,0.035,NRFA,
2012-04-03,0.047,NRFA,
2012-04-04,0.090,NRFA,
2012-04-05,0.221,NRFA,
2012-04-06,1.020,NRFA,
2012-04-07,0.547,NRFA,
2012-04-08,0.430,NRFA,
2012-04-09,0.468,NRFA,
2012-04-10,0.837,NRFA,
2012-04-11,0.313,NRFA,
2012-04-12,0.251,NRFA,
2012-04-13,0.126,NRFA,
2012-04-14,0.080,NRFA,
2012-04-15,0.061,NRFA,
2012-04-16,0.081,NRFA,
2012-04-17,0.395,NRFA,
2012-04-18,1.988,NRFA,
2012-04-19,1.758,NRFA,
2012-04-20,0.308,NRFA,
2012-04-21,0.149,NRFA,
2012-04-22,0.101,NRFA,
2012-04-23,0.078,NRFA,
2012-04-24,0.102,NRFA,
2012-04-25,3.516,NRFA,
2012-04-26,3.120,NRFA,
2012-04-27,0.492,NRFA,
2012-04-28,0.183,NRFA,
2012-04-29,1.144,NRFA,
2012-04-30,0.385,NRFA,
2012-05-01,0.142,NRFA,
2012-05-02,0.093,NRFA,
2012-05-03,0.070,NRFA,
2012-05-04,0.058,NRFA,
2012-05-05,0.048,NRFA,
2012-05-06,0.042,NRFA,
2012-05-07,0.148,NRFA,
2012-05-08,0.316,NRFA,
2012-05-09,1.318,NRFA,
2012-05-10,3.857,NRFA,
2012-05-11,1.816,NRFA,
2012-05-12,0.404,NRFA,
2012-05-13,0.392,NRFA,
2012-05-14,0.376,NRFA,
2012-05-15,0.329,NRFA,
2012-05-16,0.149,NRFA,
2012-05-17,0.141,NRFA,
2012-05-18,0.288,NRFA,
2012-05-19,0.477,NRFA,
2012-05-20,0.176,NRFA,
2012-05-21,0.107,NRFA,
2012-05-22,0.076,NRFA,
2012-05-23,0.059,NRFA,
2012-05-24,0.049,NRFA,
2012-05-25,0.040,NRFA,
2012-05-26,0.033,NRFA,
2012-05-27,0.030,NRFA,
2012-05-28,0.027,NRFA,
2012-05-29,0.026,NRFA,
2012-05-30,0.026,NRFA,
2012-05-31,0.036,NRFA,
2012-06-01,0.034,NRFA,
2012-06-02,0.031,NRFA,
2012-06-03,0.034,NRFA,
2012-06-04,0.029,NRFA,
2012-06-05,0.032,NRFA,
2012-06-06,0.067,NRFA,
2012-06-07,1.215,NRFA,
2012-06-08,2.012,NRFA,
2012-06-09,1.260,NRFA,
2012-06-10,0.732,NRFA,
2012-06-11,0.308,NRFA,
2012-06-12,0.146,NRFA,
2012-06-13,0.095,NRFA,
2012-06-14,0.076,NRFA,
2012-06-15,0.841,NRFA,
2012-06-16,1.826,NRFA,
2012-06-17,0.519,NRFA,
2012-06-18,0.153,NRFA,
2012-06-19,0.092,NRFA,
2012-06-20,0.064,NRFA,
2012-06-21,1.283,NRFA,
2012-06-22,3.971,NRFA,
2012-06-23,1.213,NRFA,
2012-06-24,0.415,NRFA,
2012-06-25,0.155,NRFA,
2012-06-26,0.117,NRFA,
2012-06-27,0.128,NRFA,
2012-06-28,1.707,NRFA,
2012-06-29,0.306,NRFA,
2012-06-30,0.209,NRFA,
2012-07-01,0.315,NRFA,
2012-07-02,0.748,NRFA,
2012-07-03,0.360,NRFA,
2012-07-04,0.584,NRFA,
2012-07-05,0.955,NRFA,
2012-07-06,2.803,NRFA,
2012-07-07,0.459,NRFA,
2012-07-08,0.189,NRFA,
2012-07-09,0.136,NRFA,
2012-07-10,0.683,NRFA,
2012-07-11,0.357,NRFA,
2012-07-12,0.135,NRFA,
2012-07-13,0.085,NRFA,
2012-07-14,0.069,NRFA,
2012-07-15,0.055,NRFA,
2012-07-16,0.060,NRFA,
2012-07-17,0.129,NRFA,
2012-07-18,1.268,NRFA,
2012-07-19,0.727,NRFA,
2012-07-20,0.282,NRFA,
2012-07-21,0.103,NRFA,
2012-07-22,0.065,NRFA,
2012-07-23,0.059,NRFA,
2012-07-24,0.055,NRFA,
2012-07-25,0.069,NRFA,
2012-07-26,0.060,NRFA,
2012-07-27,0.046,NRFA,
2012-07-28,0.040,NRFA,
2012-07-29,0.037,NRFA,
2012-07-30,0.038,NRFA,
2012-07-31,0.046,NRFA,
2012-08-01,0.371,NRFA,
2012-08-02,0.179,NRFA,
2012-08-03,0.069,NRFA,
2012-08-04,0.860,NRFA,
2012-08-05,0.251,NRFA,
2012-08-06,0.155,NRFA,
2012-08-07,0.090,NRFA,
2012-08-08,0.056,NRFA,
2012-08-09,0.043,NRFA,
2012-08-10,0.036,NRFA,
2012-08-11,0.032,NRFA,
2012-08-12,0.037,NRFA,
2012-08-13,0.042,NRFA,
2012-08-14,0.032,NRFA,
2012-08-15,0.733,NRFA,
2012-08-16,0.295,NRFA,
2012-08-17,2.485,NRFA,
2012-08-18,0.816,NRFA,
2012-08-19,1.062,NRFA,
2012-08-20,0.274,NRFA,
2012-08-21,0.115,NRFA,
2012-08-22,0.080,NRFA,
2012-08-23,0.063,NRFA,
2012-08-24,0.055,NRFA,
2012-08-25,0.918,NRFA,
2012-08-26,0.661,NRFA,
2012-08-27,1.416,NRFA,
2012-08-28,0.319,NRFA,
2012-08-29,1.982,NRFA,
2012-08-30,0.880,NRFA,
2012-08-31,0.172,NRFA,
2012-09-01,0.112,NRFA,
2012-09-02,0.076,NRFA,
2012-09-03,0.055,NRFA,
2012-09-04,0.044,NRFA,
2012-09-05,0.037,NRFA,
2012-09-06,0.034,NRFA,
2012-09-07,0.039,NRFA,
2012-09-08,0.033,NRFA,
2012-09-09,0.029,NRFA,
2012-09-10,0.113,NRFA,
2012-09-11,0.144,NRFA,
2012-09-12,0.156,NRFA,
2012-09-13,0.207,NRFA,
2012-09-14,0.265,NRFA,
2012-09-15,0.075,NRFA,
2012-09-16,0.164,NRFA,
2012-09-17,0.699,NRFA,
2012-09-18,0.415,NRFA,
2012-09-19,0.098,NRFA,
2012-09-20,0.504,NRFA,
2012-09-21,0.379,NRFA,
2012-09-22,0.129,NRFA,
2012-09-23,0.714,NRFA,
2012-09-24,5.941,NRFA,
2012-09-25,2.545,NRFA,
2012-09-26,0.695,NRFA,
2012-09-27,0.277,NRFA,
2012-09-28,0.366,NRFA,
2012-09-29,0.330,NRFA,
2012-09-30,1.343,NRFA,
2012-10-01,0.590,NRFA,
2012-10-02,3.202,NRFA,
2012-10-03,0.894,NRFA,
2012-10-04,0.361,NRFA,
2012-10-05,0.399,NRFA,
2012-10-06,0.176,NRFA,
2012-10-07,0.105,NRFA,
2012-10-08,0.079,NRFA,
2012-10-09,0.063,NRFA,
2012-10-10,0.055,NRFA,
2012-10-11,1.121,NRFA,
2012-10-12,0.682,NRFA,
2012-10-13,0.160,NRFA,
2012-10-14,0.118,NRFA,
2012-10-15,0.665,NRFA,
2012-10-16,1.236,NRFA,
2012-10-17,0.812,NRFA,
2012-10-18,0.198,NRFA,
2012-10-19,0.124,NRFA,
2012-10-20,0.100,NRFA,
2012-10-21,0.077,NRFA,
2012-10-22,0.091,NRFA,
2012-10-23,0.116,NRFA,
2012-10-24,0.250,NRFA,
2012-10-25,0.176,NRFA,
2012-10-26,0.110,NRFA,
2012-10-27,0.080,NRFA,
2012-10-28,0.677,NRFA,
2012-10-29,0.280,NRFA,
2012-10-30,0.360,NRFA,
2012-10-31,0.775,NRFA,
2012-11-01,0.274,NRFA,
2012-11-02,0.450,NRFA,
2012-11-03,0.373,NRFA,
2012-11-04,0.186,NRFA,
2012-11-05,0.132,NRFA,
2012-11-06,0.284,NRFA,
2012-11-07,0.315,NRFA,
2012-11-08,0.243,NRFA,
2012-11-09,0.608,NRFA,
2012-11-10,0.263,NRFA,
2012-11-11,0.147,NRFA,
2012-11-12,0.175,NRFA,
2012-11-13,0.381,NRFA,
2012-11-14,0.220,NRFA,
2012-11-15,0.124,NRFA,
2012-11-16,0.176,NRFA,
2012-11-17,0.264,NRFA,
2012-11-18,0.224,NRFA,
2012-11-19,0.922,NRFA,
2012-11-20,1.047,NRFA,
2012-11-21,0.311,NRFA,
2012-11-22,2.207,NRFA,
2012-11-23,1.234,NRFA,
2012-11-24,1.207,NRFA,
2012-11-25,2.604,NRFA,
2012-11-26,3.630,NRFA,
2012-11-27,1.239,NRFA,
2012-11-28,0.444,NRFA,
2012-11-29,0.222,NRFA,
2012-11-30,0.158,NRFA,
2012-12-01,0.107,NRFA,
2012-12-02,0.101,NRFA,
2012-12-03,0.304,NRFA,
2012-12-04,0.318,NRFA,
2012-12-05,0.130,NRFA,
2012-12-06,0.145,NRFA,
2012-12-07,0.272,NRFA,
2012-12-08,1.475,NRFA,
2012-12-09,0.863,NRFA,
2012-12-10,0.205,NRFA,
2012-12-11,0.126,NRFA,
2012-12-12,0.090,NRFA,
2012-12-13,0.061,NRFA,
2012-12-14,1.189,NRFA,
2012-12-15,1.415,NRFA,
2012-12-16,0.576,NRFA,
2012-12-17,0.386,NRFA,
2012-12-18,0.235,NRFA,
2012-12-19,1.001,NRFA,
2012-12-20,2.425,NRFA,
2012-12-21,0.761,NRFA,
2012-12-22,1.741,NRFA,
2012-12-23,0.669,NRFA,
2012-12-24,0.604,NRFA,
2012-12-25,0.713,NRFA,
2012-12-26,1.382,NRFA,
2012-12-27,0.961,NRFA,
2012-12-28,2.159,NRFA,
2012-12-29,1.898,NRFA,
2012-12-30,3.074,NRFA,
2012-12-31,1.692,NRFA,
2013-01-01,0.433,NRFA,
2013-01-02,0.639,NRFA,
2013-01-03,0.432,NRFA,
2013-01-04,0.258,NRFA,
2013-01-05,0.205,NRFA,
2013-01-06,0.191,NRFA,
2013-01-07,0.182,NRFA,
2013-01-08,0.182,NRFA,
2013-01-09,0.165,NRFA,
2013-01-10,0.154,NRFA,
2013-01-11,0.148,NRFA,
2013-01-12,0.131,NRFA,
2013-01-13,0.109,NRFA,
2013-01-14,0.106,NRFA,
2013-01-15,0.073,NRFA,
2013-01-16,0.092,NRFA,
2013-01-17,0.084,NRFA,
2013-01-18,0.079,NRFA,
2013-01-19,0.087,NRFA,
2013-01-20,0.081,NRFA,
2013-01-21,0.079,NRFA,
2013-01-22,0.104,NRFA,
2013-01-23,0.095,NRFA,
2013-01-24,0.089,NRFA,
2013-01-25,0.090,NRFA,
2013-01-26,0.551,NRFA,
2013-01-27,1.131,NRFA,
2013-01-28,1.501,NRFA,
2013-01-29,2.223,NRFA,
2013-01-30,0.784,NRFA,
2013-01-31,0.759,NRFA,
2013-02-01,0.605,NRFA,
2013-02-02,0.466,NRFA,
2013-02-03,0.764,NRFA,
2013-02-04,0.362,NRFA,
2013-02-05,0.226,NRFA,
2013-02-06,0.161,NRFA,
2013-02-07,0.145,NRFA,
2013-02-08,0.114,NRFA,
2013-02-09,0.141,NRFA,
2013-02-10,0.134,NRFA,
2013-02-11,0.109,NRFA,
2013-02-12,0.081,NRFA,
2013-02-13,0.466,NRFA,
2013-02-14,1.435,NRFA,
2013-02-15,1.167,NRFA,
2013-02-16,0.750,NRFA,
2013-02-17,0.423,NRFA,
2013-02-18,0.190,NRFA,
2013-02-19,0.158,NRFA,
2013-02-20,0.138,NRFA,
2013-02-21,0.082,NRFA,
2013-02-22,0.074,NRFA,
2013-02-23,0.060,NRFA,
2013-02-24,0.061,NRFA,
2013-02-25,0.077,NRFA,
2013-02-26,0.074,NRFA,
2013-02-27,0.070,NRFA,
2013-02-28,0.107,NRFA,
2013-03-01,0.116,NRFA,
2013-03-02,0.117,NRFA,
2013-03-03,0.116,NRFA,
2013-03-04,0.085,NRFA,
2013-03-05,0.076,NRFA,
2013-03-06,0.070,NRFA,
2013-03-07,0.143,NRFA,
2013-03-08,0.202,NRFA,
2013-03-09,0.218,NRFA,
2013-03-10,0.096,NRFA,
2013-03-11,0.092,NRFA,
2013-03-12,0.069,NRFA,
2013-03-13,0.065,NRFA,
2013-03-14,0.114,NRFA,
2013-03-15,0.662,NRFA,
2013-03-16,0.458,NRFA,
2013-03-17,0.346,NRFA,
2013-03-18,0.210,NRFA,
2013-03-19,0.168,NRFA,
2013-03-20,0.136,NRFA,
2013-03-21,0.125,NRFA,
2013-03-22,0.088,NRFA,
2013-03-23,0.098,NRFA,
2013-03-24,0.096,NRFA,
2013-03-25,0.077,NRFA,
2013-03-26,0.073,NRFA,
2013-03-27,0.071,NRFA,
2013-03-28,0.068,NRFA,
2013-03-29,0.064,NRFA,
2013-03-30,0.061,NRFA,
2013-03-31,0.074,NRFA,
2013-04-01,0.064,NRFA,
2013-04-02,0.062,NRFA,
2013-04-03,0.119,NRFA,
2013-04-04,0.117,NRFA,
2013-04-05,0.211,NRFA,
2013-04-06,0.514,NRFA,
2013-04-07,0.561,NRFA,
2013-04-08,0.328,NRFA,
2013-04-09,0.252,NRFA,
2013-04-10,0.510,NRFA,
2013-04-11,0.399,NRFA,
2013-04-12,0.623,NRFA,
2013-04-13,2.680,NRFA,
2013-04-14,2.640,NRFA,
2013-04-15,0.957,NRFA,
2013-04-16,0.494,NRFA,
2013-04-17,1.865,NRFA,
2013-04-18,1.103,NRFA,
2013-04-19,0.536,NRFA,
2013-04-20,0.209,NRFA,
2013-04-21,0.165,NRFA,
2013-04-22,0.140,NRFA,
2013-04-23,0.106,NRFA,
2013-04-24,0.099,NRFA,
2013-04-25,0.297,NRFA,
2013-04-26,0.179,NRFA,
2013-04-27,0.186,NRFA,
2013-04-28,0.199,NRFA,
2013-04-29,0.159,NRFA,
2013-04-30,0.100,NRFA,
2013-05-01,0.080,NRFA,
2013-05-02,0.067,NRFA,
2013-05-03,0.064,NRFA,
2013-05-04,0.063,NRFA,
2013-05-05,0.058,NRFA,
2013-05-06,0.053,NRFA,
2013-05-07,0.046,NRFA,
2013-05-08,0.050,NRFA,
2013-05-09,0.092,NRFA,
2013-05-10,0.139,NRFA,
2013-05-11,0.193,NRFA,
2013-05-12,0.191,NRFA,
2013-05-13,0.327,NRFA,
2013-05-14,0.146,NRFA,
2013-05-15,1.313,NRFA,
2013-05-16,0.221,NRFA,
2013-05-17,0.720,NRFA,
2013-05-18,4.516,NRFA,
2013-05-19,0.275,NRFA,
2013-05-20,0.208,NRFA,
2013-05-21,0.208,NRFA,
2013-05-22,0.102,NRFA,
2013-05-23,0.085,NRFA,
2013-05-24,0.449,NRFA,
2013-05-25,0.133,NRFA,
2013-05-26,0.072,NRFA,
2013-05-27,0.080,NRFA,
2013-05-28,0.078,NRFA,
2013-05-29,0.073,NRFA,
2013-05-30,0.088,NRFA,
2013-05-31,0.064,NRFA,
2013-06-01,0.047,NRFA,
2013-06-02,0.040,NRFA,
2013-06-03,0.036,NRFA,
2013-06-04,0.033,NRFA,
2013-06-05,0.031,NRFA,
2013-06-06,0.031,NRFA,
2013-06-07,0.029,NRFA,
2013-06-08,0.027,NRFA,
2013-06-09,0.027,NRFA,
2013-06-10,0.025,NRFA,
2013-06-11,0.026,NRFA,
2013-06-12,0.033,NRFA,
2013-06-13,0.031,NRFA,
2013-06-14,0.048,NRFA,
2013-06-15,0.103,NRFA,
2013-06-16,0.082,NRFA,
2013-06-17,0.042,NRFA,
2013-06-18,0.031,NRFA,
2013-06-19,0.025,NRFA,
2013-06-20,0.023,NRFA,
2013-06-21,0.022,NRFA,
2013-06-22,0.037,NRFA,
2013-06-23,0.316,NRFA,
2013-06-24,0.106,NRFA,
2013-06-25,0.050,NRFA,
2013-06-26,0.034,NRFA,
2013-06-27,0.030,NRFA,
2013-06-28,0.032,NRFA,
2013-06-29,0.026,NRFA,
2013-06-30,0.024,NRFA,
2013-07-01,0.021,NRFA,
2013-07-02,0.024,NRFA,
2013-07-03,0.022,NRFA,
2013-07-04,0.021,NRFA,
2013-07-05,0.018,NRFA,
2013-07-06,0.016,NRFA,
2013-07-07,0.015,NRFA,
2013-07-08,0.014,NRFA,
2013-07-09,0.013,NRFA,
2013-07-10,0.013,NRFA,
2013-07-11,0.012,NRFA,
2013-07-12,0.012,NRFA,
2013-07-13,0.011,NRFA,
2013-07-14,0.010,NRFA,
2013-07-15,0.010,NRFA,
2013-07-16,0.010,NRFA,
2013-07-17,0.009,NRFA,
2013-07-18,0.009,NRFA,
2013-07-19,0.009,NRFA,
2013-07-20,0.010,NRFA,
2013-07-21,0.009,NRFA,
2013-07-22,0.010,NRFA,
2013-07-23,0.017,NRFA,
2013-07-24,0.020,NRFA,
2013-07-25,0.184,NRFA,
2013-07-26,0.056,NRFA,
2013-07-27,0.684,NRFA,
2013-07-28,1.305,NRFA,
2013-07-29,0.166,NRFA,
2013-07-30,0.073,NRFA,
2013-07-31,1.028,NRFA,
2013-08-01,0.434,NRFA,
2013-08-02,0.103,NRFA,
2013-08-03,0.052,NRFA,
2013-08-04,0.344,NRFA,
2013-08-05,4.062,NRFA,
2013-08-06,0.470,NRFA,
2013-08-07,0.199,NRFA,
2013-08-08,0.113,NRFA,
2013-08-09,0.089,NRFA,
2013-08-10,0.060,NRFA,
2013-08-11,0.064,NRFA,
2013-08-12,0.323,NRFA,
2013-08-13,0.139,NRFA,
2013-08-14,0.074,NRFA,
2013-08-15,0.448,NRFA,
2013-08-16,0.516,NRFA,
2013-08-17,0.609,NRFA,
2013-08-18,0.378,NRFA,
2013-08-19,0.158,NRFA,
2013-08-20,0.095,NRFA,
2013-08-21,0.072,NRFA,
2013-08-22,0.336,NRFA,
2013-08-23,0.361,NRFA,
2013-08-24,0.432,NRFA,
2013-08-25,0.148,NRFA,
2013-08-26,0.082,NRFA,
2013-08-27,0.059,NRFA,
2013-08-28,0.048,NRFA,
2013-08-29,0.043,NRFA,
2013-08-30,0.039,NRFA,
2013-08-31,0.034,NRFA,
2013-09-01,0.030,NRFA,
2013-09-02,0.030,NRFA,
2013-09-03,0.027,NRFA,
2013-09-04,0.024,NRFA,
2013-09-05,0.025,NRFA,
2013-09-06,2.744,NRFA,
2013-09-07,0.428,NRFA,
2013-09-08,0.148,NRFA,
2013-09-09,0.147,NRFA,
2013-09-10,0.118,NRFA,
2013-09-11,0.084,NRFA,
2013-09-12,0.069,NRFA,
2013-09-13,0.090,NRFA,
2013-09-14,0.086,NRFA,
2013-09-15,1.499,NRFA,
2013-09-16,0.659,NRFA,
2013-09-17,0.246,NRFA,
2013-09-18,0.137,NRFA,
2013-09-19,0.241,NRFA,
2013-09-20,0.178,NRFA,
2013-09-21,0.103,NRFA,
2013-09-22,0.076,NRFA,
2013-09-23,0.059,NRFA,
2013-09-24,0.054,NRFA,
2013-09-25,0.051,NRFA,
2013-09-26,0.046,NRFA,
2013-09-27,0.042,NRFA,
2013-09-28,0.037,NRFA,
2013-09-29,0.033,NRFA,
2013-09-30,0.031,NRFA,
2013-10-01,0.029,NRFA,
2013-10-02,0.122,NRFA,
2013-10-03,1.481,NRFA,
2013-10-04,1.024,NRFA,
2013-10-05,0.228,NRFA,
2013-10-06,0.120,NRFA,
2013-10-07,0.109,NRFA,
2013-10-08,0.093,NRFA,
2013-10-09,0.065,NRFA,
2013-10-10,0.053,NRFA,
2013-10-11,0.073,NRFA,
2013-10-12,0.187,NRFA,
2013-10-13,0.724,NRFA,
2013-10-14,2.421,NRFA,
2013-10-15,0.907,NRFA,
2013-10-16,1.173,NRFA,
2013-10-17,0.299,NRFA,
2013-10-18,0.522,NRFA,
2013-10-19,0.910,NRFA,
2013-10-20,0.388,NRFA,
2013-10-21,1.540,NRFA,
2013-10-22,0.719,NRFA,
2013-10-23,1.499,NRFA,
2013-10-24,0.278,NRFA,
2013-10-25,2.476,NRFA,
2013-10-26,0.696,NRFA,
2013-10-27,2.683,NRFA,
2013-10-28,0.835,NRFA,
2013-10-29,0.388,NRFA,
2013-10-30,0.217,NRFA,
2013-10-31,0.538,NRFA,
2013-11-01,0.275,NRFA,
2013-11-02,1.184,NRFA,
2013-11-03,0.468,NRFA,
2013-11-04,0.196,NRFA,
2013-11-05,0.464,NRFA,
2013-11-06,0.433,NRFA,
2013-11-07,0.481,NRFA,
2013-11-08,0.479,NRFA,
2013-11-09,0.543,NRFA,
2013-11-10,0.229,NRFA,
2013-11-11,0.391,NRFA,
2013-11-12,0.171,NRFA,
2013-11-13,0.515,NRFA,
2013-11-14,0.331,NRFA,
2013-11-15,0.153,NRFA,
2013-11-16,0.114,NRFA,
2013-11-17,0.108,NRFA,
2013-11-18,0.186,NRFA,
2013-11-19,0.358,NRFA,
2013-11-20,1.496,NRFA,
2013-11-21,1.345,NRFA,
2013-11-22,0.351,NRFA,
2013-11-23,0.191,NRFA,
2013-11-24,0.188,NRFA,
2013-11-25,0.122,NRFA,
2013-11-26,0.160,NRFA,
2013-11-27,0.117,NRFA,
2013-11-28,0.090,NRFA,
2013-11-29,0.160,NRFA,
2013-11-30,0.101,NRFA,
2013-12-01,0.086,NRFA,
2013-12-02,0.072,NRFA,
2013-12-03,0.069,NRFA,
2013-12-04,0.074,NRFA,
2013-12-05,1.192,NRFA,
2013-12-06,0.187,NRFA,
2013-12-07,0.684,NRFA,
2013-12-08,2.438,NRFA,
2013-12-09,0.485,NRFA,
2013-12-10,0.228,NRFA,
2013-12-11,0.165,NRFA,
2013-12-12,0.143,NRFA,
2013-12-13,0.241,NRFA,
2013-12-14,1.062,NRFA,
2013-12-15,1.736,NRFA,
2013-12-16,1.247,NRFA,
2013-12-17,0.363,NRFA,
2013-12-18,2.102,NRFA,
2013-12-19,1.068,NRFA,
2013-12-20,3.749,NRFA,
2013-12-21,3.036,NRFA,
2013-12-22,1.557,NRFA,
2013-12-23,4.971,NRFA,
2013-12-24,1.460,NRFA,
2013-12-25,0.905,NRFA,
2013-12-26,1.314,NRFA,
2013-12-27,3.989,NRFA,
2013-12-28,1.012,NRFA,
2013-12-29,0.976,NRFA,
2013-12-30,3.124,NRFA,
2013-12-31,1.421,NRFA,
2014-01-01,2.380,NRFA,
2014-01-02,1.878,NRFA,
2014-01-03,1.959,NRFA,
2014-01-04,1.232,NRFA,
2014-01-05,2.678,NRFA,
2014-01-06,2.238,NRFA,
2014-01-07,2.297,NRFA,
2014-01-08,1.801,NRFA,
2014-01-09,1.689,NRFA,
2014-01-10,1.182,NRFA,
2014-01-11,0.880,NRFA,
2014-01-12,0.836,NRFA,
2014-01-13,1.064,NRFA,
2014-01-14,1.090,NRFA,
2014-01-15,1.652,NRFA,
2014-01-16,1.174,NRFA,
2014-01-17,1.141,NRFA,
2014-01-18,1.262,NRFA,
2014-01-19,1.286,NRFA,
2014-01-20,0.959,NRFA,
2014-01-21,1.047,NRFA,
2014-01-22,1.710,NRFA,
2014-01-23,1.401,NRFA,
2014-01-24,1.363,NRFA,
2014-01-25,1.610,NRFA,
2014-01-26,1.648,NRFA,
2014-01-27,1.985,NRFA,
2014-01-28,2.251,NRFA,
2014-01-29,1.901,NRFA,
2014-01-30,1.288,NRFA,
2014-01-31,1.434,NRFA,
2014-02-01,3.305,NRFA,
2014-02-02,1.900,NRFA,
2014-02-03,1.457,NRFA,
2014-02-04,1.430,NRFA,
2014-02-05,2.202,NRFA,
2014-02-06,0.796,NRFA,
2014-02-07,0.414,NRFA,
2014-02-08,1.958,NRFA,
2014-02-09,1.187,NRFA,
2014-02-10,0.383,NRFA,
2014-02-11,0.280,NRFA,
2014-02-12,0.635,NRFA,
2014-02-13,0.540,NRFA,
2014-02-14,2.083,NRFA,
2014-02-15,2.380,NRFA,
2014-02-16,0.706,NRFA,
2014-02-17,1.550,NRFA,
2014-02-18,1.562,NRFA,
2014-02-19,1.116,NRFA,
2014-02-20,1.053,NRFA,
2014-02-21,1.436,NRFA,
2014-02-22,1.016,NRFA,
2014-02-23,2.878,NRFA,
2014-02-24,0.944,NRFA,
2014-02-25,0.529,NRFA,
2014-02-26,0.800,NRFA,
2014-02-27,1.116,NRFA,
2014-02-28,0.283,NRFA,
2014-03-01,0.188,NRFA,
2014-03-02,0.812,NRFA,
2014-03-03,0.312,NRFA,
2014-03-04,0.154,NRFA,
2014-03-05,0.118,NRFA,
2014-03-06,0.779,NRFA,
2014-03-07,1.122,NRFA,
2014-03-08,0.202,NRFA,
2014-03-09,0.129,NRFA,
2014-03-10,0.108,NRFA,
2014-03-11,0.080,NRFA,
2014-03-12,0.065,NRFA,
2014-03-13,0.056,NRFA,
2014-03-14,0.051,NRFA,
2014-03-15,0.048,NRFA,
2014-03-16,0.045,NRFA,
2014-03-17,0.042,NRFA,
2014-03-18,0.397,NRFA,
2014-03-19,0.177,NRFA,
2014-03-20,0.922,NRFA,
2014-03-21,0.379,NRFA,
2014-03-22,0.333,NRFA,
2014-03-23,0.181,NRFA,
2014-03-24,0.104,NRFA,
2014-03-25,0.160,NRFA,
2014-03-26,0.220,NRFA,
2014-03-27,0.894,NRFA,
2014-03-28,4.000,NRFA,
2014-03-29,0.735,NRFA,
2014-03-30,0.308,NRFA,
2014-03-31,0.298,NRFA,
2014-04-01,0.808,NRFA,
2014-04-02,0.285,NRFA,
2014-04-03,0.651,NRFA,
2014-04-04,0.405,NRFA,
2014-04-05,0.352,NRFA,
2014-04-06,0.678,NRFA,
2014-04-07,0.681,NRFA,
2014-04-08,0.380,NRFA,
2014-04-09,0.369,NRFA,
2014-04-10,0.218,NRFA,
2014-04-11,0.159,NRFA,
2014-04-12,0.129,NRFA,
2014-04-13,0.110,NRFA,
2014-04-14,0.094,NRFA,
2014-04-15,0.079,NRFA,
2014-04-16,0.067,NRFA,
2014-04-17,0.062,NRFA,
2014-04-18,0.055,NRFA,
2014-04-19,0.050,NRFA,
2014-04-20,0.047,NRFA,
2014-04-21,0.043,NRFA,
2014-04-22,0.153,NRFA,
2014-04-23,0.146,NRFA,
2014-04-24,0.153,NRFA,
2014-04-25,0.169,NRFA,
2014-04-26,0.157,NRFA,
2014-04-27,0.141,NRFA,
2014-04-28,0.139,NRFA,
2014-04-29,0.114,NRFA,
2014-04-30,0.515,NRFA,
2014-05-01,0.634,NRFA,
2014-05-02,0.171,NRFA,
2014-05-03,0.090,NRFA,
2014-05-04,0.077,NRFA,
2014-05-05,0.065,NRFA,
2014-05-06,0.062,NRFA,
2014-05-07,0.754,NRFA,
2014-05-08,0.495,NRFA,
2014-05-09,0.932,NRFA,
2014-05-10,1.135,NRFA,
2014-05-11,0.827,NRFA,
2014-05-12,0.538,NRFA,
2014-05-13,0.226,NRFA,
2014-05-14,0.115,NRFA,
2014-05-15,0.084,NRFA,
2014-05-16,0.064,NRFA,
2014-05-17,0.048,NRFA,
2014-05-18,0.041,NRFA,
2014-05-19,0.036,NRFA,
2014-05-20,0.034,NRFA,
2014-05-21,0.032,NRFA,
2014-05-22,0.437,NRFA,
2014-05-23,0.379,NRFA,
2014-05-24,1.095,NRFA,
2014-05-25,1.377,NRFA,
2014-05-26,0.304,NRFA,
2014-05-27,0.125,NRFA,
2014-05-28,1.079,NRFA,
2014-05-29,0.555,NRFA,
2014-05-30,0.166,NRFA,
2014-05-31,0.096,NRFA,
2014-06-01,0.066,NRFA,
2014-06-02,0.056,NRFA,
2014-06-03,0.050,NRFA,
2014-06-04,0.548,NRFA,
2014-06-05,0.168,NRFA,
2014-06-06,0.074,NRFA,
2014-06-07,0.139,NRFA,
2014-06-08,0.101,NRFA,
2014-06-09,0.143,NRFA,
2014-06-10,0.208,NRFA,
2014-06-11,0.081,NRFA,
2014-06-12,0.055,NRFA,
2014-06-13,0.046,NRFA,
2014-06-14,0.043,NRFA,
2014-06-15,0.047,NRFA,
2014-06-16,0.038,NRFA,
2014-06-17,0.036,NRFA,
2014-06-18,0.031,NRFA,
2014-06-19,0.028,NRFA,
2014-06-20,0.027,NRFA,
2014-06-21,0.025,NRFA,
2014-06-22,0.024,NRFA,
2014-06-23,0.022,NRFA,
2014-06-24,0.023,NRFA,
2014-06-25,0.021,NRFA,
2014-06-26,0.020,NRFA,
2014-06-27,0.019,NRFA,
2014-06-28,0.020,NRFA,
2014-06-29,0.020,NRFA,
2014-06-30,0.019,NRFA,
2014-07-01,0.017,NRFA,
2014-07-02,0.017,NRFA,
2014-07-03,0.017,NRFA,
2014-07-04,0.032,NRFA,
2014-07-05,0.049,NRFA,
2014-07-06,0.026,NRFA,
2014-07-07,0.022,NRFA,
2014-07-08,0.022,NRFA,
2014-07-09,0.018,NRFA,
2014-07-10,0.016,NRFA,
2014-07-11,0.016,NRFA,
2014-07-12,0.017,NRFA,
2014-07-13,0.017,NRFA,
2014-07-14,0.021,NRFA,
2014-07-15,0.019,NRFA,
2014-07-16,0.026,NRFA,
2014-07-17,0.020,NRFA,
2014-07-18,0.017,NRFA,
2014-07-19,0.026,NRFA,
2014-07-20,0.020,NRFA,
2014-07-21,0.016,NRFA,
2014-07-22,0.015,NRFA,
2014-07-23,0.014,NRFA,
2014-07-24,0.013,NRFA,
2014-07-25,0.013,NRFA,
2014-07-26,0.014,NRFA,
2014-07-27,0.015,NRFA,
2014-07-28,0.014,NRFA,
2014-07-29,0.014,NRFA,
2014-07-30,0.016,NRFA,
2014-07-31,0.018,NRFA,
2014-08-01,0.026,NRFA,
2014-08-02,0.109,NRFA,
2014-08-03,0.305,NRFA,
2014-08-04,0.127,NRFA,
2014-08-05,0.077,NRFA,
2014-08-06,0.225,NRFA,
2014-08-07,0.080,NRFA,
2014-08-08,0.453,NRFA,
2014-08-09,0.190,NRFA,
2014-08-10,1.340,NRFA,
2014-08-11,0.552,NRFA,
2014-08-12,0.305,NRFA,
2014-08-13,0.406,NRFA,
2014-08-14,0.477,NRFA,
2014-08-15,0.229,NRFA,
2014-08-16,0.134,NRFA,
2014-08-17,0.126,NRFA,
2014-08-18,0.101,NRFA,
2014-08-19,0.071,NRFA,
2014-08-20,0.054,NRFA,
2014-08-21,0.208,NRFA,
2014-08-22,0.122,NRFA,
2014-08-23,0.068,NRFA,
2014-08-24,0.050,NRFA,
2014-08-25,0.041,NRFA,
2014-08-26,0.035,NRFA,
2014-08-27,0.034,NRFA,
2014-08-28,0.044,NRFA,
2014-08-29,0.136,NRFA,
2014-08-30,0.072,NRFA,
2014-08-31,0.048,NRFA,
2014-09-01,0.043,NRFA,
2014-09-02,0.036,NRFA,
2014-09-03,0.032,NRFA,
2014-09-04,0.028,NRFA,
2014-09-05,0.030,NRFA,
2014-09-06,0.042,NRFA,
2014-09-07,0.031,NRFA,
2014-09-08,0.027,NRFA,
2014-09-09,0.025,NRFA,
2014-09-10,0.023,NRFA,
2014-09-11,0.023,NRFA,
2014-09-12,0.022,NRFA,
2014-09-13,0.020,NRFA,
2014-09-14,0.020,NRFA,
2014-09-15,0.023,NRFA,
2014-09-16,0.022,NRFA,
2014-09-17,0.021,NRFA,
2014-09-18,0.021,NRFA,
2014-09-19,0.021,NRFA,
2014-09-20,0.020,NRFA,
2014-09-21,0.019,NRFA,
2014-09-22,0.018,NRFA,
2014-09-23,0.020,NRFA,
2014-09-24,0.022,NRFA,
2014-09-25,0.019,NRFA,
2014-09-26,0.019,NRFA,
2014-09-27,0.018,NRFA,
2014-09-28,0.018,NRFA,
2014-09-29,0.017,NRFA,
2014-09-30,0.017,NRFA,
2014-10-01,0.017,NRFA,
2014-10-02,0.015,NRFA,
2014-10-03,0.018,NRFA,
2014-10-04,0.051,NRFA,
2014-10-05,0.030,NRFA,
2014-10-06,1.410,NRFA,
2014-10-07,0.242,NRFA,
2014-10-08,0.261,NRFA,
2014-10-09,0.419,NRFA,
2014-10-10,0.208,NRFA,
2014-10-11,0.138,NRFA,
2014-10-12,0.097,NRFA,
2014-10-13,0.074,NRFA,
2014-10-14,0.062,NRFA,
2014-10-15,0.195,NRFA,
2014-10-16,0.614,NRFA,
2014-10-17,0.739,NRFA,
2014-10-18,0.557,NRFA,
2014-10-19,1.330,NRFA,
2014-10-20,0.860,NRFA,
2014-10-21,0.696,NRFA,
2014-10-22,0.208,NRFA,
2014-10-23,0.232,NRFA,
2014-10-24,0.275,NRFA,
2014-10-25,0.208,NRFA,
2014-10-26,0.257,NRFA,
2014-10-27,0.568,NRFA,
2014-10-28,1.780,NRFA,
2014-10-29,0.384,NRFA,
2014-10-30,0.510,NRFA,
2014-10-31,0.250,NRFA,
2014-11-01,0.337,NRFA,
2014-11-02,0.318,NRFA,
2014-11-03,0.346,NRFA,
2014-11-04,0.230,NRFA,
2014-11-05,0.154,NRFA,
2014-11-06,0.552,NRFA,
2014-11-07,0.622,NRFA,
2014-11-08,0.566,NRFA,
2014-11-09,0.319,NRFA,
2014-11-10,0.269,NRFA,
2014-11-11,1.240,NRFA,
2014-11-12,0.942,NRFA,
2014-11-13,0.343,NRFA,
2014-11-14,1.940,NRFA,
2014-11-15,0.341,NRFA,
2014-11-16,0.560,NRFA,
2014-11-17,1.280,NRFA,
2014-11-18,0.374,NRFA,
2014-11-19,0.244,NRFA,
2014-11-20,0.189,NRFA,
2014-11-21,0.629,NRFA,
2014-11-22,0.728,NRFA,
2014-11-23,0.260,NRFA,
2014-11-24,0.157,NRFA,
2014-11-25,0.130,NRFA,
2014-11-26,0.498,NRFA,
2014-11-27,0.544,NRFA,
2014-11-28,0.302,NRFA,
2014-11-29,0.242,NRFA,
2014-11-30,0.196,NRFA,
2014-12-01,0.138,NRFA,
2014-12-02,0.106,NRFA,
2014-12-03,0.087,NRFA,
2014-12-04,0.081,NRFA,
2014-12-05,0.069,NRFA,
2014-12-06,0.354,NRFA,
2014-12-07,0.737,NRFA,
2014-12-08,0.232,NRFA,
2014-12-09,1.880,NRFA,
2014-12-10,0.600,NRFA,
2014-12-11,0.264,NRFA,
2014-12-12,0.168,NRFA,
2014-12-13,0.373,NRFA,
2014-12-14,2.500,NRFA,
2014-12-15,0.564,NRFA,
2014-12-16,0.875,NRFA,
2014-12-17,0.748,NRFA,
2014-12-18,2.090,NRFA,
2014-12-19,0.511,NRFA,
2014-12-20,0.386,NRFA,
2014-12-21,2.140,NRFA,
2014-12-22,3.010,NRFA,
2014-12-23,2.830,NRFA,
2014-12-24,0.536,NRFA,
2014-12-25,0.317,NRFA,
2014-12-26,0.209,NRFA,
2014-12-27,0.150,NRFA,
2014-12-28,0.113,NRFA,
2014-12-29,0.095,NRFA,
2014-12-30,0.101,NRFA,
2014-12-31,0.223,NRFA,
2015-01-01,2.170,NRFA,
2015-01-02,0.522,NRFA,
2015-01-03,0.240,NRFA,
2015-01-04,0.152,NRFA,
2015-01-05,0.154,NRFA,
2015-01-06,0.201,NRFA,
2015-01-07,1.290,NRFA,
2015-01-08,0.943,NRFA,
2015-01-09,2.250,NRFA,
2015-01-10,1.150,NRFA,
2015-01-11,3.300,NRFA,
2015-01-12,2.250,NRFA,
2015-01-13,0.495,NRFA,
2015-01-14,2.170,NRFA,
2015-01-15,1.760,NRFA,
2015-01-16,0.668,NRFA,
2015-01-17,0.362,NRFA,
2015-01-18,0.271,NRFA,
2015-01-19,0.239,NRFA,
2015-01-20,0.187,NRFA,
2015-01-21,0.159,NRFA,
2015-01-22,0.137,NRFA,
2015-01-23,0.600,NRFA,
2015-01-24,0.508,NRFA,
2015-01-25,0.822,NRFA,
2015-01-26,0.595,NRFA,
2015-01-27,0.558,NRFA,
2015-01-28,0.750,NRFA,
2015-01-29,0.415,NRFA,
2015-01-30,0.296,NRFA,
2015-01-31,0.212,NRFA,
2015-02-01,0.199,NRFA,
2015-02-02,0.179,NRFA,
2015-02-03,0.161,NRFA,
2015-02-04,0.136,NRFA,
2015-02-05,0.133,NRFA,
2015-02-06,0.197,NRFA,
2015-02-07,0.235,NRFA,
2015-02-08,0.394,NRFA,
2015-02-09,0.620,NRFA,
2015-02-10,0.338,NRFA,
2015-02-11,0.225,NRFA,
2015-02-12,0.194,NRFA,
2015-02-13,0.431,NRFA,
2015-02-14,0.508,NRFA,
2015-02-15,0.494,NRFA,
2015-02-16,0.434,NRFA,
2015-02-17,0.273,NRFA,
2015-02-18,0.452,NRFA,
2015-02-19,0.490,NRFA,
2015-02-20,0.292,NRFA,
2015-02-21,0.210,NRFA,
2015-02-22,0.455,NRFA,
2015-02-23,0.514,NRFA,
2015-02-24,0.490,NRFA,
2015-02-25,1.880,NRFA,
2015-02-26,1.810,NRFA,
2015-02-27,0.304,NRFA,
2015-02-28,1.180,NRFA,
2015-03-01,0.824,NRFA,
2015-03-02,0.249,NRFA,
2015-03-03,0.191,NRFA,
2015-03-04,0.429,NRFA,
2015-03-05,0.969,NRFA,
2015-03-06,0.447,NRFA,
2015-03-07,0.516,NRFA,
2015-03-08,0.315,NRFA,
2015-03-09,0.460,NRFA,
2015-03-10,0.210,NRFA,
2015-03-11,0.509,NRFA,
2015-03-12,0.659,NRFA,
2015-03-13,0.992,NRFA,
2015-03-14,0.346,NRFA,
2015-03-15,0.275,NRFA,
2015-03-16,0.428,NRFA,
2015-03-17,0.242,NRFA,
2015-03-18,0.161,NRFA,
2015-03-19,0.125,NRFA,
2015-03-20,0.105,NRFA,
2015-03-21,0.087,NRFA,
2015-03-22,0.075,NRFA,
2015-03-23,0.073,NRFA,
2015-03-24,0.067,NRFA,
2015-03-25,0.065,NRFA,
2015-03-26,0.567,NRFA,
2015-03-27,0.213,NRFA,
2015-03-28,1.860,NRFA,
2015-03-29,0.688,NRFA,
2015-03-30,2.880,NRFA,
2015-03-31,1.020,NRFA,
2015-04-01,1.310,NRFA,
2015-04-02,0.589,NRFA,
2015-04-03,0.564,NRFA,
2015-04-04,0.336,NRFA,
2015-04-05,0.233,NRFA,
2015-04-06,0.176,NRFA,
2015-04-07,0.142,NRFA,
2015-04-08,0.118,NRFA,
2015-04-09,0.099,NRFA,
2015-04-10,0.086,NRFA,
2015-04-11,0.093,NRFA,
2015-04-12,0.475,NRFA,
2015-04-13,0.240,NRFA,
2015-04-14,0.163,NRFA,
2015-04-15,0.140,NRFA,
2015-04-16,0.107,NRFA,
2015-04-17,0.091,NRFA,
2015-04-18,0.081,NRFA,
2015-04-19,0.083,NRFA,
2015-04-20,0.082,NRFA,
2015-04-21,0.070,NRFA,
2015-04-22,0.064,NRFA,
2015-04-23,0.060,NRFA,
2015-04-24,0.062,NRFA,
2015-04-25,0.081,NRFA,
2015-04-26,0.061,NRFA,
2015-04-27,0.069,NRFA,
2015-04-28,0.225,NRFA,
2015-04-29,0.345,NRFA,
2015-04-30,0.228,NRFA,
2015-05-01,0.107,NRFA,
2015-05-02,0.121,NRFA,
2015-05-03,1.430,NRFA,
2015-05-04,0.380,NRFA,
2015-05-05,1.640,NRFA,
2015-05-06,1.040,NRFA,
2015-05-07,0.291,NRFA,
2015-05-08,1.610,NRFA,
2015-05-09,0.804,NRFA,
2015-05-10,0.263,NRFA,
2015-05-11,0.639,NRFA,
2015-05-12,0.651,NRFA,
2015-05-13,0.192,NRFA,
2015-05-14,0.115,NRFA,
2015-05-15,0.112,NRFA,
2015-05-16,0.111,NRFA,
2015-05-17,0.072,NRFA,
2015-05-18,0.082,NRFA,
2015-05-19,0.086,NRFA,
2015-05-20,0.063,NRFA,
2015-05-21,0.049,NRFA,
2015-05-22,0.045,NRFA,
2015-05-23,0.038,NRFA,
2015-05-24,0.034,NRFA,
2015-05-25,0.032,NRFA,
2015-05-26,0.028,NRFA,
2015-05-27,0.040,NRFA,
2015-05-28,0.042,NRFA,
2015-05-29,0.046,NRFA,
2015-05-30,0.046,NRFA,
2015-05-31,0.154,NRFA,
2015-06-01,1.220,NRFA,
2015-06-02,0.694,NRFA,
2015-06-03,0.233,NRFA,
2015-06-04,0.098,NRFA,
2015-06-05,0.065,NRFA,
2015-06-06,0.050,NRFA,
2015-06-07,0.041,NRFA,
2015-06-08,0.041,NRFA,
2015-06-09,0.036,NRFA,
2015-06-10,0.031,NRFA,
2015-06-11,0.027,NRFA,
2015-06-12,0.026,NRFA,
2015-06-13,0.035,NRFA,
2015-06-14,0.089,NRFA,
2015-06-15,0.047,NRFA,
2015-06-16,0.034,NRFA,
2015-06-17,0.035,NRFA,
2015-06-18,0.029,NRFA,
2015-06-19,0.030,NRFA,
2015-06-20,0.031,NRFA,
2015-06-21,0.028,NRFA,
2015-06-22,0.030,NRFA,
2015-06-23,0.026,NRFA,
2015-06-24,0.025,NRFA,
2015-06-25,0.025,NRFA,
2015-06-26,0.025,NRFA,
2015-06-27,0.022,NRFA,
2015-06-28,0.023,NRFA,
2015-06-29,0.021,NRFA,
2015-06-30,0.019,NRFA,
2015-07-01,0.017,NRFA,
2015-07-02,0.022,NRFA,
2015-07-03,0.024,NRFA,
2015-07-04,0.158,NRFA,
2015-07-05,0.325,NRFA,
2015-07-06,0.119,NRFA,
2015-07-07,0.105,NRFA,
2015-07-08,0.452,NRFA,
2015-07-09,0.169,NRFA,
2015-07-10,0.066,NRFA,
2015-07-11,0.052,NRFA,
2015-07-12,0.074,NRFA,
2015-07-13,0.072,NRFA,
2015-07-14,0.063,NRFA,
2015-07-15,0.040,NRFA,
2015-07-16,0.033,NRFA,
2015-07-17,0.081,NRFA,
2015-07-18,0.041,NRFA,
2015-07-19,0.134,NRFA,
2015-07-20,0.087,NRFA,
2015-07-21,0.121,NRFA,
2015-07-22,0.090,NRFA,
2015-07-23,0.055,NRFA,
2015-07-24,0.041,NRFA,
2015-07-25,0.034,NRFA,
2015-07-26,0.042,NRFA,
2015-07-27,1.570,NRFA,
2015-07-28,1.220,NRFA,
2015-07-29,0.341,NRFA,
2015-07-30,0.129,NRFA,
2015-07-31,0.098,NRFA,
2015-08-01,0.103,NRFA,
2015-08-02,0.082,NRFA,
2015-08-03,0.062,NRFA,
2015-08-04,0.258,NRFA,
2015-08-05,0.205,NRFA,
2015-08-06,0.159,NRFA,
2015-08-07,0.088,NRFA,
2015-08-08,0.055,NRFA,
2015-08-09,0.047,NRFA,
2015-08-10,0.045,NRFA,
2015-08-11,0.039,NRFA,
2015-08-12,0.033,NRFA,
2015-08-13,0.183,NRFA,
2015-08-14,2.560,NRFA,
2015-08-15,0.252,NRFA,
2015-08-16,0.103,NRFA,
2015-08-17,0.065,NRFA,
2015-08-18,0.057,NRFA,
2015-08-19,0.050,NRFA,
2015-08-20,0.046,NRFA,
2015-08-21,0.062,NRFA,
2015-08-22,0.683,NRFA,
2015-08-23,1.610,NRFA,
2015-08-24,0.384,NRFA,
2015-08-25,0.137,NRFA,
2015-08-26,0.215,NRFA,
2015-08-27,0.203,NRFA,
2015-08-28,0.127,NRFA,
2015-08-29,0.299,NRFA,
2015-08-30,0.135,NRFA,
2015-08-31,0.092,NRFA,
2015-09-01,0.077,NRFA,
2015-09-02,0.066,NRFA,
2015-09-03,0.061,NRFA,
2015-09-04,0.052,NRFA,
2015-09-05,0.045,NRFA,
2015-09-06,0.038,NRFA,
2015-09-07,0.035,NRFA,
2015-09-08,0.033,NRFA,
2015-09-09,0.030,NRFA,
2015-09-10,0.026,NRFA,
2015-09-11,0.024,NRFA,
2015-09-12,0.268,NRFA,
2015-09-13,0.086,NRFA,
2015-09-14,0.055,NRFA,
2015-09-15,0.057,NRFA,
2015-09-16,0.037,NRFA,
2015-09-17,0.031,NRFA,
2015-09-18,0.042,NRFA,
2015-09-19,0.029,NRFA,
2015-09-20,0.024,NRFA,
2015-09-21,0.023,NRFA,
2015-09-22,0.019,NRFA,
2015-09-23,0.016,NRFA,
2015-09-24,0.015,NRFA,
2015-09-25,0.035,NRFA,
2015-09-26,0.020,NRFA,
2015-09-27,0.014,NRFA,
2015-09-28,0.011,NRFA,
2015-09-29,0.009,NRFA,
2015-09-30,0.008,NRFA,
2015-10-01,0.006,NRFA,
2015-10-02,0.005,NRFA,
2015-10-03,0.004,NRFA,
2015-10-04,0.004,NRFA,
2015-10-05,0.020,NRFA,
2015-10-06,0.346,NRFA,
2015-10-07,1.660,NRFA,
2015-10-08,0.205,NRFA,
2015-10-09,0.105,NRFA,
2015-10-10,0.078,NRFA,
2015-10-11,0.065,NRFA,
2015-10-12,0.057,NRFA,
2015-10-13,0.055,NRFA,
2015-10-14,0.048,NRFA,
2015-10-15,0.043,NRFA,
2015-10-16,0.041,NRFA,
2015-10-17,0.039,NRFA,
2015-10-18,0.039,NRFA,
2015-10-19,0.038,NRFA,
2015-10-20,0.057,NRFA,
2015-10-21,0.152,NRFA,
2015-10-22,0.067,NRFA,
2015-10-23,0.049,NRFA,
2015-10-24,0.095,NRFA,
2015-10-25,0.074,NRFA,
2015-10-26,0.053,NRFA,
2015-10-27,0.051,NRFA,
2015-10-28,0.773,NRFA,
2015-10-29,1.220,NRFA,
2015-10-30,1.660,NRFA,
2015-10-31,0.593,NRFA,
2015-11-01,0.193,NRFA,
2015-11-02,0.116,NRFA,
2015-11-03,0.088,NRFA,
2015-11-04,0.098,NRFA,
2015-11-05,0.185,NRFA,
2015-11-06,0.288,NRFA,
2015-11-07,1.560,NRFA,
2015-11-08,2.640,NRFA,
2015-11-09,3.230,NRFA,
2015-11-10,0.870,NRFA,
2015-11-11,2.210,NRFA,
2015-11-12,1.480,NRFA,
2015-11-13,1.130,NRFA,
2015-11-14,5.580,NRFA,
2015-11-15,3.700,NRFA,
2015-11-16,0.798,NRFA,
2015-11-17,1.070,NRFA,
2015-11-18,3.250,NRFA,
2015-11-19,0.474,NRFA,
2015-11-20,0.343,NRFA,
2015-11-21,0.238,NRFA,
2015-11-22,0.251,NRFA,
2015-11-23,1.010,NRFA,
2015-11-24,1.010,NRFA,
2015-11-25,0.332,NRFA,
2015-11-26,0.237,NRFA,
2015-11-27,0.808,NRFA,
2015-11-28,1.960,NRFA,
2015-11-29,1.870,NRFA,
2015-11-30,0.757,NRFA,
2015-12-01,1.550,NRFA,
2015-12-02,0.714,NRFA,
2015-12-03,3.080,NRFA,
2015-12-04,6.570,NRFA,
2015-12-05,10.100,NRFA,
2015-12-06,1.790,NRFA,
2015-12-07,1.130,NRFA,
2015-12-08,1.330,NRFA,
2015-12-09,3.010,NRFA,
2015-12-10,1.350,NRFA,
2015-12-11,0.765,NRFA,
2015-12-12,0.549,NRFA,
2015-12-13,0.482,NRFA,
2015-12-14,0.992,NRFA,
2015-12-15,1.890,NRFA,
2015-12-16,0.875,NRFA,
2015-12-17,0.531,NRFA,
2015-12-18,0.625,NRFA,
2015-12-19,2.880,NRFA,
2015-12-20,2.250,NRFA,
2015-12-21,1.960,NRFA,
2015-12-22,2.780,NRFA,
2015-12-23,0.731,NRFA,
2015-12-24,1.330,NRFA,
2015-12-25,3.610,NRFA,
2015-12-26,4.600,NRFA,
2015-12-27,0.557,NRFA,
2015-12-28,0.333,NRFA,
2015-12-29,0.341,NRFA,
2015-12-30,1.090,NRFA,
2015-12-31,1.370,NRFA,
2016-01-01,0.789,NRFA,
2016-01-02,1.460,NRFA,
2016-01-03,1.760,NRFA,
2016-01-04,1.160,NRFA,
2016-01-05,1.660,NRFA,
2016-01-06,1.120,NRFA,
2016-01-07,1.520,NRFA,
2016-01-08,0.427,NRFA,
2016-01-09,1.540,NRFA,
2016-01-10,1.010,NRFA,
2016-01-11,0.375,NRFA,
2016-01-12,0.487,NRFA,
2016-01-13,0.303,NRFA,
2016-01-14,0.177,NRFA,
2016-01-15,0.146,NRFA,
2016-01-16,0.124,NRFA,
2016-01-17,0.104,NRFA,
2016-01-18,0.099,NRFA,
2016-01-19,0.098,NRFA,
2016-01-20,0.088,NRFA,
2016-01-21,0.715,NRFA,
2016-01-22,2.140,NRFA,
2016-01-23,0.395,NRFA,
2016-01-24,0.636,NRFA,
2016-01-25,0.395,NRFA,
2016-01-26,3.070,NRFA,
2016-01-27,1.950,NRFA,
2016-01-28,1.930,NRFA,
2016-01-29,1.840,NRFA,
2016-01-30,0.434,NRFA,
2016-01-31,1.040,NRFA,
2016-02-01,1.220,NRFA,
2016-02-02,0.277,NRFA,
2016-02-03,0.249,NRFA,
2016-02-04,0.586,NRFA,
2016-02-05,1.130,NRFA,
2016-02-06,1.600,NRFA,
2016-02-07,1.450,NRFA,
2016-02-08,1.840,NRFA,
2016-02-09,0.762,NRFA,
2016-02-10,0.280,NRFA,
2016-02-11,0.181,NRFA,
2016-02-12,0.152,NRFA,
2016-02-13,0.150,NRFA,
2016-02-14,0.124,NRFA,
2016-02-15,0.104,NRFA,
2016-02-16,0.463,NRFA,
2016-02-17,1.390,NRFA,
2016-02-18,0.300,NRFA,
2016-02-19,0.820,NRFA,
2016-02-20,0.773,NRFA,
2016-02-21,1.040,NRFA,
2016-02-22,0.366,NRFA,
2016-02-23,0.183,NRFA,
2016-02-24,0.124,NRFA,
2016-02-25,0.106,NRFA,
2016-02-26,0.080,NRFA,
2016-02-27,0.075,NRFA,
2016-02-28,0.068,NRFA,
2016-02-29,0.646,NRFA,
2016-03-01,1.530,NRFA,
2016-03-02,0.328,NRFA,
2016-03-03,0.249,NRFA,
2016-03-04,0.575,NRFA,
2016-03-05,0.516,NRFA,
2016-03-06,0.253,NRFA,
2016-03-07,0.191,NRFA,
2016-03-08,0.244,NRFA,
2016-03-09,0.873,NRFA,
2016-03-10,0.824,NRFA,
2016-03-11,0.686,NRFA,
2016-03-12,0.653,NRFA,
2016-03-13,0.310,NRFA,
2016-03-14,0.160,NRFA,
2016-03-15,0.139,NRFA,
2016-03-16,0.123,NRFA,
2016-03-17,0.094,NRFA,
2016-03-18,0.081,NRFA,
2016-03-19,0.071,NRFA,
2016-03-20,0.064,NRFA,
2016-03-21,0.059,NRFA,
2016-03-22,0.054,NRFA,
2016-03-23,0.050,NRFA,
2016-03-24,0.068,NRFA,
2016-03-25,0.054,NRFA,
2016-03-26,0.538,NRFA,
2016-03-27,0.619,NRFA,
2016-03-28,0.203,NRFA,
2016-03-29,0.136,NRFA,
2016-03-30,0.136,NRFA,
2016-03-31,0.093,NRFA,
2016-04-01,0.083,NRFA,
2016-04-02,0.256,NRFA,
2016-04-03,0.194,NRFA,
2016-04-04,0.247,NRFA,
2016-04-05,0.415,NRFA,
2016-04-06,0.756,NRFA,
2016-04-07,0.383,NRFA,
2016-04-08,0.172,NRFA,
2016-04-09,0.129,NRFA,
2016-04-10,0.107,NRFA,
2016-04-11,0.089,NRFA,
2016-04-12,1.090,NRFA,
2016-04-13,0.627,NRFA,
2016-04-14,0.239,NRFA,
2016-04-15,0.231,NRFA,
2016-04-16,0.388,NRFA,
2016-04-17,0.171,NRFA,
2016-04-18,0.104,NRFA,
2016-04-19,0.077,NRFA,
2016-04-20,0.063,NRFA,
2016-04-21,0.053,NRFA,
2016-04-22,0.048,NRFA,
2016-04-23,0.044,NRFA,
2016-04-24,0.042,NRFA,
2016-04-25,0.038,NRFA,
2016-04-26,0.041,NRFA,
2016-04-27,0.041,NRFA,
2016-04-28,0.051,NRFA,
2016-04-29,0.171,NRFA,
2016-04-30,0.509,NRFA,
2016-05-01,0.514,NRFA,
2016-05-02,0.549,NRFA,
2016-05-03,0.170,NRFA,
2016-05-04,0.085,NRFA,
2016-05-05,0.059,NRFA,
2016-05-06,0.049,NRFA,
2016-05-07,0.043,NRFA,
2016-05-08,0.037,NRFA,
2016-05-09,0.033,NRFA,
2016-05-10,0.031,NRFA,
2016-05-11,0.029,NRFA,
2016-05-12,0.027,NRFA,
2016-05-13,0.027,NRFA,
2016-05-14,0.025,NRFA,
2016-05-15,0.025,NRFA,
2016-05-16,0.024,NRFA,
2016-05-17,0.024,NRFA,
2016-05-18,0.038,NRFA,
2016-05-19,0.029,NRFA,
2016-05-20,0.030,NRFA,
2016-05-21,0.031,NRFA,
2016-05-22,0.027,NRFA,
2016-05-23,0.028,NRFA,
2016-05-24,0.025,NRFA,
2016-05-25,0.072,NRFA,
2016-05-26,0.100,NRFA,
2016-05-27,0.054,NRFA,
2016-05-28,0.038,NRFA,
2016-05-29,0.031,NRFA,
2016-05-30,0.026,NRFA,
2016-05-31,0.024,NRFA,
2016-06-01,0.025,NRFA,
2016-06-02,0.023,NRFA,
2016-06-03,0.021,NRFA,
2016-06-04,0.021,NRFA,
2016-06-05,0.019,NRFA,
2016-06-06,0.019,NRFA,
2016-06-07,0.021,NRFA,
2016-06-08,0.019,NRFA,
2016-06-09,0.022,NRFA,
2016-06-10,0.031,NRFA,
2016-06-11,0.034,NRFA,
2016-06-12,0.048,NRFA,
2016-06-13,0.051,NRFA,
2016-06-14,0.042,NRFA,
2016-06-15,0.029,NRFA,
2016-06-16,0.026,NRFA,
2016-06-17,0.024,NRFA,
2016-06-18,0.022,NRFA,
2016-06-19,0.052,NRFA,
2016-06-20,0.079,NRFA,
2016-06-21,0.034,NRFA,
2016-06-22,0.024,NRFA,
2016-06-23,0.020,NRFA,
2016-06-24,0.020,NRFA,
2016-06-25,0.020,NRFA,
2016-06-26,0.020,NRFA,
2016-06-27,0.018,NRFA,
2016-06-28,0.023,NRFA,
2016-06-29,0.204,NRFA,
2016-06-30,0.154,NRFA,
2016-07-01,0.179,NRFA,
2016-07-02,0.225,NRFA,
2016-07-03,0.101,NRFA,
2016-07-04,0.187,NRFA,
2016-07-05,0.150,NRFA,
2016-07-06,0.069,NRFA,
2016-07-07,0.073,NRFA,
2016-07-08,0.056,NRFA,
2016-07-09,0.302,NRFA,
2016-07-10,0.736,NRFA,
2016-07-11,0.457,NRFA,
2016-07-12,0.135,NRFA,
2016-07-13,0.191,NRFA,
2016-07-14,0.145,NRFA,
2016-07-15,0.178,NRFA,
2016-07-16,0.185,NRFA,
2016-07-17,0.071,NRFA,
2016-07-18,0.051,NRFA,
2016-07-19,0.038,NRFA,
2016-07-20,0.078,NRFA,
2016-07-21,0.050,NRFA,
2016-07-22,0.036,NRFA,
2016-07-23,0.030,NRFA,
2016-07-24,0.030,NRFA,
2016-07-25,0.030,NRFA,
2016-07-26,0.262,NRFA,
2016-07-27,0.309,NRFA,
2016-07-28,0.202,NRFA,
2016-07-29,0.169,NRFA,
2016-07-30,0.074,NRFA,
2016-07-31,0.048,NRFA,
2016-08-01,0.037,NRFA,
2016-08-02,0.056,NRFA,
2016-08-03,1.910,NRFA,
2016-08-04,0.612,NRFA,
2016-08-05,0.172,NRFA,
2016-08-06,0.083,NRFA,
2016-08-07,0.270,NRFA,
2016-08-08,0.170,NRFA,
2016-08-09,0.075,NRFA,
2016-08-10,0.187,NRFA,
2016-08-11,0.696,NRFA,
2016-08-12,0.305,NRFA,
2016-08-13,0.227,NRFA,
2016-08-14,0.115,NRFA,
2016-08-15,0.070,NRFA,
2016-08-16,0.051,NRFA,
2016-08-17,0.041,NRFA,
2016-08-18,0.035,NRFA,
2016-08-19,0.146,NRFA,
2016-08-20,2.330,NRFA,
2016-08-21,0.419,NRFA,
2016-08-22,0.741,NRFA,
2016-08-23,0.296,NRFA,
2016-08-24,0.115,NRFA,
2016-08-25,0.126,NRFA,
2016-08-26,0.114,NRFA,
2016-08-27,0.329,NRFA,
2016-08-28,0.778,NRFA,
2016-08-29,0.169,NRFA,
2016-08-30,0.090,NRFA,
2016-08-31,0.067,NRFA,
2016-09-01,0.054,NRFA,
2016-09-02,0.048,NRFA,
2016-09-03,0.771,NRFA,
2016-09-04,0.370,NRFA,
2016-09-05,0.138,NRFA,
2016-09-06,0.096,NRFA,
2016-09-07,0.069,NRFA,
2016-09-08,0.070,NRFA,
2016-09-09,0.270,NRFA,
2016-09-10,0.202,NRFA,
2016-09-11,0.084,NRFA,
2016-09-12,0.060,NRFA,
2016-09-13,0.058,NRFA,
2016-09-14,0.059,NRFA,
2016-09-15,0.050,NRFA,
2016-09-16,0.065,NRFA,
2016-09-17,0.049,NRFA,
2016-09-18,0.042,NRFA,
2016-09-19,0.040,NRFA,
2016-09-20,0.036,NRFA,
2016-09-21,0.034,NRFA,
2016-09-22,0.033,NRFA,
2016-09-23,0.030,NRFA,
2016-09-24,0.030,NRFA,
2016-09-25,0.041,NRFA,
2016-09-26,0.093,NRFA,
2016-09-27,0.102,NRFA,
2016-09-28,0.925,NRFA,
2016-09-29,0.914,NRFA,
2016-09-30,0.326,NRFA,
2016-10-01,0.189,NRFA,
2016-10-02,0.118,NRFA,
2016-10-03,0.077,NRFA,
2016-10-04,0.063,NRFA,
2016-10-05,0.051,NRFA,
2016-10-06,0.044,NRFA,
2016-10-07,0.043,NRFA,
2016-10-08,0.040,NRFA,
2016-10-09,0.046,NRFA,
2016-10-10,0.044,NRFA,
2016-10-11,0.266,NRFA,
2016-10-12,0.506,NRFA,
2016-10-13,0.928,NRFA,
2016-10-14,0.543,NRFA,
2016-10-15,0.227,NRFA,
2016-10-16,0.257,NRFA,
2016-10-17,0.717,NRFA,
2016-10-18,1.010,NRFA,
2016-10-19,0.237,NRFA,
2016-10-20,0.148,NRFA,
2016-10-21,0.108,NRFA,
2016-10-22,0.150,NRFA,
2016-10-23,0.551,NRFA,
2016-10-24,0.404,NRFA,
2016-10-25,0.214,NRFA,
2016-10-26,0.162,NRFA,
2016-10-27,0.213,NRFA,
2016-10-28,0.297,NRFA,
2016-10-29,0.137,NRFA,
2016-10-30,0.101,NRFA,
2016-10-31,0.080,NRFA,
2016-11-01,0.074,NRFA,
2016-11-02,0.063,NRFA,
2016-11-03,0.063,NRFA,
2016-11-04,0.124,NRFA,
2016-11-05,0.277,NRFA,
2016-11-06,0.706,NRFA,
2016-11-07,0.565,NRFA,
2016-11-08,0.223,NRFA,
2016-11-09,0.171,NRFA,
2016-11-10,1.240,NRFA,
2016-11-11,1.620,NRFA,
2016-11-12,0.875,NRFA,
2016-11-13,0.533,NRFA,
2016-11-14,0.492,NRFA,
2016-11-15,0.395,NRFA,
2016-11-16,1.050,NRFA,
2016-11-17,0.885,NRFA,
2016-11-18,0.330,NRFA,
2016-11-19,0.224,NRFA,
2016-11-20,0.156,NRFA,
2016-11-21,0.925,NRFA,
2016-11-22,2.160,NRFA,
2016-11-23,0.714,NRFA,
2016-11-24,0.342,NRFA,
2016-11-25,0.197,NRFA,
2016-11-26,0.474,NRFA,
2016-11-27,0.673,NRFA,
2016-11-28,0.220,NRFA,
2016-11-29,0.125,NRFA,
2016-11-30,0.328,NRFA,
2016-12-01,0.273,NRFA,
2016-12-02,0.132,NRFA,
2016-12-03,0.106,NRFA,
2016-12-04,0.079,NRFA,
2016-12-05,0.066,NRFA,
2016-12-06,0.140,NRFA,
2016-12-07,0.269,NRFA,
2016-12-08,0.431,NRFA,
2016-12-09,0.282,NRFA,
2016-12-10,0.181,NRFA,
2016-12-11,0.116,NRFA,
2016-12-12,0.096,NRFA,
2016-12-13,0.119,NRFA,
2016-12-14,0.128,NRFA,
2016-12-15,0.104,NRFA,
2016-12-16,0.107,NRFA,
2016-12-17,0.088,NRFA,
2016-12-18,0.078,NRFA,
2016-12-19,0.069,NRFA,
2016-12-20,0.068,NRFA,
2016-12-21,0.806,NRFA,
2016-12-22,0.983,NRFA,
2016-12-23,1.930,NRFA,
2016-12-24,0.649,NRFA,
2016-12-25,1.170,NRFA,
2016-12-26,0.481,NRFA,
2016-12-27,0.233,NRFA,
2016-12-28,0.134,NRFA,
2016-12-29,0.108,NRFA,
2016-12-30,0.112,NRFA,
2016-12-31,0.681,NRFA,
2017-01-01,0.542,NRFA,
2017-01-02,0.167,NRFA,
2017-01-03,0.367,NRFA,
2017-01-04,0.178,NRFA,
2017-01-05,0.096,NRFA,
2017-01-06,0.096,NRFA,
2017-01-07,0.108,NRFA,
2017-01-08,0.089,NRFA,
2017-01-09,0.760,NRFA,
2017-01-10,0.341,NRFA,
2017-01-11,0.274,NRFA,
2017-01-12,0.123,NRFA,
2017-01-13,0.103,NRFA,
2017-01-14,0.129,NRFA,
2017-01-15,2.080,NRFA,
2017-01-16,0.467,NRFA,
2017-01-17,0.208,NRFA,
2017-01-18,0.143,NRFA,
2017-01-19,0.108,NRFA,
2017-01-20,0.095,NRFA,
2017-01-21,0.082,NRFA,
2017-01-22,0.075,NRFA,
2017-01-23,0.068,NRFA,
2017-01-24,0.079,NRFA,
2017-01-25,0.075,NRFA,
2017-01-26,0.049,NRFA,
2017-01-27,0.056,NRFA,
2017-01-28,0.183,NRFA,
2017-01-29,0.161,NRFA,
2017-01-30,0.168,NRFA,
2017-01-31,1.140,NRFA,
2017-02-01,0.459,NRFA,
2017-02-02,0.308,NRFA,
2017-02-03,0.375,NRFA,
2017-02-04,0.471,NRFA,
2017-02-05,0.194,NRFA,
2017-02-06,0.185,NRFA,
2017-02-07,0.689,NRFA,
2017-02-08,0.277,NRFA,
2017-02-09,0.144,NRFA,
2017-02-10,0.098,NRFA,
2017-02-11,0.139,NRFA,
2017-02-12,0.146,NRFA,
2017-02-13,0.658,NRFA,
2017-02-14,0.569,NRFA,
2017-02-15,1.810,NRFA,
2017-02-16,1.090,NRFA,
2017-02-17,0.393,NRFA,
2017-02-18,0.324,NRFA,
2017-02-19,0.209,NRFA,
2017-02-20,0.504,NRFA,
2017-02-21,1.780,NRFA,
2017-02-22,0.954,NRFA,
2017-02-23,1.310,NRFA,
2017-02-24,0.788,NRFA,
2017-02-25,2.610,NRFA,
2017-02-26,1.600,NRFA,
2017-02-27,0.460,NRFA,
2017-02-28,0.237,NRFA,
2017-03-01,0.168,NRFA,
2017-03-02,0.177,NRFA,
2017-03-03,1.090,NRFA,
2017-03-04,0.612,NRFA,
2017-03-05,0.256,NRFA,
2017-03-06,0.208,NRFA,
2017-03-07,0.495,NRFA,
2017-03-08,0.434,NRFA,
2017-03-09,0.334,NRFA,
2017-03-10,0.159,NRFA,
2017-03-11,0.148,NRFA,
2017-03-12,0.149,NRFA,
2017-03-13,0.105,NRFA,
2017-03-14,0.086,NRFA,
2017-03-15,0.069,NRFA,
2017-03-16,0.073,NRFA,
2017-03-17,2.040,NRFA,
2017-03-18,2.360,NRFA,
2017-03-19,2.330,NRFA,
2017-03-20,0.789,NRFA,
2017-03-21,0.445,NRFA,
2017-03-22,2.160,NRFA,
2017-03-23,1.970,NRFA,
2017-03-24,0.635,NRFA,
2017-03-25,0.260,NRFA,
2017-03-26,0.143,NRFA,
2017-03-27,0.093,NRFA,
2017-03-28,0.078,NRFA,
2017-03-29,0.130,NRFA,
2017-03-30,0.766,NRFA,
2017-03-31,0.453,NRFA,
2017-04-01,0.260,NRFA,
2017-04-02,0.122,NRFA,
2017-04-03,0.080,NRFA,
2017-04-04,0.062,NRFA,
2017-04-05,0.052,NRFA,
2017-04-06,0.047,NRFA,
2017-04-07,0.044,NRFA,
2017-04-08,0.040,NRFA,
2017-04-09,0.036,NRFA,
2017-04-10,0.033,NRFA,
2017-04-11,0.033,NRFA,
2017-04-12,0.049,NRFA,
2017-04-13,0.039,NRFA,
2017-04-14,0.036,NRFA,
2017-04-15,0.032,NRFA,
2017-04-16,0.076,NRFA,
2017-04-17,0.079,NRFA,
2017-04-18,0.047,NRFA,
2017-04-19,0.040,NRFA,
2017-04-20,0.036,NRFA,
2017-04-21,0.033,NRFA,
2017-04-22,0.030,NRFA,
2017-04-23,0.028,NRFA,
2017-04-24,0.029,NRFA,
2017-04-25,0.030,NRFA,
2017-04-26,0.027,NRFA,
2017-04-27,0.029,NRFA,
2017-04-28,0.027,NRFA,
2017-04-29,0.026,NRFA,
2017-04-30,0.024,NRFA,
2017-05-01,0.023,NRFA,
2017-05-02,0.022,NRFA,
2017-05-03,0.020,NRFA,
2017-05-04,0.019,NRFA,
2017-05-05,0.019,NRFA,
2017-05-06,0.019,NRFA,
2017-05-07,0.020,NRFA,
2017-05-08,0.018,NRFA,
2017-05-09,0.018,NRFA,
2017-05-10,0.018,NRFA,
2017-05-11,0.017,NRFA,
2017-05-12,0.018,NRFA,
2017-05-13,0.020,NRFA,
2017-05-14,0.018,NRFA,
2017-05-15,0.070,NRFA,
2017-05-16,0.101,NRFA,
2017-05-17,0.047,NRFA,
2017-05-18,0.032,NRFA,
2017-05-19,0.028,NRFA,
2017-05-20,0.028,NRFA,
2017-05-21,0.028,NRFA,
2017-05-22,0.024,NRFA,
2017-05-23,0.021,NRFA,
2017-05-24,0.020,NRFA,
2017-05-25,0.019,NRFA,
2017-05-26,0.018,NRFA,
2017-05-27,0.025,NRFA,
2017-05-28,0.022,NRFA,
2017-05-29,0.025,NRFA,
2017-05-30,0.023,NRFA,
2017-05-31,0.021,NRFA,
2017-06-01,0.020,NRFA,
2017-06-02,0.022,NRFA,
2017-06-03,0.019,NRFA,
2017-06-04,0.020,NRFA,
2017-06-05,0.948,NRFA,
2017-06-06,1.400,NRFA,
2017-06-07,0.542,NRFA,
2017-06-08,0.799,NRFA,
2017-06-09,0.300,NRFA,
2017-06-10,0.694,NRFA,
2017-06-11,0.316,NRFA,
2017-06-12,0.294,NRFA,
2017-06-13,0.143,NRFA,
2017-06-14,0.090,NRFA,
2017-06-15,0.080,NRFA,
2017-06-16,0.073,NRFA,
2017-06-17,0.052,NRFA,
2017-06-18,0.040,NRFA,
2017-06-19,0.031,NRFA,
2017-06-20,0.029,NRFA,
2017-06-21,0.044,NRFA,
2017-06-22,0.030,NRFA,
2017-06-23,0.033,NRFA,
2017-06-24,0.028,NRFA,
2017-06-25,0.023,NRFA,
2017-06-26,0.027,NRFA,
2017-06-27,0.580,NRFA,
2017-06-28,1.460,NRFA,
2017-06-29,1.420,NRFA,
2017-06-30,0.529,NRFA,
2017-07-01,0.202,NRFA,
2017-07-02,0.102,NRFA,
2017-07-03,0.070,NRFA,
2017-07-04,0.791,NRFA,
2017-07-05,0.417,NRFA,
2017-07-06,0.174,NRFA,
2017-07-07,0.100,NRFA,
2017-07-08,0.065,NRFA,
2017-07-09,0.052,NRFA,
2017-07-10,0.064,NRFA,
2017-07-11,0.080,NRFA,
2017-07-12,0.054,NRFA,
2017-07-13,0.042,NRFA,
2017-07-14,0.042,NRFA,
2017-07-15,0.123,NRFA,
2017-07-16,0.137,NRFA,
2017-07-17,0.052,NRFA,
2017-07-18,0.037,NRFA,
2017-07-19,0.045,NRFA,
2017-07-20,0.044,NRFA,
2017-07-21,0.115,NRFA,
2017-07-22,1.710,NRFA,
2017-07-23,0.872,NRFA,
2017-07-24,0.344,NRFA,
2017-07-25,0.136,NRFA,
2017-07-26,0.859,NRFA,
2017-07-27,0.342,NRFA,
2017-07-28,0.294,NRFA,
2017-07-29,0.301,NRFA,
2017-07-30,0.410,NRFA,
2017-07-31,0.331,NRFA,
2017-08-01,0.165,NRFA,
2017-08-02,0.508,NRFA,
2017-08-03,1.550,NRFA,
2017-08-04,0.281,NRFA,
2017-08-05,0.126,NRFA,
2017-08-06,0.436,NRFA,
2017-08-07,0.350,NRFA,
2017-08-08,0.216,NRFA,
2017-08-09,0.167,NRFA,
2017-08-10,0.087,NRFA,
2017-08-11,0.074,NRFA,
2017-08-12,0.079,NRFA,
2017-08-13,0.060,NRFA,
2017-08-14,0.184,NRFA,
2017-08-15,0.201,NRFA,
2017-08-16,0.095,NRFA,
2017-08-17,0.112,NRFA,
2017-08-18,0.082,NRFA,
2017-08-19,0.409,NRFA,
2017-08-20,0.131,NRFA,
2017-08-21,0.081,NRFA,
2017-08-22,0.091,NRFA,
2017-08-23,0.073,NRFA,
2017-08-24,0.058,NRFA,
2017-08-25,0.051,NRFA,
2017-08-26,0.044,NRFA,
2017-08-27,0.040,NRFA,
2017-08-28,0.039,NRFA,
2017-08-29,0.036,NRFA,
2017-08-30,0.032,NRFA,
2017-08-31,0.029,NRFA,
2017-09-01,0.027,NRFA,
2017-09-02,0.025,NRFA,
2017-09-03,0.025,NRFA,
2017-09-04,0.029,NRFA,
2017-09-05,0.054,NRFA,
2017-09-06,0.054,NRFA,
2017-09-07,0.412,NRFA,
2017-09-08,0.358,NRFA,
2017-09-09,0.302,NRFA,
2017-09-10,0.592,NRFA,
2017-09-11,0.590,NRFA,
2017-09-12,2.470,NRFA,
2017-09-13,0.766,NRFA,
2017-09-14,0.211,NRFA,
2017-09-15,0.170,NRFA,
2017-09-16,0.157,NRFA,
2017-09-17,0.683,NRFA,
2017-09-18,0.473,NRFA,
2017-09-19,0.215,NRFA,
2017-09-20,0.127,NRFA,
2017-09-21,0.143,NRFA,
2017-09-22,0.192,NRFA,
2017-09-23,0.179,NRFA,
2017-09-24,0.122,NRFA,
2017-09-25,0.176,NRFA,
2017-09-26,0.113,NRFA,
2017-09-27,0.955,NRFA,
2017-09-28,0.434,NRFA,
2017-09-29,0.284,NRFA,
2017-09-30,0.490,NRFA,
2017-10-01,0.546,NRFA,
2017-10-02,1.370,NRFA,
2017-10-03,0.252,NRFA,
2017-10-04,1.481,NRFA,
2017-10-05,0.592,NRFA,
2017-10-06,0.188,NRFA,
2017-10-07,0.261,NRFA,
2017-10-08,0.160,NRFA,
2017-10-09,0.241,NRFA,
2017-10-10,0.387,NRFA,
2017-10-11,2.741,NRFA,
2017-10-12,0.323,NRFA,
2017-10-13,1.609,NRFA,
2017-10-14,0.726,NRFA,
2017-10-15,0.268,NRFA,
2017-10-16,0.352,NRFA,
2017-10-17,0.409,NRFA,
2017-10-18,0.198,NRFA,
2017-10-19,2.025,NRFA,
2017-10-20,0.711,NRFA,
2017-10-21,1.940,NRFA,
2017-10-22,1.232,NRFA,
2017-10-23,0.307,NRFA,
2017-10-24,0.489,NRFA,
2017-10-25,0.349,NRFA,
2017-10-26,0.163,NRFA,
2017-10-27,0.115,NRFA,
2017-10-28,0.160,NRFA,
2017-10-29,0.130,NRFA,
2017-10-30,0.093,NRFA,
2017-10-31,0.088,NRFA,
2017-11-01,0.084,NRFA,
2017-11-02,0.076,NRFA,
2017-11-03,0.067,NRFA,
2017-11-04,0.067,NRFA,
2017-11-05,0.059,NRFA,
2017-11-06,0.057,NRFA,
2017-11-07,0.114,NRFA,
2017-11-08,0.090,NRFA,
2017-11-09,0.121,NRFA,
2017-11-10,0.091,NRFA,
2017-11-11,0.076,NRFA,
2017-11-12,0.061,NRFA,
2017-11-13,0.063,NRFA,
2017-11-14,0.238,NRFA,
2017-11-15,0.148,NRFA,
2017-11-16,0.191,NRFA,
2017-11-17,0.112,NRFA,
2017-11-18,0.112,NRFA,
2017-11-19,0.169,NRFA,
2017-11-20,1.566,NRFA,
2017-11-21,1.266,NRFA,
2017-11-22,4.298,NRFA,
2017-11-23,1.148,NRFA,
2017-11-24,0.276,NRFA,
2017-11-25,0.161,NRFA,
2017-11-26,0.648,NRFA,
2017-11-27,1.064,NRFA,
2017-11-28,0.240,NRFA,
2017-11-29,0.132,NRFA,
2017-11-30,0.107,NRFA,
2017-12-01,0.090,NRFA,
2017-12-02,0.568,NRFA,
2017-12-03,0.342,NRFA,
2017-12-04,0.167,NRFA,
2017-12-05,0.122,NRFA,
2017-12-06,1.381,NRFA,
2017-12-07,0.815,NRFA,
2017-12-08,0.136,NRFA,
2017-12-09,0.112,NRFA,
2017-12-10,0.063,NRFA,
2017-12-11,0.069,NRFA,
2017-12-12,0.062,NRFA,
2017-12-13,0.399,NRFA,
2017-12-14,0.221,NRFA,
2017-12-15,0.161,NRFA,
2017-12-16,0.102,NRFA,
2017-12-17,1.083,NRFA,
2017-12-18,0.446,NRFA,
2017-12-19,0.745,NRFA,
2017-12-20,0.358,NRFA,
2017-12-21,0.195,NRFA,
2017-12-22,0.168,NRFA,
2017-12-23,0.237,NRFA,
2017-12-24,0.956,NRFA,
2017-12-25,2.134,NRFA,
2017-12-26,0.402,NRFA,
2017-12-27,0.129,NRFA,
2017-12-28,0.098,NRFA,
2017-12-29,0.095,NRFA,
2017-12-30,0.921,NRFA,
2017-12-31,1.639,NRFA,
2018-01-01,0.586,NRFA,
2018-01-02,1.417,NRFA,
2018-01-03,1.822,NRFA,
2018-01-04,1.535,NRFA,
2018-01-05,0.556,NRFA,
2018-01-06,0.319,NRFA,
2018-01-07,0.140,NRFA,
2018-01-08,0.119,NRFA,
2018-01-09,0.100,NRFA,
2018-01-10,0.384,NRFA,
2018-01-11,0.654,NRFA,
2018-01-12,0.589,NRFA,
2018-01-13,0.262,NRFA,
2018-01-14,0.257,NRFA,
2018-01-15,0.691,NRFA,
2018-01-16,0.205,NRFA,
2018-01-17,0.130,NRFA,
2018-01-18,0.135,NRFA,
2018-01-19,0.110,NRFA,
2018-01-20,0.091,NRFA,
2018-01-21,0.252,NRFA,
2018-01-22,2.046,NRFA,
2018-01-23,4.294,NRFA,
2018-01-24,2.441,NRFA,
2018-01-25,0.735,NRFA,
2018-01-26,0.319,NRFA,
2018-01-27,0.299,NRFA,
2018-01-28,1.098,NRFA,
2018-01-29,0.952,NRFA,
2018-01-30,0.677,NRFA,
2018-01-31,0.621,NRFA,
2018-02-01,0.249,NRFA,
2018-02-02,0.201,NRFA,
2018-02-03,0.182,NRFA,
2018-02-04,0.163,NRFA,
2018-02-05,0.138,NRFA,
2018-02-06,0.086,NRFA,
2018-02-07,0.110,NRFA,
2018-02-08,0.733,NRFA,
2018-02-09,0.457,NRFA,
2018-02-10,1.528,NRFA,
2018-02-11,0.553,NRFA,
2018-02-12,0.247,NRFA,
2018-02-13,0.153,NRFA,
2018-02-14,1.035,NRFA,
2018-02-15,0.929,NRFA,
2018-02-16,0.548,NRFA,
2018-02-17,0.667,NRFA,
2018-02-18,1.068,NRFA,
2018-02-19,1.696,NRFA,
2018-02-20,0.478,NRFA,
2018-02-21,0.227,NRFA,
2018-02-22,0.141,NRFA,
2018-02-23,0.100,NRFA,
2018-02-24,0.084,NRFA,
2018-02-25,0.056,NRFA,
2018-02-26,0.041,NRFA,
2018-02-27,0.040,NRFA,
2018-02-28,0.066,NRFA,
2018-03-01,1.380,NRFA,
2018-03-02,1.413,NRFA,
2018-03-03,0.819,NRFA,
2018-03-04,0.325,NRFA,
2018-03-05,0.676,NRFA,
2018-03-06,2.019,NRFA,
2018-03-07,0.668,NRFA,
2018-03-08,0.363,NRFA,
2018-03-09,0.583,NRFA,
2018-03-10,2.389,NRFA,
2018-03-11,1.470,NRFA,
2018-03-12,1.717,NRFA,
2018-03-13,0.673,NRFA,
2018-03-14,0.686,NRFA,
2018-03-15,1.272,NRFA,
2018-03-16,1.058,NRFA,
2018-03-17,0.272,NRFA,
2018-03-18,0.200,NRFA,
2018-03-19,0.167,NRFA,
2018-03-20,0.303,NRFA,
2018-03-21,1.053,NRFA,
2018-03-22,1.149,NRFA,
2018-03-23,0.950,NRFA,
2018-03-24,0.369,NRFA,
2018-03-25,0.246,NRFA,
2018-03-26,0.205,NRFA,
2018-03-27,0.672,NRFA,
2018-03-28,0.274,NRFA,
2018-03-29,0.163,NRFA,
2018-03-30,0.287,NRFA,
2018-03-31,0.312,NRFA,
2018-04-01,0.189,NRFA,
2018-04-02,0.383,NRFA,
2018-04-03,2.548,NRFA,
2018-04-04,1.362,NRFA,
2018-04-05,0.746,NRFA,
2018-04-06,0.383,NRFA,
2018-04-07,0.672,NRFA,
2018-04-08,0.309,NRFA,
2018-04-09,0.216,NRFA,
2018-04-10,0.690,NRFA,
2018-04-11,0.343,NRFA,
2018-04-12,0.498,NRFA,
2018-04-13,0.596,NRFA,
2018-04-14,0.222,NRFA,
2018-04-15,0.930,NRFA,
2018-04-16,0.409,NRFA,
2018-04-17,0.326,NRFA,
2018-04-18,0.205,NRFA,
2018-04-19,0.113,NRFA,
2018-04-20,0.075,NRFA,
2018-04-21,0.062,NRFA,
2018-04-22,0.071,NRFA,
2018-04-23,0.081,NRFA,
2018-04-24,0.101,NRFA,
2018-04-25,0.133,NRFA,
2018-04-26,0.085,NRFA,
2018-04-27,0.062,NRFA,
2018-04-28,0.055,NRFA,
2018-04-29,0.052,NRFA,
2018-04-30,0.043,NRFA,
2018-05-01,0.043,NRFA,
2018-05-02,0.053,NRFA,
2018-05-03,0.041,NRFA,
2018-05-04,0.037,NRFA,
2018-05-05,0.033,NRFA,
2018-05-06,0.030,NRFA,
2018-05-07,0.027,NRFA,
2018-05-08,0.027,NRFA,
2018-05-09,0.030,NRFA,
2018-05-10,0.027,NRFA,
2018-05-11,0.025,NRFA,
2018-05-12,0.028,NRFA,
2018-05-13,0.032,NRFA,
2018-05-14,0.024,NRFA,
2018-05-15,0.023,NRFA,
2018-05-16,0.024,NRFA,
2018-05-17,0.021,NRFA,
2018-05-18,0.020,NRFA,
2018-05-19,0.019,NRFA,
2018-05-20,0.018,NRFA,
2018-05-21,0.018,NRFA,
2018-05-22,0.018,NRFA,
2018-05-23,0.017,NRFA,
2018-05-24,0.016,NRFA,
2018-05-25,0.020,NRFA,
2018-05-26,0.018,NRFA,
2018-05-27,0.016,NRFA,
2018-05-28,0.016,NRFA,
2018-05-29,0.016,NRFA,
2018-05-30,0.017,NRFA,
2018-05-31,0.017,NRFA,
2018-06-01,0.017,NRFA,
2018-06-02,2.108,NRFA,
2018-06-03,0.498,NRFA,
2018-06-04,0.167,NRFA,
2018-06-05,0.087,NRFA,
2018-06-06,0.057,NRFA,
2018-06-07,0.042,NRFA,
2018-06-08,0.033,NRFA,
2018-06-09,0.030,NRFA,
2018-06-10,0.031,NRFA,
2018-06-11,0.024,NRFA,
2018-06-12,0.022,NRFA,
2018-06-13,0.021,NRFA,
2018-06-14,0.022,NRFA,
2018-06-15,0.019,NRFA,
2018-06-16,0.021,NRFA,
2018-06-17,0.019,NRFA,
2018-06-18,0.017,NRFA,
2018-06-19,0.019,NRFA,
2018-06-20,0.024,NRFA,
2018-06-21,0.016,NRFA,
2018-06-22,0.014,NRFA,
2018-06-23,0.012,NRFA,
2018-06-24,0.012,NRFA,
2018-06-25,0.011,NRFA,
2018-06-26,0.010,NRFA,
2018-06-27,0.009,NRFA,
2018-06-28,0.008,NRFA,
2018-06-29,0.008,NRFA,
2018-06-30,0.009,NRFA,
2018-07-01,0.009,NRFA,
2018-07-02,0.009,NRFA,
2018-07-03,0.009,NRFA,
2018-07-04,0.009,NRFA,
2018-07-05,0.009,NRFA,
2018-07-06,0.009,NRFA,
2018-07-07,0.009,NRFA,
2018-07-08,0.010,NRFA,
2018-07-09,0.010,NRFA,
2018-07-10,0.010,NRFA,
2018-07-11,0.009,NRFA,
2018-07-12,0.010,NRFA,
2018-07-13,0.010,NRFA,
2018-07-14,0.009,NRFA,
2018-07-15,0.009,NRFA,
2018-07-16,0.012,NRFA,
2018-07-17,0.011,NRFA,
2018-07-18,0.010,NRFA,
2018-07-19,0.009,NRFA,
2018-07-20,0.012,NRFA,
2018-07-21,0.011,NRFA,
2018-07-22,0.009,NRFA,
2018-07-23,0.009,NRFA,
2018-07-24,0.010,NRFA,
2018-07-25,0.009,NRFA,
2018-07-26,0.009,NRFA,
2018-07-27,0.020,NRFA,
2018-07-28,0.073,NRFA,
2018-07-29,0.235,NRFA,
2018-07-30,0.143,NRFA,
2018-07-31,0.069,NRFA,
2018-08-01,0.039,NRFA,
2018-08-02,0.030,NRFA,
2018-08-03,0.032,NRFA,
2018-08-04,0.026,NRFA,
2018-08-05,0.021,NRFA,
2018-08-06,0.019,NRFA,
2018-08-07,0.017,NRFA,
2018-08-08,0.016,NRFA,
2018-08-09,0.014,NRFA,
2018-08-10,0.015,NRFA,
2018-08-11,0.016,NRFA,
2018-08-12,0.103,NRFA,
2018-08-13,1.262,NRFA,
2018-08-14,0.354,NRFA,
2018-08-15,1.023,NRFA,
2018-08-16,0.614,NRFA,
2018-08-17,0.232,NRFA,
2018-08-18,0.248,NRFA,
2018-08-19,0.513,NRFA,
2018-08-20,0.285,NRFA,
2018-08-21,0.229,NRFA,
2018-08-22,0.264,NRFA,
2018-08-23,0.211,NRFA,
2018-08-24,0.219,NRFA,
2018-08-25,0.149,NRFA,
2018-08-26,0.176,NRFA,
2018-08-27,0.329,NRFA,
2018-08-28,0.164,NRFA,
2018-08-29,0.103,NRFA,
2018-08-30,0.074,NRFA,
2018-08-31,0.056,NRFA,
2018-09-01,0.046,NRFA,
2018-09-02,0.040,NRFA,
2018-09-03,0.054,NRFA,
2018-09-04,0.054,NRFA,
2018-09-05,0.042,NRFA,
2018-09-06,0.036,NRFA,
2018-09-07,0.035,NRFA,
2018-09-08,0.033,NRFA,
2018-09-09,0.035,NRFA,
2018-09-10,0.185,NRFA,
2018-09-11,0.338,NRFA,
2018-09-12,0.153,NRFA,
2018-09-13,0.162,NRFA,
2018-09-14,0.390,NRFA,
2018-09-15,0.284,NRFA,
2018-09-16,0.336,NRFA,
2018-09-17,0.177,NRFA,
2018-09-18,0.307,NRFA,
2018-09-19,0.204,NRFA,
2018-09-20,2.534,NRFA,
2018-09-21,1.151,NRFA,
2018-09-22,0.322,NRFA,
2018-09-23,0.174,NRFA,
2018-09-24,0.115,NRFA,
2018-09-25,0.089,NRFA,
2018-09-26,0.076,NRFA,
2018-09-27,0.067,NRFA,
2018-09-28,0.057,NRFA,
2018-09-29,0.047,NRFA,
2018-09-30,0.044,NRFA,
2018-10-01,0.041,NRFA,
2018-10-02,0.039,NRFA,
2018-10-03,0.036,NRFA,
2018-10-04,0.066,NRFA,
2018-10-05,0.518,NRFA,
2018-10-06,0.170,NRFA,
2018-10-07,0.105,NRFA,
2018-10-08,0.097,NRFA,
2018-10-09,0.089,NRFA,
2018-10-10,0.072,NRFA,
2018-10-11,0.072,NRFA,
2018-10-12,2.214,NRFA,
2018-10-13,4.027,NRFA,
2018-10-14,0.693,NRFA,
2018-10-15,0.277,NRFA,
2018-10-16,0.201,NRFA,
2018-10-17,0.150,NRFA,
2018-10-18,0.112,NRFA,
2018-10-19,0.092,NRFA,
2018-10-20,0.084,NRFA,
2018-10-21,0.089,NRFA,
2018-10-22,0.076,NRFA,
2018-10-23,0.066,NRFA,
2018-10-24,0.061,NRFA,
2018-10-25,0.064,NRFA,
2018-10-26,0.076,NRFA,
2018-10-27,0.061,NRFA,
2018-10-28,0.081,NRFA,
2018-10-29,0.082,NRFA,
2018-10-30,0.145,NRFA,
2018-10-31,0.127,NRFA,
2018-11-01,0.165,NRFA,
2018-11-02,0.111,NRFA,
2018-11-03,0.184,NRFA,
2018-11-04,0.296,NRFA,
2018-11-05,0.178,NRFA,
2018-11-06,0.142,NRFA,
2018-11-07,0.396,NRFA,
2018-11-08,0.322,NRFA,
2018-11-09,0.969,NRFA,
2018-11-10,0.682,NRFA,
2018-11-11,0.367,NRFA,
2018-11-12,0.583,NRFA,
2018-11-13,0.688,NRFA,
2018-11-14,0.302,NRFA,
2018-11-15,0.191,NRFA,
2018-11-16,0.142,NRFA,
2018-11-17,0.116,NRFA,
2018-11-18,0.098,NRFA,
2018-11-19,0.259,NRFA,
2018-11-20,2.645,NRFA,
2018-11-21,1.125,NRFA,
2018-11-22,0.607,NRFA,
2018-11-23,0.577,NRFA,
2018-11-24,0.548,NRFA,
2018-11-25,0.632,NRFA,
2018-11-26,0.383,NRFA,
2018-11-27,0.774,NRFA,
2018-11-28,1.563,NRFA,
2018-11-29,2.112,NRFA,
2018-11-30,1.302,NRFA,
2018-12-01,1.112,NRFA,
2018-12-02,2.092,NRFA,
2018-12-03,0.718,NRFA,
2018-12-04,0.284,NRFA,
2018-12-05,0.775,NRFA,
2018-12-06,0.754,NRFA,
2018-12-07,1.664,NRFA,
2018-12-08,1.530,NRFA,
2018-12-09,0.532,NRFA,
2018-12-10,0.258,NRFA,
2018-12-11,0.196,NRFA,
2018-12-12,0.161,NRFA,
2018-12-13,0.124,NRFA,
2018-12-14,0.092,NRFA,
2018-12-15,0.308,NRFA,
2018-12-16,1.375,NRFA,
2018-12-17,1.157,NRFA,
2018-12-18,2.400,NRFA,
2018-12-19,0.521,NRFA,
2018-12-20,0.564,NRFA,
2018-12-21,0.431,NRFA,
2018-12-22,0.329,NRFA,
2018-12-23,0.222,NRFA,
2018-12-24,0.157,NRFA,
2018-12-25,0.136,NRFA,
2018-12-26,0.120,NRFA,
2018-12-27,0.104,NRFA,
2018-12-28,0.098,NRFA,
2018-12-29,0.177,NRFA,
2018-12-30,0.139,NRFA,
2018-12-31,0.108,NRFA,
2019-01-01,0.095,NRFA,
2019-01-02,0.080,NRFA,
2019-01-03,0.071,NRFA,
2019-01-04,0.066,NRFA,
2019-01-05,0.061,NRFA,
2019-01-06,0.061,NRFA,
2019-01-07,0.151,NRFA,
2019-01-08,0.112,NRFA,
2019-01-09,0.079,NRFA,
2019-01-10,0.075,NRFA,
2019-01-11,0.075,NRFA,
2019-01-12,0.181,NRFA,
2019-01-13,0.449,NRFA,
2019-01-14,0.198,NRFA,
2019-01-15,0.165,NRFA,
2019-01-16,0.218,NRFA,
2019-01-17,0.121,NRFA,
2019-01-18,0.092,NRFA,
2019-01-19,0.080,NRFA,
2019-01-20,0.078,NRFA,
2019-01-21,0.089,NRFA,
2019-01-22,0.082,NRFA,
2019-01-23,0.077,NRFA,
2019-01-24,0.074,NRFA,
2019-01-25,0.594,NRFA,
2019-01-26,1.226,NRFA,
2019-01-27,0.440,NRFA,
2019-01-28,0.178,NRFA,
2019-01-29,0.121,NRFA,
2019-01-30,0.082,NRFA,
2019-01-31,0.099,NRFA,
2019-02-01,0.087,NRFA,
2019-02-02,0.064,NRFA,
2019-02-03,0.285,NRFA,
2019-02-04,1.024,NRFA,
2019-02-05,0.648,NRFA,
2019-02-06,0.465,NRFA,
2019-02-07,0.404,NRFA,
2019-02-08,3.043,NRFA,
2019-02-09,2.023,NRFA,
2019-02-10,0.448,NRFA,
2019-02-11,0.232,NRFA,
2019-02-12,0.189,NRFA,
2019-02-13,0.216,NRFA,
2019-02-14,0.144,NRFA,
2019-02-15,0.103,NRFA,
2019-02-16,0.089,NRFA,
2019-02-17,0.075,NRFA,
2019-02-18,0.085,NRFA,
2019-02-19,0.183,NRFA,
2019-02-20,0.333,NRFA,
2019-02-21,0.228,NRFA,
2019-02-22,0.134,NRFA,
2019-02-23,0.089,NRFA,
2019-02-24,0.073,NRFA,
2019-02-25,0.062,NRFA,
2019-02-26,0.054,NRFA,
2019-02-27,0.049,NRFA,
2019-02-28,0.047,NRFA,
2019-03-01,0.046,NRFA,
2019-03-02,0.128,NRFA,
2019-03-03,1.061,NRFA,
2019-03-04,0.792,NRFA,
2019-03-05,1.073,NRFA,
2019-03-06,1.506,NRFA,
2019-03-07,0.923,NRFA,
2019-03-08,0.813,NRFA,
2019-03-09,0.803,NRFA,
2019-03-10,0.431,NRFA,
2019-03-11,1.839,NRFA,
2019-03-12,2.771,NRFA,
2019-03-13,2.475,NRFA,
2019-03-14,1.577,NRFA,
2019-03-15,0.739,NRFA,
2019-03-16,5.483,NRFA,
2019-03-17,0.614,NRFA,
2019-03-18,0.341,NRFA,
2019-03-19,0.245,NRFA,
2019-03-20,0.205,NRFA,
2019-03-21,0.173,NRFA,
2019-03-22,0.170,NRFA,
2019-03-23,0.145,NRFA,
2019-03-24,0.104,NRFA,
2019-03-25,0.085,NRFA,
2019-03-26,0.061,NRFA,
2019-03-27,0.053,NRFA,
2019-03-28,0.048,NRFA,
2019-03-29,0.044,NRFA,
2019-03-30,0.042,NRFA,
2019-03-31,0.040,NRFA,
2019-04-01,0.046,NRFA,
2019-04-02,0.084,NRFA,
2019-04-03,0.170,NRFA,
2019-04-04,0.630,NRFA,
2019-04-05,0.715,NRFA,
2019-04-06,0.213,NRFA,
2019-04-07,0.157,NRFA,
2019-04-08,0.138,NRFA,
2019-04-09,0.096,NRFA,
2019-04-10,0.071,NRFA,
2019-04-11,0.057,NRFA,
2019-04-12,0.049,NRFA,
2019-04-13,0.043,NRFA,
2019-04-14,0.039,NRFA,
2019-04-15,0.036,NRFA,
2019-04-16,0.034,NRFA,
2019-04-17,0.032,NRFA,
2019-04-18,0.030,NRFA,
2019-04-19,0.029,NRFA,
2019-04-20,0.026,NRFA,
2019-04-21,0.025,NRFA,
2019-04-22,0.023,NRFA,
2019-04-23,0.023,NRFA,
2019-04-24,0.023,NRFA,
2019-04-25,0.030,NRFA,
2019-04-26,0.035,NRFA,
2019-04-27,0.090,NRFA,
2019-04-28,0.064,NRFA,
2019-04-29,0.043,NRFA,
2019-04-30,0.034,NRFA,
2019-05-01,0.032,NRFA,
2019-05-02,0.030,NRFA,
2019-05-03,0.029,NRFA,
2019-05-04,0.027,NRFA,
2019-05-05,0.025,NRFA,
2019-05-06,0.038,NRFA,
2019-05-07,0.050,NRFA,
2019-05-08,1.296,NRFA,
2019-05-09,0.756,NRFA,
2019-05-10,0.202,NRFA,
2019-05-11,0.110,NRFA,
2019-05-12,0.071,NRFA,
2019-05-13,0.051,NRFA,
2019-05-14,0.040,NRFA,
2019-05-15,0.034,NRFA,
2019-05-16,0.030,NRFA,
2019-05-17,0.027,NRFA,
2019-05-18,0.033,NRFA,
2019-05-19,0.031,NRFA,
2019-05-20,0.027,NRFA,
2019-05-21,0.024,NRFA,
2019-05-22,0.021,NRFA,
2019-05-23,0.020,NRFA,
2019-05-24,0.019,NRFA,
2019-05-25,0.021,NRFA,
2019-05-26,0.030,NRFA,
2019-05-27,0.029,NRFA,
2019-05-28,0.030,NRFA,
2019-05-29,0.028,NRFA,
2019-05-30,0.178,NRFA,
2019-05-31,0.254,NRFA,
2019-06-01,0.137,NRFA,
2019-06-02,0.091,NRFA,
2019-06-03,0.061,NRFA,
2019-06-04,0.352,NRFA,
2019-06-05,0.267,NRFA,
2019-06-06,0.103,NRFA,
2019-06-07,1.373,NRFA,
2019-06-08,2.069,NRFA,
2019-06-09,0.368,NRFA,
2019-06-10,0.134,NRFA,
2019-06-11,0.084,NRFA,
2019-06-12,0.833,NRFA,
2019-06-13,1.800,NRFA,
2019-06-14,0.447,NRFA,
2019-06-15,0.252,NRFA,
2019-06-16,0.220,NRFA,
2019-06-17,0.190,NRFA,
2019-06-18,0.108,NRFA,
2019-06-19,0.152,NRFA,
2019-06-20,0.083,NRFA,
2019-06-21,0.059,NRFA,
2019-06-22,0.047,NRFA,
2019-06-23,0.276,NRFA,
2019-06-24,0.605,NRFA,
2019-06-25,0.233,NRFA,
2019-06-26,0.154,NRFA,
2019-06-27,0.081,NRFA,
2019-06-28,0.053,NRFA,
2019-06-29,0.042,NRFA,
2019-06-30,0.037,NRFA,
2019-07-01,0.035,NRFA,
2019-07-02,0.030,NRFA,
2019-07-03,0.027,NRFA,
2019-07-04,0.024,NRFA,
2019-07-05,0.023,NRFA,
2019-07-06,0.021,NRFA,
2019-07-07,0.021,NRFA,
2019-07-08,0.020,NRFA,
2019-07-09,0.023,NRFA,
2019-07-10,0.022,NRFA,
2019-07-11,0.021,NRFA,
2019-07-12,0.018,NRFA,
2019-07-13,0.017,NRFA,
2019-07-14,0.017,NRFA,
2019-07-15,0.017,NRFA,
2019-07-16,0.015,NRFA,
2019-07-17,0.016,NRFA,
2019-07-18,0.015,NRFA,
2019-07-19,0.033,NRFA,
2019-07-20,0.033,NRFA,
2019-07-21,0.103,NRFA,
2019-07-22,0.145,NRFA,
2019-07-23,0.698,NRFA,
2019-07-24,0.686,NRFA,
2019-07-25,0.294,NRFA,
2019-07-26,0.193,NRFA,
2019-07-27,1.079,NRFA,
2019-07-28,0.379,NRFA,
2019-07-29,0.166,NRFA,
2019-07-30,0.859,NRFA,
2019-07-31,2.280,NRFA,
2019-08-01,0.363,NRFA,
2019-08-02,0.159,NRFA,
2019-08-03,0.132,NRFA,
2019-08-04,1.110,NRFA,
2019-08-05,0.423,NRFA,
2019-08-06,1.747,NRFA,
2019-08-07,0.309,NRFA,
2019-08-08,0.592,NRFA,
2019-08-09,2.214,NRFA,
2019-08-10,2.999,NRFA,
2019-08-11,2.063,NRFA,
2019-08-12,0.495,NRFA,
2019-08-13,0.216,NRFA,
2019-08-14,0.201,NRFA,
2019-08-15,0.217,NRFA,
2019-08-16,1.002,NRFA,
2019-08-17,0.385,NRFA,
2019-08-18,0.196,NRFA,
2019-08-19,0.218,NRFA,
2019-08-20,0.165,NRFA,
2019-08-21,0.331,NRFA,
2019-08-22,0.994,NRFA,
2019-08-23,0.301,NRFA,
2019-08-24,0.145,NRFA,
2019-08-25,0.090,NRFA,
2019-08-26,0.067,NRFA,
2019-08-27,0.065,NRFA,
2019-08-28,0.060,NRFA,
2019-08-29,0.056,NRFA,
2019-08-30,0.142,NRFA,
2019-08-31,0.112,NRFA,
2019-09-01,0.090,NRFA,
2019-09-02,0.300,NRFA,
2019-09-03,0.431,NRFA,
2019-09-04,0.562,NRFA,
2019-09-05,0.267,NRFA,
2019-09-06,0.648,NRFA,
2019-09-07,0.170,NRFA,
2019-09-08,0.102,NRFA,
2019-09-09,0.084,NRFA,
2019-09-10,0.078,NRFA,
2019-09-11,0.156,NRFA,
2019-09-12,0.125,NRFA,
2019-09-13,0.108,NRFA,
2019-09-14,0.078,NRFA,
2019-09-15,0.085,NRFA,
2019-09-16,0.065,NRFA,
2019-09-17,0.054,NRFA,
2019-09-18,0.047,NRFA,
2019-09-19,0.043,NRFA,
2019-09-20,0.039,NRFA,
2019-09-21,0.036,NRFA,
2019-09-22,0.061,NRFA,
2019-09-23,0.177,NRFA,
2019-09-24,1.321,NRFA,
2019-09-25,0.753,NRFA,
2019-09-26,1.012,NRFA,
2019-09-27,1.667,NRFA,
2019-09-28,1.222,NRFA,
2019-09-29,2.157,NRFA,
2019-09-30,2.087,NRFA,
2019-10-01,1.770,NRFA,
2019-10-02,0.320,NRFA,
2019-10-03,0.601,NRFA,
2019-10-04,0.563,NRFA,
2019-10-05,0.930,NRFA,
2019-10-06,1.130,NRFA,
2019-10-07,0.436,NRFA,
2019-10-08,0.326,NRFA,
2019-10-09,0.768,NRFA,
2019-10-10,1.840,NRFA,
2019-10-11,0.714,NRFA,
2019-10-12,0.237,NRFA,
2019-10-13,0.702,NRFA,
2019-10-14,0.458,NRFA,
2019-10-15,0.459,NRFA,
2019-10-16,0.257,NRFA,
2019-10-17,0.231,NRFA,
2019-10-18,0.249,NRFA,
2019-10-19,0.351,NRFA,
2019-10-20,0.293,NRFA,
2019-10-21,0.295,NRFA,
2019-10-22,0.165,NRFA,
2019-10-23,0.122,NRFA,
2019-10-24,0.101,NRFA,
2019-10-25,0.675,NRFA,
2019-10-26,0.392,NRFA,
2019-10-27,0.186,NRFA,
2019-10-28,0.127,NRFA,
2019-10-29,0.106,NRFA,
2019-10-30,0.094,NRFA,
2019-10-31,0.087,NRFA,
2019-11-01,0.751,NRFA,
2019-11-02,0.541,NRFA,
2019-11-03,0.587,NRFA,
2019-11-04,2.190,NRFA,
2019-11-05,1.160,NRFA,
2019-11-06,0.357,NRFA,
2019-11-07,1.080,NRFA,
2019-11-08,0.436,NRFA,
2019-11-09,0.224,NRFA,
2019-11-10,0.341,NRFA,
2019-11-11,1.960,NRFA,
2019-11-12,0.941,NRFA,
2019-11-13,0.287,NRFA,
2019-11-14,0.465,NRFA,
2019-11-15,1.230,NRFA,
2019-11-16,1.340,NRFA,
2019-11-17,0.859,NRFA,
2019-11-18,0.270,NRFA,
2019-11-19,0.164,NRFA,
2019-11-20,0.142,NRFA,
2019-11-21,0.119,NRFA,
2019-11-22,0.211,NRFA,
2019-11-23,1.390,NRFA,
2019-11-24,0.445,NRFA,
2019-11-25,0.921,NRFA,
2019-11-26,1.220,NRFA,
2019-11-27,0.822,NRFA,
2019-11-28,0.926,NRFA,
2019-11-29,0.257,NRFA,
2019-11-30,0.163,NRFA,
2019-12-01,0.119,NRFA,
2019-12-02,0.120,NRFA,
2019-12-03,0.117,NRFA,
2019-12-04,0.118,NRFA,
2019-12-05,1.390,NRFA,
2019-12-06,0.642,NRFA,
2019-12-07,1.140,NRFA,
2019-12-08,1.760,NRFA,
2019-12-09,0.449,NRFA,
2019-12-10,2.100,NRFA,
2019-12-11,0.830,NRFA,
2019-12-12,0.319,NRFA,
2019-12-13,0.873,NRFA,
2019-12-14,0.523,NRFA,
2019-12-15,0.319,NRFA,
2019-12-16,0.408,NRFA,
2019-12-17,0.280,NRFA,
2019-12-18,2.040,NRFA,
2019-12-19,2.520,NRFA,
2019-12-20,0.584,NRFA,
2019-12-21,0.343,NRFA,
2019-12-22,0.245,NRFA,
2019-12-23,0.280,NRFA,
2019-12-24,0.410,NRFA,
2019-12-25,0.249,NRFA,
2019-12-26,0.174,NRFA,
2019-12-27,0.201,NRFA,
2019-12-28,0.177,NRFA,
2019-12-29,0.129,NRFA,
2019-12-30,0.113,NRFA,
2019-12-31,0.098,NRFA,
2020-01-01,0.091,NRFA,
2020-01-02,0.193,NRFA,
2020-01-03,0.228,NRFA,
2020-01-04,0.139,NRFA,
2020-01-05,0.122,NRFA,
2020-01-06,0.180,NRFA,
2020-01-07,0.495,NRFA,
2020-01-08,0.376,NRFA,
2020-01-09,0.792,NRFA,
2020-01-10,0.761,NRFA,
2020-01-11,2.410,NRFA,
2020-01-12,0.473,NRFA,
2020-01-13,1.070,NRFA,
2020-01-14,1.180,NRFA,
2020-01-15,0.777,NRFA,
2020-01-16,1.790,NRFA,
2020-01-17,0.555,NRFA,
2020-01-18,0.204,NRFA,
2020-01-19,0.132,NRFA,
2020-01-20,0.103,NRFA,
2020-01-21,0.097,NRFA,
2020-01-22,0.083,NRFA,
2020-01-23,0.070,NRFA,
2020-01-24,0.063,NRFA,
2020-01-25,0.060,NRFA,
2020-01-26,0.106,NRFA,
2020-01-27,0.171,NRFA,
2020-01-28,0.194,NRFA,
2020-01-29,1.260,NRFA,
2020-01-30,0.398,NRFA,
2020-01-31,1.100,NRFA,
2020-02-01,1.220,NRFA,
2020-02-02,1.420,NRFA,
2020-02-03,0.604,NRFA,
2020-02-04,0.413,NRFA,
2020-02-05,0.180,NRFA,
2020-02-06,0.110,NRFA,
2020-02-07,0.085,NRFA,
2020-02-08,4.400,NRFA,
2020-02-09,3.610,NRFA,
2020-02-10,0.612,NRFA,
2020-02-11,0.187,NRFA,
2020-02-12,0.122,NRFA,
2020-02-13,0.118,NRFA,
2020-02-14,2.410,NRFA,
2020-02-15,6.960,NRFA,
2020-02-16,2.060,NRFA,
2020-02-17,1.010,NRFA,
2020-02-18,1.150,NRFA,
2020-02-19,2.030,NRFA,
2020-02-20,2.050,NRFA,
2020-02-21,5.570,NRFA,
2020-02-22,1.490,NRFA,
2020-02-23,0.770,NRFA,
2020-02-24,1.190,NRFA,
2020-02-25,0.560,NRFA,
2020-02-26,0.296,NRFA,
2020-02-27,0.194,NRFA,
2020-02-28,2.610,NRFA,
2020-02-29,1.970,NRFA,
2020-03-01,1.230,NRFA,
2020-03-02,0.475,NRFA,
2020-03-03,0.619,NRFA,
2020-03-04,0.409,NRFA,
2020-03-05,0.324,NRFA,
2020-03-06,0.278,NRFA,
2020-03-07,2.700,NRFA,
2020-03-08,1.360,NRFA,
2020-03-09,1.950,NRFA,
2020-03-10,1.990,NRFA,
2020-03-11,2.460,NRFA,
2020-03-12,1.950,NRFA,
2020-03-13,0.925,NRFA,
2020-03-14,1.400,NRFA,
2020-03-15,0.689,NRFA,
2020-03-16,0.302,NRFA,
2020-03-17,1.580,NRFA,
2020-03-18,0.501,NRFA,
2020-03-19,0.209,NRFA,
2020-03-20,0.148,NRFA,
2020-03-21,0.117,NRFA,
2020-03-22,0.094,NRFA,
2020-03-23,0.078,NRFA,
2020-03-24,0.067,NRFA,
2020-03-25,0.061,NRFA,
2020-03-26,0.056,NRFA,
2020-03-27,0.050,NRFA,
2020-03-28,0.053,NRFA,
2020-03-29,0.052,NRFA,
2020-03-30,0.047,NRFA,
2020-03-31,0.044,NRFA,
2020-04-01,0.042,NRFA,
2020-04-02,0.040,NRFA,
2020-04-03,0.041,NRFA,
2020-04-04,0.040,NRFA,
2020-04-05,0.038,NRFA,
2020-04-06,0.039,NRFA,
2020-04-07,0.034,NRFA,
2020-04-08,0.032,NRFA,
2020-04-09,0.032,NRFA,
2020-04-10,0.032,NRFA,
2020-04-11,0.030,NRFA,
2020-04-12,0.029,NRFA,
2020-04-13,0.027,NRFA,
2020-04-14,0.026,NRFA,
2020-04-15,0.025,NRFA,
2020-04-16,0.024,NRFA,
2020-04-17,0.024,NRFA,
2020-04-18,0.023,NRFA,
2020-04-19,0.022,NRFA,
2020-04-20,0.021,NRFA,
2020-04-21,0.021,NRFA,
2020-04-22,0.021,NRFA,
2020-04-23,0.020,NRFA,
2020-04-24,0.020,NRFA,
2020-04-25,0.020,NRFA,
2020-04-26,0.020,NRFA,
2020-04-27,0.020,NRFA,
2020-04-28,0.020,NRFA,
2020-04-29,0.024,NRFA,
2020-04-30,0.024,NRFA,
2020-05-01,0.026,NRFA,
2020-05-02,0.023,NRFA,
2020-05-03,0.022,NRFA,
2020-05-04,0.020,NRFA,
2020-05-05,0.019,NRFA,
2020-05-06,0.019,NRFA,
2020-05-07,0.018,NRFA,
2020-05-08,0.018,NRFA,
2020-05-09,0.018,NRFA,
2020-05-10,0.020,NRFA,
2020-05-11,0.018,NRFA,
2020-05-12,0.017,NRFA,
2020-05-13,0.017,NRFA,
2020-05-14,0.017,NRFA,
2020-05-15,0.016,NRFA,
2020-05-16,0.016,NRFA,
2020-05-17,0.016,NRFA,
2020-05-18,0.018,NRFA,
2020-05-19,0.020,NRFA,
2020-05-20,0.017,NRFA,
2020-05-21,0.019,NRFA,
2020-05-22,0.035,NRFA,
2020-05-23,0.084,NRFA,
2020-05-24,0.058,NRFA,
2020-05-25,0.038,NRFA,
2020-05-26,0.028,NRFA,
2020-05-27,0.023,NRFA,
2020-05-28,0.020,NRFA,
2020-05-29,0.018,NRFA,
2020-05-30,0.017,NRFA,
2020-05-31,0.016,NRFA,
2020-06-01,0.016,NRFA,
2020-06-02,0.020,NRFA,
2020-06-03,0.038,NRFA,
2020-06-04,0.031,NRFA,
2020-06-05,0.077,NRFA,
2020-06-06,0.228,NRFA,
2020-06-07,0.137,NRFA,
2020-06-08,0.073,NRFA,
2020-06-09,0.055,NRFA,
2020-06-10,0.298,NRFA,
2020-06-11,0.825,NRFA,
2020-06-12,1.310,NRFA,
2020-06-13,0.584,NRFA,
2020-06-14,0.200,NRFA,
2020-06-15,0.107,NRFA,
2020-06-16,0.072,NRFA,
2020-06-17,0.053,NRFA,
2020-06-18,0.047,NRFA,
2020-06-19,0.066,NRFA,
2020-06-20,0.064,NRFA,
2020-06-21,0.078,NRFA,
2020-06-22,0.056,NRFA,
2020-06-23,0.044,NRFA,
2020-06-24,0.035,NRFA,
2020-06-25,0.029,NRFA,
2020-06-26,0.027,NRFA,
2020-06-27,0.038,NRFA,
2020-06-28,0.158,NRFA,
2020-06-29,0.657,NRFA,
2020-06-30,0.206,NRFA,
2020-07-01,0.252,NRFA,
2020-07-02,0.356,NRFA,
2020-07-03,1.520,NRFA,
2020-07-04,1.100,NRFA,
2020-07-05,1.320,NRFA,
2020-07-06,0.419,NRFA,
2020-07-07,0.179,NRFA,
2020-07-08,0.130,NRFA,
2020-07-09,0.169,NRFA,
2020-07-10,0.223,NRFA,
2020-07-11,0.129,NRFA,
2020-07-12,0.081,NRFA,
2020-07-13,0.066,NRFA,
2020-07-14,0.054,NRFA,
2020-07-15,0.050,NRFA,
2020-07-16,0.044,NRFA,
2020-07-17,0.043,NRFA,
2020-07-18,0.086,NRFA,
2020-07-19,0.051,NRFA,
2020-07-20,0.039,NRFA,
2020-07-21,0.032,NRFA,
2020-07-22,0.031,NRFA,
2020-07-23,0.036,NRFA,
2020-07-24,0.030,NRFA,
2020-07-25,0.032,NRFA,
2020-07-26,0.030,NRFA,
2020-07-27,0.731,NRFA,
2020-07-28,0.186,NRFA,
2020-07-29,0.086,NRFA,
2020-07-30,0.077,NRFA,
2020-07-31,0.053,NRFA,
2020-08-01,0.042,NRFA,
2020-08-02,0.035,NRFA,
2020-08-03,0.030,NRFA,
2020-08-04,0.068,NRFA,
2020-08-05,0.152,NRFA,
2020-08-06,0.084,NRFA,
2020-08-07,0.052,NRFA,
2020-08-08,0.038,NRFA,
2020-08-09,0.031,NRFA,
2020-08-10,0.029,NRFA,
2020-08-11,0.032,NRFA,
2020-08-12,0.027,NRFA,
2020-08-13,0.025,NRFA,
2020-08-14,0.025,NRFA,
2020-08-15,0.024,NRFA,
2020-08-16,0.047,NRFA,
2020-08-17,0.325,NRFA,
2020-08-18,0.220,NRFA,
2020-08-19,0.781,NRFA,
2020-08-20,0.501,NRFA,
2020-08-21,2.040,NRFA,
2020-08-22,0.473,NRFA,
2020-08-23,0.718,NRFA,
2020-08-24,0.345,NRFA,
2020-08-25,4.870,NRFA,
2020-08-26,0.602,NRFA,
2020-08-27,1.850,NRFA,
2020-08-28,1.190,NRFA,
2020-08-29,0.290,NRFA,
2020-08-30,0.161,NRFA,
2020-08-31,0.107,NRFA,
2020-09-01,0.079,NRFA,
2020-09-02,0.595,NRFA,
2020-09-03,0.502,NRFA,
2020-09-04,0.258,NRFA,
2020-09-05,0.200,NRFA,
2020-09-06,0.154,NRFA,
2020-09-07,0.339,NRFA,
2020-09-08,0.211,NRFA,
2020-09-09,0.191,NRFA,
2020-09-10,0.111,NRFA,
2020-09-11,0.109,NRFA,
2020-09-12,0.101,NRFA,
2020-09-13,0.098,NRFA,
2020-09-14,0.074,NRFA,
2020-09-15,0.059,NRFA,
2020-09-16,0.052,NRFA,
2020-09-17,0.047,NRFA,
2020-09-18,0.041,NRFA,
2020-09-19,0.037,NRFA,
2020-09-20,0.035,NRFA,
2020-09-21,0.033,NRFA,
2020-09-22,0.039,NRFA,
2020-09-23,1.490,NRFA,
2020-09-24,1.150,NRFA,
2020-09-25,0.384,NRFA,
2020-09-26,0.166,NRFA,
2020-09-27,0.100,NRFA,
2020-09-28,0.076,NRFA,
2020-09-29,0.062,NRFA,
2020-09-30,0.133,NRFA,
2020-10-01,0.220,NRFA,
2020-10-02,0.118,NRFA,
2020-10-03,3.530,NRFA,
2020-10-04,1.040,NRFA,
2020-10-05,0.433,NRFA,
2020-10-06,0.221,NRFA,
2020-10-07,0.460,NRFA,
2020-10-08,0.597,NRFA,
2020-10-09,0.276,NRFA,
2020-10-10,0.809,NRFA,
2020-10-11,0.312,NRFA,
2020-10-12,0.874,NRFA,
2020-10-13,1.420,NRFA,
2020-10-14,1.120,NRFA,
2020-10-15,0.394,NRFA,
2020-10-16,0.329,NRFA,
2020-10-17,0.369,NRFA,
2020-10-18,0.285,NRFA,
2020-10-19,0.177,NRFA,
2020-10-20,0.292,NRFA,
2020-10-21,0.303,NRFA,
2020-10-22,0.393,NRFA,
2020-10-23,0.335,NRFA,
2020-10-24,0.599,NRFA,
2020-10-25,0.634,NRFA,
2020-10-26,1.360,NRFA,
2020-10-27,1.330,NRFA,
2020-10-28,1.310,NRFA,
2020-10-29,1.370,NRFA,
2020-10-30,0.598,NRFA,
2020-10-31,1.120,NRFA,
2020-11-01,2.870,NRFA,
2020-11-02,2.710,NRFA,
2020-11-03,0.569,NRFA,
2020-11-04,0.248,NRFA,
2020-11-05,0.161,NRFA,
2020-11-06,0.124,NRFA,
2020-11-07,0.102,NRFA,
2020-11-08,0.102,NRFA,
2020-11-09,0.096,NRFA,
2020-11-10,0.094,NRFA,
2020-11-11,0.426,NRFA,
2020-11-12,0.457,NRFA,
2020-11-13,0.378,NRFA,
2020-11-14,0.834,NRFA,
2020-11-15,2.000,NRFA,
2020-11-16,0.569,NRFA,
2020-11-17,0.365,NRFA,
2020-11-18,1.780,NRFA,
2020-11-19,0.575,NRFA,
2020-11-20,0.271,NRFA,
2020-11-21,0.566,NRFA,
2020-11-22,0.239,NRFA,
2020-11-23,1.400,NRFA,
2020-11-24,0.962,NRFA,
2020-11-25,0.328,NRFA,
2020-11-26,0.190,NRFA,
2020-11-27,0.136,NRFA,
2020-11-28,0.114,NRFA,
2020-11-29,0.105,NRFA,
2020-11-30,0.225,NRFA,
2020-12-01,0.157,NRFA,
2020-12-02,0.141,NRFA,
2020-12-03,0.197,NRFA,
2020-12-04,1.970,NRFA,
2020-12-05,0.662,NRFA,
2020-12-06,0.912,NRFA,
2020-12-07,0.423,NRFA,
2020-12-08,0.858,NRFA,
2020-12-09,0.531,NRFA,
2020-12-10,0.749,NRFA,
2020-12-11,0.708,NRFA,
2020-12-12,0.390,NRFA,
2020-12-13,2.000,NRFA,
2020-12-14,1.090,NRFA,
2020-12-15,0.334,NRFA,
2020-12-16,2.510,NRFA,
2020-12-17,1.310,NRFA,
2020-12-18,1.510,NRFA,
2020-12-19,0.897,NRFA,
2020-12-20,1.010,NRFA,
2020-12-21,0.400,NRFA,
2020-12-22,0.239,NRFA,
2020-12-23,1.540,NRFA,
2020-12-24,0.348,NRFA,
2020-12-25,0.429,NRFA,
2020-12-26,4.660,NRFA,
2020-12-27,0.838,NRFA,
2020-12-28,0.280,NRFA,
2020-12-29,0.173,NRFA,
2020-12-30,0.114,NRFA,
2020-12-31,0.108,NRFA,
2021-01-01,0.150,NRFA,
2021-01-02,0.103,NRFA,
2021-01-03,0.089,NRFA,
2021-01-04,0.082,NRFA,
2021-01-05,0.082,NRFA,
2021-01-06,0.061,NRFA,
2021-01-07,0.082,NRFA,
2021-01-08,0.064,NRFA,
2021-01-09,0.072,NRFA,
2021-01-10,0.802,NRFA,
2021-01-11,4.680,NRFA,
2021-01-12,0.636,NRFA,
2021-01-13,0.827,NRFA,
2021-01-14,0.548,NRFA,
2021-01-15,0.263,NRFA,
2021-01-16,1.600,NRFA,
2021-01-17,1.280,NRFA,
2021-01-18,1.650,NRFA,
2021-01-19,4.130,NRFA,
2021-01-20,1.890,NRFA,
2021-01-21,0.464,NRFA,
2021-01-22,0.224,NRFA,
2021-01-23,0.130,NRFA,
2021-01-24,0.093,NRFA,
2021-01-25,0.087,NRFA,
2021-01-26,0.128,NRFA,
2021-01-27,0.907,NRFA,
2021-01-28,1.590,NRFA,
2021-01-29,1.860,NRFA,
2021-01-30,0.329,NRFA,
2021-01-31,0.155,NRFA,
2021-02-01,0.117,NRFA,
2021-02-02,0.103,NRFA,
2021-02-03,0.135,NRFA,
2021-02-04,0.739,NRFA,
2021-02-05,2.210,NRFA,
2021-02-06,1.400,NRFA,
2021-02-07,0.337,NRFA,
2021-02-08,0.192,NRFA,
2021-02-09,0.139,NRFA,
2021-02-10,0.114,NRFA,
2021-02-11,0.100,NRFA,
2021-02-12,0.077,NRFA,
2021-02-13,0.110,NRFA,
2021-02-14,1.360,NRFA,
2021-02-15,3.130,NRFA,
2021-02-16,2.340,NRFA,
2021-02-17,1.450,NRFA,
2021-02-18,1.400,NRFA,
2021-02-19,1.930,NRFA,
2021-02-20,2.860,NRFA,
2021-02-21,0.512,NRFA,
2021-02-22,0.423,NRFA,
2021-02-23,1.710,NRFA,
2021-02-24,1.660,NRFA,
2021-02-25,0.373,NRFA,
2021-02-26,0.181,NRFA,
2021-02-27,0.130,NRFA,
2021-02-28,0.104,NRFA,
2021-03-01,0.088,NRFA,
2021-03-02,0.077,NRFA,
2021-03-03,0.071,NRFA,
2021-03-04,0.085,NRFA,
2021-03-05,0.077,NRFA,
2021-03-06,0.066,NRFA,
2021-03-07,0.060,NRFA,
2021-03-08,0.060,NRFA,
2021-03-09,0.074,NRFA,
2021-03-10,3.230,NRFA,
2021-03-11,1.350,NRFA,
2021-03-12,1.230,NRFA,
2021-03-13,0.954,NRFA,
2021-03-14,0.656,NRFA,
2021-03-15,0.287,NRFA,
2021-03-16,0.200,NRFA,
2021-03-17,0.106,NRFA,
2021-03-18,0.082,NRFA,
2021-03-19,0.080,NRFA,
2021-03-20,0.067,NRFA,
2021-03-21,0.058,NRFA,
2021-03-22,0.051,NRFA,
2021-03-23,0.049,NRFA,
2021-03-24,0.050,NRFA,
2021-03-25,0.057,NRFA,
2021-03-26,0.172,NRFA,
2021-03-27,1.780,NRFA,
2021-03-28,3.690,NRFA,
2021-03-29,1.010,NRFA,
2021-03-30,0.307,NRFA,
2021-03-31,0.144,NRFA,
2021-04-01,0.103,NRFA,
2021-04-02,0.079,NRFA,
2021-04-03,0.064,NRFA,
2021-04-04,0.053,NRFA,
2021-04-05,0.043,NRFA,
2021-04-06,0.040,NRFA,
2021-04-07,0.046,NRFA,
2021-04-08,0.051,NRFA,
2021-04-09,0.043,NRFA,
2021-04-10,0.039,NRFA,
2021-04-11,0.036,NRFA,
2021-04-12,0.035,NRFA,
2021-04-13,0.033,NRFA,
2021-04-14,0.032,NRFA,
2021-04-15,0.030,NRFA,
2021-04-16,0.029,NRFA,
2021-04-17,0.027,NRFA,
2021-04-18,0.027,NRFA,
2021-04-19,0.025,NRFA,
2021-04-20,0.025,NRFA,
2021-04-21,0.024,NRFA,
2021-04-22,0.023,NRFA,
2021-04-23,0.022,NRFA,
2021-04-24,0.021,NRFA,
2021-04-25,0.021,NRFA,
2021-04-26,0.021,NRFA,
2021-04-27,0.031,NRFA,
2021-04-28,0.032,NRFA,
2021-04-29,0.027,NRFA,
2021-04-30,0.025,NRFA,
2021-05-01,0.024,NRFA,
2021-05-02,0.023,NRFA,
2021-05-03,0.540,NRFA,
2021-05-04,0.925,NRFA,
2021-05-05,0.239,NRFA,
2021-05-06,0.198,NRFA,
2021-05-07,0.270,NRFA,
2021-05-08,1.160,NRFA,
2021-05-09,0.289,NRFA,
2021-05-10,0.296,NRFA,
2021-05-11,0.498,NRFA,
2021-05-12,0.365,NRFA,
2021-05-13,0.144,NRFA,
2021-05-14,0.096,NRFA,
2021-05-15,0.074,NRFA,
2021-05-16,0.078,NRFA,
2021-05-17,0.404,NRFA,
2021-05-18,0.193,NRFA,
2021-05-19,0.087,NRFA,
2021-05-20,2.470,NRFA,
2021-05-21,1.220,NRFA,
2021-05-22,0.382,NRFA,
2021-05-23,1.160,NRFA,
2021-05-24,0.471,NRFA,
2021-05-25,0.206,NRFA,
2021-05-26,0.200,NRFA,
2021-05-27,0.139,NRFA,
2021-05-28,0.092,NRFA,
2021-05-29,0.069,NRFA,
2021-05-30,0.053,NRFA,
2021-05-31,0.043,NRFA,
2021-06-01,0.035,NRFA,
2021-06-02,0.030,NRFA,
2021-06-03,0.029,NRFA,
2021-06-04,0.026,NRFA,
2021-06-05,0.024,NRFA,
2021-06-06,0.023,NRFA,
2021-06-07,0.023,NRFA,
2021-06-08,0.021,NRFA,
2021-06-09,0.021,NRFA,
2021-06-10,0.022,NRFA,
2021-06-11,0.021,NRFA,
2021-06-12,0.018,NRFA,
2021-06-13,0.018,NRFA,
2021-06-14,0.018,NRFA,
2021-06-15,0.017,NRFA,
2021-06-16,0.018,NRFA,
2021-06-17,0.016,NRFA,
2021-06-18,0.016,NRFA,
2021-06-19,0.016,NRFA,
2021-06-20,0.015,NRFA,
2021-06-21,0.016,NRFA,
2021-06-22,0.015,NRFA,
2021-06-23,0.015,NRFA,
2021-06-24,0.019,NRFA,
2021-06-25,0.103,NRFA,
2021-06-26,0.063,NRFA,
2021-06-27,0.045,NRFA,
2021-06-28,0.032,NRFA,
2021-06-29,0.024,NRFA,
2021-06-30,0.020,NRFA,
2021-07-01,0.018,NRFA,
2021-07-02,0.264,NRFA,
2021-07-03,0.161,NRFA,
2021-07-04,0.313,NRFA,
2021-07-05,0.376,NRFA,
2021-07-06,0.812,NRFA,
2021-07-07,0.189,NRFA,
2021-07-08,0.088,NRFA,
2021-07-09,0.060,NRFA,
2021-07-10,0.048,NRFA,
2021-07-11,0.042,NRFA,
2021-07-12,0.051,NRFA,
2021-07-13,0.064,NRFA,
2021-07-14,0.039,NRFA,
2021-07-15,0.030,NRFA,
2021-07-16,0.024,NRFA,
2021-07-17,0.021,NRFA,
2021-07-18,0.018,NRFA,
2021-07-19,0.017,NRFA,
2021-07-20,0.017,NRFA,
2021-07-21,0.016,NRFA,
2021-07-22,0.016,NRFA,
2021-07-23,0.015,NRFA,
2021-07-24,0.014,NRFA,
2021-07-25,0.014,NRFA,
2021-07-26,0.014,NRFA,
2021-07-27,0.028,NRFA,
2021-07-28,0.043,NRFA,
2021-07-29,0.029,NRFA,
2021-07-30,0.104,NRFA,
2021-07-31,0.092,NRFA,
2021-08-01,0.061,NRFA,
2021-08-02,0.035,NRFA,
2021-08-03,0.026,NRFA,
2021-08-04,0.021,NRFA,
2021-08-05,0.040,NRFA,
2021-08-06,0.354,NRFA,
2021-08-07,0.315,NRFA,
2021-08-08,0.371,NRFA,
2021-08-09,0.205,NRFA,
2021-08-10,0.089,NRFA,
2021-08-11,0.066,NRFA,
2021-08-12,0.059,NRFA,
2021-08-13,0.043,NRFA,
2021-08-14,0.034,NRFA,
2021-08-15,0.035,NRFA,
2021-08-16,0.031,NRFA,
2021-08-17,0.028,NRFA,
2021-08-18,0.025,NRFA,
2021-08-19,0.025,NRFA,
2021-08-20,0.026,NRFA,
2021-08-21,0.696,NRFA,
2021-08-22,0.291,NRFA,
2021-08-23,0.115,NRFA,
2021-08-24,0.063,NRFA,
2021-08-25,0.044,NRFA,
2021-08-26,0.034,NRFA,
2021-08-27,0.030,NRFA,
2021-08-28,0.026,NRFA,
2021-08-29,0.025,NRFA,
2021-08-30,0.026,NRFA,
2021-08-31,0.026,NRFA,
2021-09-01,0.027,NRFA,
2021-09-02,0.024,NRFA,
2021-09-03,0.023,NRFA,
2021-09-04,0.023,NRFA,
2021-09-05,0.022,NRFA,
2021-09-06,0.022,NRFA,
2021-09-07,0.020,NRFA,
2021-09-08,0.026,NRFA,
2021-09-09,0.030,NRFA,
2021-09-10,0.029,NRFA,
2021-09-11,0.027,NRFA,
2021-09-12,0.027,NRFA,
2021-09-13,0.026,NRFA,
2021-09-14,0.026,NRFA,
2021-09-15,0.025,NRFA,
2021-09-16,0.024,NRFA,
2021-09-17,0.024,NRFA,
2021-09-18,0.025,NRFA,
2021-09-19,0.027,NRFA,
2021-09-20,0.024,NRFA,
2021-09-21,0.023,NRFA,
2021-09-22,0.023,NRFA,
2021-09-23,0.024,NRFA,
2021-09-24,0.026,NRFA,
2021-09-25,0.025,NRFA,
2021-09-26,0.027,NRFA,
2021-09-27,0.225,NRFA,
2021-09-28,0.239,NRFA,
2021-09-29,0.139,NRFA,
2021-09-30,0.754,NRFA,
2021-10-01,1.130,NRFA,
2021-10-02,2.370,NRFA,
2021-10-03,1.110,NRFA,
2021-10-04,2.400,NRFA,
2021-10-05,3.500,NRFA,
2021-10-06,0.578,NRFA,
2021-10-07,0.361,NRFA,
2021-10-08,0.244,NRFA,
2021-10-09,0.165,NRFA,
2021-10-10,0.121,NRFA,
2021-10-11,0.092,NRFA,
2021-10-12,0.085,NRFA,
2021-10-13,0.078,NRFA,
2021-10-14,0.085,NRFA,
2021-10-15,0.110,NRFA,
2021-10-16,0.081,NRFA,
2021-10-17,0.091,NRFA,
2021-10-18,0.107,NRFA,
2021-10-19,0.555,NRFA,
2021-10-20,0.316,NRFA,
2021-10-21,0.239,NRFA,
2021-10-22,0.150,NRFA,
2021-10-23,0.112,NRFA,
2021-10-24,0.157,NRFA,
2021-10-25,0.249,NRFA,
2021-10-26,0.293,NRFA,
2021-10-27,2.220,NRFA,
2021-10-28,1.440,NRFA,
2021-10-29,1.400,NRFA,
2021-10-30,1.360,NRFA,
2021-10-31,2.200,NRFA,
2021-11-01,1.060,NRFA,
2021-11-02,0.313,NRFA,
2021-11-03,0.191,NRFA,
2021-11-04,0.136,NRFA,
2021-11-05,0.110,NRFA,
2021-11-06,0.716,NRFA,
2021-11-07,0.331,NRFA,
2021-11-08,0.207,NRFA,
2021-11-09,0.350,NRFA,
2021-11-10,0.235,NRFA,
2021-11-11,0.156,NRFA,
2021-11-12,0.813,NRFA,
2021-11-13,0.383,NRFA,
2021-11-14,0.186,NRFA,
2021-11-15,0.137,NRFA,
2021-11-16,0.146,NRFA,
2021-11-17,0.362,NRFA,
2021-11-18,0.222,NRFA,
2021-11-19,0.142,NRFA,
2021-11-20,0.131,NRFA,
2021-11-21,0.116,NRFA,
2021-11-22,0.093,NRFA,
2021-11-23,0.080,NRFA,
2021-11-24,0.072,NRFA,
2021-11-25,0.310,NRFA,
2021-11-26,0.574,NRFA,
2021-11-27,0.313,NRFA,
2021-11-28,0.209,NRFA,
2021-11-29,1.420,NRFA,
2021-11-30,3.680,NRFA,
2021-12-01,1.140,NRFA,
2021-12-02,0.278,NRFA,
2021-12-03,0.328,NRFA,
2021-12-04,0.781,NRFA,
2021-12-05,0.607,NRFA,
2021-12-06,0.411,NRFA,
2021-12-07,0.368,NRFA,
2021-12-08,0.555,NRFA,
2021-12-09,0.790,NRFA,
2021-12-10,0.483,NRFA,
2021-12-11,1.170,NRFA,
2021-12-12,1.290,NRFA,
2021-12-13,0.448,NRFA,
2021-12-14,0.271,NRFA,
2021-12-15,0.245,NRFA,
2021-12-16,0.164,NRFA,
2021-12-17,0.115,NRFA,
2021-12-18,0.098,NRFA,
2021-12-19,0.086,NRFA,
2021-12-20,0.093,NRFA,
2021-12-21,0.080,NRFA,
2021-12-22,0.077,NRFA,
2021-12-23,0.167,NRFA,
2021-12-24,0.436,NRFA,
2021-12-25,0.219,NRFA,
2021-12-26,0.140,NRFA,
2021-12-27,0.502,NRFA,
2021-12-28,0.654,NRFA,
2021-12-29,0.740,NRFA,
2021-12-30,3.150,NRFA,
2021-12-31,1.130,NRFA,
2022-01-01,0.354,NRFA,
2022-01-02,0.966,NRFA,
2022-01-03,0.785,NRFA,
2022-01-04,0.296,NRFA,
2022-01-05,0.157,NRFA,
2022-01-06,0.218,NRFA,
2022-01-07,0.200,NRFA,
2022-01-08,1.370,NRFA,
2022-01-09,0.706,NRFA,
2022-01-10,0.641,NRFA,
2022-01-11,0.308,NRFA,
2022-01-12,0.184,NRFA,
2022-01-13,0.134,NRFA,
2022-01-14,0.107,NRFA,
2022-01-15,0.090,NRFA,
2022-01-16,0.080,NRFA,
2022-01-17,0.069,NRFA,
2022-01-18,0.066,NRFA,
2022-01-19,0.131,NRFA,
2022-01-20,0.082,NRFA,
2022-01-21,0.070,NRFA,
2022-01-22,0.068,NRFA,
2022-01-23,0.063,NRFA,
2022-01-24,0.057,NRFA,
2022-01-25,0.053,NRFA,
2022-01-26,0.308,NRFA,
2022-01-27,0.310,NRFA,
2022-01-28,0.139,NRFA,
2022-01-29,0.099,NRFA,
2022-01-30,0.476,NRFA,
2022-01-31,0.267,NRFA,
2022-02-01,0.242,NRFA,
2022-02-02,0.287,NRFA,
2022-02-03,0.297,NRFA,
2022-02-04,0.272,NRFA,
2022-02-05,2.720,NRFA,
2022-02-06,0.634,NRFA,
2022-02-07,0.832,NRFA,
2022-02-08,0.635,NRFA,
2022-02-09,0.401,NRFA,
2022-02-10,0.165,NRFA,
2022-02-11,0.123,NRFA,
2022-02-12,0.876,NRFA,
2022-02-13,2.040,NRFA,
2022-02-14,0.864,NRFA,
2022-02-15,1.060,NRFA,
2022-02-16,2.170,NRFA,
2022-02-17,0.708,NRFA,
2022-02-18,0.653,NRFA,
2022-02-19,3.040,NRFA,
2022-02-20,6.900,NRFA,
2022-02-21,2.220,NRFA,
2022-02-22,2.370,NRFA,
2022-02-23,2.330,NRFA,
2022-02-24,0.540,NRFA,
2022-02-25,0.469,NRFA,
2022-02-26,0.444,NRFA,
2022-02-27,0.192,NRFA,
2022-02-28,0.587,NRFA,
2022-03-01,0.265,NRFA,
2022-03-02,0.618,NRFA,
2022-03-03,0.969,NRFA,
2022-03-04,0.951,NRFA,
2022-03-05,0.317,NRFA,
2022-03-06,0.187,NRFA,
2022-03-07,0.132,NRFA,
2022-03-08,0.099,NRFA,
2022-03-09,0.081,NRFA,
2022-03-10,0.069,NRFA,
2022-03-11,0.179,NRFA,
2022-03-12,0.332,NRFA,
2022-03-13,0.231,NRFA,
2022-03-14,0.283,NRFA,
2022-03-15,0.184,NRFA,
2022-03-16,0.129,NRFA,
2022-03-17,0.107,NRFA,
2022-03-18,0.085,NRFA,
2022-03-19,0.068,NRFA,
2022-03-20,0.057,NRFA,
2022-03-21,0.051,NRFA,
2022-03-22,0.046,NRFA,
2022-03-23,0.043,NRFA,
2022-03-24,0.040,NRFA,
2022-03-25,0.038,NRFA,
2022-03-26,0.036,NRFA,
2022-03-27,0.034,NRFA,
2022-03-28,0.034,NRFA,
2022-03-29,0.035,NRFA,
2022-03-30,0.049,NRFA,
2022-03-31,0.075,NRFA,
2022-04-01,0.096,NRFA,
2022-04-02,0.146,NRFA,
2022-04-03,0.176,NRFA,
2022-04-04,0.283,NRFA,
2022-04-05,1.720,NRFA,
2022-04-06,2.250,NRFA,
2022-04-07,1.090,NRFA,
2022-04-08,0.269,NRFA,
2022-04-09,0.139,NRFA,
2022-04-10,0.094,NRFA,
2022-04-11,0.073,NRFA,
2022-04-12,0.267,NRFA,
2022-04-13,0.194,NRFA,
2022-04-14,0.104,NRFA,
2022-04-15,0.075,NRFA,
2022-04-16,0.062,NRFA,
2022-04-17,0.053,NRFA,
2022-04-18,0.051,NRFA,
2022-04-19,0.045,NRFA,
2022-04-20,0.040,NRFA,
2022-04-21,0.035,NRFA,
2022-04-22,0.031,NRFA,
2022-04-23,0.029,NRFA,
2022-04-24,0.027,NRFA,
2022-04-25,0.034,NRFA,
2022-04-26,0.031,NRFA,
2022-04-27,0.028,NRFA,
2022-04-28,0.026,NRFA,
2022-04-29,0.025,NRFA,
2022-04-30,0.029,NRFA,
2022-05-01,0.039,NRFA,
2022-05-02,0.031,NRFA,
2022-05-03,0.038,NRFA,
2022-05-04,0.046,NRFA,
2022-05-05,0.038,NRFA,
2022-05-06,0.045,NRFA,
2022-05-07,0.045,NRFA,
2022-05-08,0.034,NRFA,
2022-05-09,0.032,NRFA,
2022-05-10,0.224,NRFA,
2022-05-11,0.362,NRFA,
2022-05-12,0.150,NRFA,
2022-05-13,0.171,NRFA,
2022-05-14,0.074,NRFA,
2022-05-15,0.055,NRFA,
2022-05-16,0.762,NRFA,
2022-05-17,0.309,NRFA,
2022-05-18,0.166,NRFA,
2022-05-19,0.123,NRFA,
2022-05-20,0.072,NRFA,
2022-05-21,0.058,NRFA,
2022-05-22,0.059,NRFA,
2022-05-23,0.057,NRFA,
2022-05-24,0.045,NRFA,
2022-05-25,0.040,NRFA,
2022-05-26,0.038,NRFA,
2022-05-27,0.029,NRFA,
2022-05-28,0.027,NRFA,
2022-05-29,0.025,NRFA,
2022-05-30,0.028,NRFA,
2022-05-31,0.032,NRFA,
2022-06-01,0.039,NRFA,
2022-06-02,0.041,NRFA,
2022-06-03,0.060,NRFA,
2022-06-04,0.035,NRFA,
2022-06-05,0.042,NRFA,
2022-06-06,0.072,NRFA,
2022-06-07,0.056,NRFA,
2022-06-08,0.280,NRFA,
2022-06-09,0.083,NRFA,
2022-06-10,0.048,NRFA,
2022-06-11,0.100,NRFA,
2022-06-12,0.131,NRFA,
2022-06-13,0.062,NRFA,
2022-06-14,0.043,NRFA,
2022-06-15,0.032,NRFA,
2022-06-16,0.027,NRFA,
2022-06-17,0.025,NRFA,
2022-06-18,0.023,NRFA,
2022-06-19,0.021,NRFA,
2022-06-20,0.019,NRFA,
2022-06-21,0.019,NRFA,
2022-06-22,0.017,NRFA,
2022-06-23,0.018,NRFA,
2022-06-24,0.027,NRFA,
2022-06-25,0.023,NRFA,
2022-06-26,0.020,NRFA,
2022-06-27,0.020,NRFA,
2022-06-28,0.021,NRFA,
2022-06-29,0.135,NRFA,
2022-06-30,0.061,NRFA,
2022-07-01,0.216,NRFA,
2022-07-02,0.145,NRFA,
2022-07-03,0.064,NRFA,
2022-07-04,0.052,NRFA,
2022-07-05,0.034,NRFA,
2022-07-06,0.030,NRFA,
2022-07-07,0.025,NRFA,
2022-07-08,0.020,NRFA,
2022-07-09,0.018,NRFA,
2022-07-10,0.016,NRFA,
2022-07-11,0.015,NRFA,
2022-07-12,0.015,NRFA,
2022-07-13,0.014,NRFA,
2022-07-14,0.013,NRFA,
2022-07-15,0.015,NRFA,
2022-07-16,0.013,NRFA,
2022-07-17,0.012,NRFA,
2022-07-18,0.011,NRFA,
2022-07-19,0.010,NRFA,
2022-07-20,0.012,NRFA,
2022-07-21,0.012,NRFA,
2022-07-22,0.014,NRFA,
2022-07-23,0.016,NRFA,
2022-07-24,0.021,NRFA,
2022-07-25,0.030,NRFA,
2022-07-26,0.028,NRFA,
2022-07-27,0.018,NRFA,
2022-07-28,0.019,NRFA,
2022-07-29,0.053,NRFA,
2022-07-30,0.033,NRFA,
2022-07-31,0.159,NRFA,
2022-08-01,0.115,NRFA,
2022-08-02,0.263,NRFA,
2022-08-03,0.161,NRFA,
2022-08-04,0.121,NRFA,
2022-08-05,0.047,NRFA,
2022-08-06,0.029,NRFA,
2022-08-07,0.022,NRFA,
2022-08-08,0.017,NRFA,
2022-08-09,0.013,NRFA,
2022-08-10,0.010,NRFA,
2022-08-11,0.037,NRFA,
2022-08-12,0.039,NRFA,
2022-08-13,0.058,NRFA,
2022-08-14,0.058,NRFA,
2022-08-15,0.059,NRFA,
2022-08-16,0.061,NRFA,
2022-08-17,0.057,NRFA,
2022-08-18,0.056,NRFA,
2022-08-19,0.053,NRFA,
2022-08-20,0.144,NRFA,
2022-08-21,0.113,NRFA,
2022-08-22,0.078,NRFA,
2022-08-23,0.070,NRFA,
2022-08-24,0.106,NRFA,
2022-08-25,0.077,NRFA,
2022-08-26,0.063,NRFA,
2022-08-27,0.058,NRFA,
2022-08-28,0.055,NRFA,
2022-08-29,0.052,NRFA,
2022-08-30,0.048,NRFA,
2022-08-31,0.047,NRFA,
2022-09-01,0.044,NRFA,
2022-09-02,0.041,NRFA,
2022-09-03,0.048,NRFA,
2022-09-04,0.055,NRFA,
2022-09-05,0.056,NRFA,
2022-09-06,0.212,NRFA,
2022-09-07,0.227,NRFA,
2022-09-08,0.547,NRFA,
2022-09-09,1.630,NRFA,
2022-09-10,0.671,NRFA,
2022-09-11,0.314,NRFA,
2022-09-12,0.342,NRFA,
2022-09-13,0.186,NRFA,
2022-09-14,0.121,NRFA,
2022-09-15,0.089,NRFA,
2022-09-16,0.071,NRFA,
2022-09-17,0.058,NRFA,
2022-09-18,0.052,NRFA,
2022-09-19,0.050,NRFA,
2022-09-20,0.045,NRFA,
2022-09-21,0.041,NRFA,
2022-09-22,0.054,NRFA,
2022-09-23,0.052,NRFA,
2022-09-24,0.044,NRFA,
2022-09-25,0.074,NRFA,
2022-09-26,0.192,NRFA,
2022-09-27,0.111,NRFA,
2022-09-28,0.792,NRFA,
2022-09-29,0.607,NRFA,
2022-09-30,2.900,NRFA,
2022-10-01,0.697,NRFA,
2022-10-02,0.289,NRFA,
2022-10-03,0.167,NRFA,
2022-10-04,1.060,NRFA,
2022-10-05,1.740,NRFA,
2022-10-06,0.686,NRFA,
2022-10-07,2.480,NRFA,
2022-10-08,0.389,NRFA,
2022-10-09,0.645,NRFA,
2022-10-10,0.391,NRFA,
2022-10-11,0.177,NRFA,
2022-10-12,0.236,NRFA,
2022-10-13,0.209,NRFA,
2022-10-14,0.217,NRFA,
2022-10-15,1.460,NRFA,
2022-10-16,1.190,NRFA,
2022-10-17,0.658,NRFA,
2022-10-18,0.242,NRFA,
2022-10-19,0.183,NRFA,
2022-10-20,3.110,NRFA,
2022-10-21,0.641,NRFA,
2022-10-22,0.550,NRFA,
2022-10-23,1.620,NRFA,
2022-10-24,0.411,NRFA,
2022-10-25,0.926,NRFA,
2022-10-26,0.872,NRFA,
2022-10-27,0.406,NRFA,
2022-10-28,0.937,NRFA,
2022-10-29,0.779,NRFA,
2022-10-30,0.536,NRFA,
2022-10-31,1.010,NRFA,
2022-11-01,0.826,NRFA,
2022-11-02,2.820,NRFA,
2022-11-03,0.763,NRFA,
2022-11-04,0.299,NRFA,
2022-11-05,0.339,NRFA,
2022-11-06,0.364,NRFA,
2022-11-07,0.461,NRFA,
2022-11-08,0.657,NRFA,
2022-11-09,0.390,NRFA,
2022-11-10,1.070,NRFA,
2022-11-11,0.723,NRFA,
2022-11-12,0.283,NRFA,
2022-11-13,0.181,NRFA,
2022-11-14,0.144,NRFA,
2022-11-15,1.470,NRFA,
2022-11-16,0.551,NRFA,
2022-11-17,4.110,NRFA,
2022-11-18,0.792,NRFA,
2022-11-19,0.506,NRFA,
2022-11-20,0.720,NRFA,
2022-11-21,0.447,NRFA,
2022-11-22,0.650,NRFA,
2022-11-23,1.200,NRFA,
2022-11-24,1.290,NRFA,
2022-11-25,0.450,NRFA,
2022-11-26,0.726,NRFA,
2022-11-27,0.479,NRFA,
2022-11-28,0.210,NRFA,
2022-11-29,0.143,NRFA,
2022-11-30,0.111,NRFA,
2022-12-01,0.105,NRFA,
2022-12-02,0.112,NRFA,
2022-12-03,0.160,NRFA,
2022-12-04,1.300,NRFA,
2022-12-05,0.912,NRFA,
2022-12-06,0.337,NRFA,
2022-12-07,0.181,NRFA,
2022-12-08,0.111,NRFA,
2022-12-09,0.092,NRFA,
2022-12-10,0.075,NRFA,
2022-12-11,0.066,NRFA,
2022-12-12,0.055,NRFA,
2022-12-13,0.044,NRFA,
2022-12-14,0.047,NRFA,
2022-12-15,0.055,NRFA,
2022-12-16,0.049,NRFA,
2022-12-17,0.043,NRFA,
2022-12-18,0.267,NRFA,
2022-12-19,1.540,NRFA,
2022-12-20,0.492,NRFA,
2022-12-21,0.693,NRFA,
2022-12-22,0.365,NRFA,
2022-12-23,1.090,NRFA,
2022-12-24,1.340,NRFA,
2022-12-25,1.630,NRFA,
2022-12-26,0.536,NRFA,
2022-12-27,1.300,NRFA,
2022-12-28,1.410,NRFA,
2022-12-29,1.500,NRFA,
2022-12-30,1.870,NRFA,
2022-12-31,2.090,NRFA,
2023-01-01,1.260,NRFA,
2023-01-02,0.334,NRFA,
2023-01-03,1.300,NRFA,
2023-01-04,1.610,NRFA,
2023-01-05,1.530,NRFA,
2023-01-06,1.150,NRFA,
2023-01-07,2.100,NRFA,
2023-01-08,1.280,NRFA,
2023-01-09,0.815,NRFA,
2023-01-10,3.150,NRFA,
2023-01-11,2.450,NRFA,
2023-01-12,2.510,NRFA,
2023-01-13,0.881,NRFA,
2023-01-14,1.020,NRFA,
2023-01-15,0.409,NRFA,
2023-01-16,0.202,NRFA,
2023-01-17,0.149,NRFA,
2023-01-18,0.099,NRFA,
2023-01-19,0.094,NRFA,
2023-01-20,0.075,NRFA,
2023-01-21,0.072,NRFA,
2023-01-22,0.108,NRFA,
2023-01-23,0.820,NRFA,
2023-01-24,0.360,NRFA,
2023-01-25,0.249,NRFA,
2023-01-26,0.186,NRFA,
2023-01-27,0.192,NRFA,
2023-01-28,0.134,NRFA,
2023-01-29,0.115,NRFA,
2023-01-30,0.173,NRFA,
2023-01-31,0.830,NRFA,
2023-02-01,0.819,NRFA,
2023-02-02,0.539,NRFA,
2023-02-03,0.277,NRFA,
2023-02-04,0.220,NRFA,
2023-02-05,0.164,NRFA,
2023-02-06,0.123,NRFA,
2023-02-07,0.111,NRFA,
2023-02-08,0.098,NRFA,
2023-02-09,0.087,NRFA,
2023-02-10,0.077,NRFA,
2023-02-11,0.071,NRFA,
2023-02-12,0.063,NRFA,
2023-02-13,0.057,NRFA,
2023-02-14,0.054,NRFA,
2023-02-15,0.051,NRFA,
2023-02-16,0.210,NRFA,
2023-02-17,1.260,NRFA,
2023-02-18,0.914,NRFA,
2023-02-19,0.369,NRFA,
2023-02-20,0.665,NRFA,
2023-02-21,0.234,NRFA,
2023-02-22,0.219,NRFA,
2023-02-23,0.205,NRFA,
2023-02-24,0.141,NRFA,
2023-02-25,0.104,NRFA,
2023-02-26,0.096,NRFA,
2023-02-27,0.113,NRFA,
2023-02-28,0.240,NRFA,
2023-03-01,0.652,NRFA,
2023-03-02,0.415,NRFA,
2023-03-03,0.216,NRFA,
2023-03-04,0.142,NRFA,
2023-03-05,0.108,NRFA,
2023-03-06,0.103,NRFA,
2023-03-07,0.073,NRFA,
2023-03-08,0.069,NRFA,
2023-03-09,0.050,NRFA,
2023-03-10,0.079,NRFA,
2023-03-11,0.077,NRFA,
2023-03-12,3.470,NRFA,
2023-03-13,2.140,NRFA,
2023-03-14,0.410,NRFA,
2023-03-15,0.509,NRFA,
2023-03-16,1.190,NRFA,
2023-03-17,0.481,NRFA,
2023-03-18,0.231,NRFA,
2023-03-19,0.145,NRFA,
2023-03-20,0.145,NRFA,
2023-03-21,0.702,NRFA,
2023-03-22,1.840,NRFA,
2023-03-23,1.820,NRFA,
2023-03-24,1.690,NRFA,
2023-03-25,1.410,NRFA,
2023-03-26,0.500,NRFA,
2023-03-27,0.226,NRFA,
2023-03-28,0.291,NRFA,
2023-03-29,0.364,NRFA,
2023-03-30,0.282,NRFA,
2023-03-31,0.484,NRFA,
2023-04-01,0.325,NRFA,
2023-04-02,0.190,NRFA,
2023-04-03,0.117,NRFA,
2023-04-04,0.087,NRFA,
2023-04-05,0.535,NRFA,
2023-04-06,0.428,NRFA,
2023-04-07,0.149,NRFA,
2023-04-08,0.097,NRFA,
2023-04-09,0.080,NRFA,
2023-04-10,0.146,NRFA,
2023-04-11,1.040,NRFA,
2023-04-12,1.050,NRFA,
2023-04-13,0.612,NRFA,
2023-04-14,0.268,NRFA,
2023-04-15,0.156,NRFA,
2023-04-16,0.106,NRFA,
2023-04-17,0.084,NRFA,
2023-04-18,0.066,NRFA,
2023-04-19,0.054,NRFA,
2023-04-20,0.046,NRFA,
2023-04-21,0.171,NRFA,
2023-04-22,1.190,NRFA,
2023-04-23,0.232,NRFA,
2023-04-24,0.121,NRFA,
2023-04-25,0.080,NRFA,
2023-04-26,0.063,NRFA,
2023-04-27,0.056,NRFA,
2023-04-28,0.055,NRFA,
2023-04-29,0.054,NRFA,
2023-04-30,0.085,NRFA,
2023-05-01,0.067,NRFA,
2023-05-02,0.056,NRFA,
2023-05-03,0.046,NRFA,
2023-05-04,0.041,NRFA,
2023-05-05,0.042,NRFA,
2023-05-06,0.042,NRFA,
2023-05-07,0.043,NRFA,
2023-05-08,0.053,NRFA,
2023-05-09,0.068,NRFA,
2023-05-10,0.049,NRFA,
2023-05-11,0.664,NRFA,
2023-05-12,0.210,NRFA,
2023-05-13,0.099,NRFA,
2023-05-14,0.063,NRFA,
2023-05-15,0.047,NRFA,
2023-05-16,0.038,NRFA,
2023-05-17,0.034,NRFA,
2023-05-18,0.033,NRFA,
2023-05-19,0.034,NRFA,
2023-05-20,0.028,NRFA,
2023-05-21,0.026,NRFA,
2023-05-22,0.024,NRFA,
2023-05-23,0.022,NRFA,
2023-05-24,0.021,NRFA,
2023-05-25,0.021,NRFA,
2023-05-26,0.020,NRFA,
2023-05-27,0.019,NRFA,
2023-05-28,0.018,NRFA,
2023-05-29,0.017,NRFA,
2023-05-30,0.017,NRFA,
2023-05-31,0.016,NRFA,
2023-06-01,0.016,NRFA,
2023-06-02,0.015,NRFA,
2023-06-03,0.014,NRFA,
2023-06-04,0.014,NRFA,
2023-06-05,0.014,NRFA,
2023-06-06,0.014,NRFA,
2023-06-07,0.014,NRFA,
2023-06-08,0.013,NRFA,
2023-06-09,0.013,NRFA,
2023-06-10,0.012,NRFA,
2023-06-11,0.013,NRFA,
2023-06-12,0.012,NRFA,
2023-06-13,0.011,NRFA,
2023-06-14,0.010,NRFA,
2023-06-15,0.010,NRFA,
2023-06-16,0.010,NRFA,
2023-06-17,0.011,NRFA,
2023-06-18,0.018,NRFA,
2023-06-19,0.017,NRFA,
2023-06-20,0.020,NRFA,
2023-06-21,0.015,NRFA,
2023-06-22,0.012,NRFA,
2023-06-23,0.019,NRFA,
2023-06-24,0.018,NRFA,
2023-06-25,0.020,NRFA,
2023-06-26,0.015,NRFA,
2023-06-27,0.017,NRFA,
2023-06-28,0.017,NRFA,
2023-06-29,0.014,NRFA,
2023-06-30,0.017,NRFA,
2023-07-01,0.015,NRFA,
2023-07-02,0.015,NRFA,
2023-07-03,0.020,NRFA,
2023-07-04,0.017,NRFA,
2023-07-05,0.016,NRFA,
2023-07-06,0.014,NRFA,
2023-07-07,0.013,NRFA,
2023-07-08,0.017,NRFA,
2023-07-09,0.016,NRFA,
2023-07-10,0.014,NRFA,
2023-07-11,0.015,NRFA,
2023-07-12,0.015,NRFA,
2023-07-13,0.012,NRFA,
2023-07-14,0.224,NRFA,
2023-07-15,0.676,NRFA,
2023-07-16,0.967,NRFA,
2023-07-17,0.224,NRFA,
2023-07-18,0.387,NRFA,
2023-07-19,0.253,NRFA,
2023-07-20,0.121,NRFA,
2023-07-21,0.082,NRFA,
2023-07-22,0.586,NRFA,
2023-07-23,2.850,NRFA,
2023-07-24,0.460,NRFA,
2023-07-25,0.180,NRFA,
2023-07-26,0.156,NRFA,
2023-07-27,0.265,NRFA,
2023-07-28,0.184,NRFA,
2023-07-29,0.181,NRFA,
2023-07-30,0.273,NRFA,
2023-07-31,0.688,NRFA,
2023-08-01,0.404,NRFA,
2023-08-02,2.070,NRFA,
2023-08-03,0.461,NRFA,
2023-08-04,0.336,NRFA,
2023-08-05,0.871,NRFA,
2023-08-06,0.310,NRFA,
2023-08-07,0.179,NRFA,
2023-08-08,0.111,NRFA,
2023-08-09,0.079,NRFA,
2023-08-10,0.065,NRFA,
2023-08-11,0.053,NRFA,
2023-08-12,0.058,NRFA,
2023-08-13,0.056,NRFA,
2023-08-14,2.040,NRFA,
2023-08-15,0.464,NRFA,
2023-08-16,0.184,NRFA,
2023-08-17,0.116,NRFA,
2023-08-18,0.548,NRFA,
2023-08-19,0.565,NRFA,
2023-08-20,0.196,NRFA,
2023-08-21,0.167,NRFA,
2023-08-22,0.194,NRFA,
2023-08-23,0.117,NRFA,
2023-08-24,0.088,NRFA,
2023-08-25,0.068,NRFA,
2023-08-26,0.060,NRFA,
2023-08-27,0.056,NRFA,
2023-08-28,0.048,NRFA,
2023-08-29,0.041,NRFA,
2023-08-30,0.036,NRFA,
2023-08-31,0.032,NRFA,
2023-09-01,0.033,NRFA,
2023-09-02,0.029,NRFA,
2023-09-03,0.026,NRFA,
2023-09-04,0.024,NRFA,
2023-09-05,0.022,NRFA,
2023-09-06,0.021,NRFA,
2023-09-07,0.021,NRFA,
2023-09-08,0.020,NRFA,
2023-09-09,0.019,NRFA,
2023-09-10,2.250,NRFA,
2023-09-11,0.498,NRFA,
2023-09-12,0.196,NRFA,
2023-09-13,0.122,NRFA,
2023-09-14,0.241,NRFA,
2023-09-15,1.130,NRFA,
2023-09-16,0.471,NRFA,
2023-09-17,0.253,NRFA,
2023-09-18,0.549,NRFA,
2023-09-19,2.420,NRFA,
2023-09-20,2.070,NRFA,
2023-09-21,0.345,NRFA,
2023-09-22,0.200,NRFA,
2023-09-23,0.221,NRFA,
2023-09-24,0.711,NRFA,
2023-09-25,0.371,NRFA,
2023-09-26,0.264,NRFA,
2023-09-27,1.220,NRFA,
2023-09-28,0.462,NRFA,
2023-09-29,0.227,NRFA,
2023-09-30,0.209,NRFA,
2023-10-01,0.319,NRFA,
2023-10-02,0.172,NRFA,
2023-10-03,0.233,NRFA,
2023-10-04,0.371,NRFA,
2023-10-05,1.235,NRFA,
2023-10-06,3.689,NRFA,
2023-10-07,0.845,NRFA,
2023-10-08,0.300,NRFA,
2023-10-09,0.184,NRFA,
2023-10-10,0.156,NRFA,
2023-10-11,0.244,NRFA,
2023-10-12,0.132,NRFA,
2023-10-13,0.103,NRFA,
2023-10-14,0.084,NRFA,
2023-10-15,0.071,NRFA,
2023-10-16,0.062,NRFA,
2023-10-17,0.057,NRFA,
2023-10-18,0.166,NRFA,
2023-10-19,1.514,NRFA,
2023-10-20,3.475,NRFA,
2023-10-21,0.788,NRFA,
2023-10-22,0.249,NRFA,
2023-10-23,0.160,NRFA,
2023-10-24,0.145,NRFA,
2023-10-25,0.125,NRFA,
2023-10-26,0.620,NRFA,
2023-10-27,0.359,NRFA,
2023-10-28,0.705,NRFA,
2023-10-29,0.801,NRFA,
2023-10-30,0.381,NRFA,
2023-10-31,0.671,NRFA,
2023-11-01,1.681,NRFA,
2023-11-02,2.520,NRFA,
2023-11-03,0.519,NRFA,
2023-11-04,0.275,NRFA,
2023-11-05,0.217,NRFA,
2023-11-06,0.196,NRFA,
2023-11-07,0.265,NRFA,
2023-11-08,0.692,NRFA,
2023-11-09,0.858,NRFA,
2023-11-10,0.270,NRFA,
2023-11-11,0.163,NRFA,
2023-11-12,0.659,NRFA,
2023-11-13,3.854,NRFA,
2023-11-14,2.541,NRFA,
2023-11-15,1.170,NRFA,
2023-11-16,0.454,NRFA,
2023-11-17,0.337,NRFA,
2023-11-18,2.251,NRFA,
2023-11-19,1.364,NRFA,
2023-11-20,0.477,NRFA,
2023-11-21,0.333,NRFA,
2023-11-22,0.399,NRFA,
2023-11-23,0.483,NRFA,
2023-11-24,0.242,NRFA,
2023-11-25,0.142,NRFA,
2023-11-26,0.126,NRFA,
2023-11-27,1.028,NRFA,
2023-11-28,0.423,NRFA,
2023-11-29,0.171,NRFA,
2023-11-30,0.114,NRFA,
2023-12-01,0.093,NRFA,
2023-12-02,0.097,NRFA,
2023-12-03,0.086,NRFA,
2023-12-04,3.585,NRFA,
2023-12-05,1.217,NRFA,
2023-12-06,0.275,NRFA,
2023-12-07,4.108,NRFA,
2023-12-08,1.944,NRFA,
2023-12-09,2.258,NRFA,
2023-12-10,1.130,NRFA,
2023-12-11,0.586,NRFA,
2023-12-12,1.495,NRFA,
2023-12-13,0.886,NRFA,
2023-12-14,0.411,NRFA,
2023-12-15,0.236,NRFA,
2023-12-16,0.194,NRFA,
2023-12-17,0.433,NRFA,
2023-12-18,0.424,NRFA,
2023-12-19,0.250,NRFA,
2023-12-20,1.181,NRFA,
2023-12-21,1.143,NRFA,
2023-12-22,1.144,NRFA,
2023-12-23,1.508,NRFA,
2023-12-24,0.900,NRFA,
2023-12-25,1.396,NRFA,
2023-12-26,0.527,NRFA,
2023-12-27,6.682,NRFA,
2023-12-28,3.350,NRFA,
2023-12-29,1.437,NRFA,
2023-12-30,2.096,NRFA,
2023-12-31,0.884,NRFA,
2024-01-01,1.334,NRFA,
2024-01-02,2.512,NRFA,
2024-01-03,0.609,NRFA,
2024-01-04,0.300,NRFA,
2024-01-05,0.238,NRFA,
2024-01-06,0.186,NRFA,
2024-01-07,0.165,NRFA,
2024-01-08,0.142,NRFA,
2024-01-09,0.107,NRFA,
2024-01-10,0.359,NRFA,
2024-01-11,0.477,NRFA,
2024-01-12,0.237,NRFA,
2024-01-13,0.164,NRFA,
2024-01-14,0.099,NRFA,
2024-01-15,0.082,NRFA,
2024-01-16,0.084,NRFA,
2024-01-17,0.111,NRFA,
2024-01-18,0.157,NRFA,
2024-01-19,0.094,NRFA,
2024-01-20,1.007,NRFA,
2024-01-21,4.798,NRFA,
2024-01-22,0.847,NRFA,
2024-01-23,3.306,NRFA,
2024-01-24,0.712,NRFA,
2024-01-25,1.147,NRFA,
2024-01-26,1.027,NRFA,
2024-01-27,0.645,NRFA,
2024-01-28,0.293,NRFA,
2024-01-29,2.620,NRFA,
2024-01-30,0.736,NRFA,
2024-01-31,1.721,NRFA,
2024-02-01,0.451,NRFA,
2024-02-02,0.284,NRFA,
2024-02-03,0.210,NRFA,
2024-02-04,0.166,NRFA,
2024-02-05,0.155,NRFA,
2024-02-06,0.541,NRFA,
2024-02-07,0.200,NRFA,
2024-02-08,0.146,NRFA,
2024-02-09,1.074,NRFA,
2024-02-10,1.079,NRFA,
2024-02-11,0.895,NRFA,
2024-02-12,0.975,NRFA,
2024-02-13,0.570,NRFA,
2024-02-14,0.852,NRFA,
2024-02-15,1.140,NRFA,
2024-02-16,0.364,NRFA,
2024-02-17,0.448,NRFA,
2024-02-18,0.309,NRFA,
2024-02-19,0.216,NRFA,
2024-02-20,0.515,NRFA,
2024-02-21,1.566,NRFA,
2024-02-22,0.648,NRFA,
2024-02-23,0.389,NRFA,
2024-02-24,0.244,NRFA,
2024-02-25,0.171,NRFA,
2024-02-26,0.169,NRFA,
2024-02-27,0.315,NRFA,
2024-02-28,0.678,NRFA,
2024-02-29,0.474,NRFA,
2024-03-01,0.308,NRFA,
2024-03-02,0.975,NRFA,
2024-03-03,0.913,NRFA,
2024-03-04,1.055,NRFA,
2024-03-05,0.974,NRFA,
2024-03-06,0.342,NRFA,
2024-03-07,0.234,NRFA,
2024-03-08,0.169,NRFA,
2024-03-09,0.173,NRFA,
2024-03-10,1.163,NRFA,
2024-03-11,0.368,NRFA,
2024-03-12,0.383,NRFA,
2024-03-13,2.026,NRFA,
2024-03-14,1.353,NRFA,
2024-03-15,0.711,NRFA,
2024-03-16,0.457,NRFA,
2024-03-17,0.457,NRFA,
2024-03-18,0.250,NRFA,
2024-03-19,0.208,NRFA,
2024-03-20,0.277,NRFA,
2024-03-21,0.320,NRFA,
2024-03-22,0.232,NRFA,
2024-03-23,0.197,NRFA,
2024-03-24,0.142,NRFA,
2024-03-25,0.445,NRFA,
2024-03-26,0.546,NRFA,
2024-03-27,0.956,NRFA,
2024-03-28,0.539,NRFA,
2024-03-29,0.706,NRFA,
2024-03-30,0.360,NRFA,
2024-03-31,0.174,NRFA,
2024-04-01,0.918,NRFA,
2024-04-02,0.443,NRFA,
2024-04-03,1.069,NRFA,
2024-04-04,1.233,NRFA,
2024-04-05,1.805,NRFA,
2024-04-06,1.273,NRFA,
2024-04-07,1.438,NRFA,
2024-04-08,0.921,NRFA,
2024-04-09,1.922,NRFA,
2024-04-10,0.712,NRFA,
2024-04-11,0.570,NRFA,
2024-04-12,0.406,NRFA,
2024-04-13,0.601,NRFA,
2024-04-14,0.875,NRFA,
2024-04-15,1.056,NRFA,
2024-04-16,0.304,NRFA,
2024-04-17,0.157,NRFA,
2024-04-18,0.159,NRFA,
2024-04-19,0.159,NRFA,
2024-04-20,0.105,NRFA,
2024-04-21,0.088,NRFA,
2024-04-22,0.120,NRFA,
2024-04-23,0.112,NRFA,
2024-04-24,0.078,NRFA,
2024-04-25,0.068,NRFA,
2024-04-26,0.059,NRFA,
2024-04-27,0.054,NRFA,
2024-04-28,0.067,NRFA,
2024-04-29,0.184,NRFA,
2024-04-30,0.124,NRFA,
2024-05-01,0.072,NRFA,
2024-05-02,0.058,NRFA,
2024-05-03,0.075,NRFA,
2024-05-04,0.101,NRFA,
2024-05-05,0.078,NRFA,
2024-05-06,0.603,NRFA,
2024-05-07,0.227,NRFA,
2024-05-08,0.112,NRFA,
2024-05-09,0.073,NRFA,
2024-05-10,0.055,NRFA,
2024-05-11,0.046,NRFA,
2024-05-12,0.969,NRFA,
2024-05-13,0.329,NRFA,
2024-05-14,0.521,NRFA,
2024-05-15,0.233,NRFA,
2024-05-16,0.117,NRFA,
2024-05-17,0.083,NRFA,
2024-05-18,0.063,NRFA,
2024-05-19,0.050,NRFA,
2024-05-20,0.046,NRFA,
2024-05-21,0.041,NRFA,
2024-05-22,4.802,NRFA,
2024-05-23,1.322,NRFA,
2024-05-24,0.382,NRFA,
2024-05-25,0.201,NRFA,
2024-05-26,1.027,NRFA,
2024-05-27,0.476,NRFA,
2024-05-28,0.596,NRFA,
2024-05-29,0.262,NRFA,
2024-05-30,0.214,NRFA,
2024-05-31,0.107,NRFA,
2024-06-01,0.070,NRFA,
2024-06-02,0.053,NRFA,
2024-06-03,0.045,NRFA,
2024-06-04,0.049,NRFA,
2024-06-05,0.052,NRFA,
2024-06-06,0.044,NRFA,
2024-06-07,0.045,NRFA,
2024-06-08,0.039,NRFA,
2024-06-09,0.039,NRFA,
2024-06-10,0.040,NRFA,
2024-06-11,0.036,NRFA,
2024-06-12,0.032,NRFA,
2024-06-13,0.072,NRFA,
2024-06-14,0.086,NRFA,
2024-06-15,0.789,NRFA,
2024-06-16,0.268,NRFA,
2024-06-17,0.156,NRFA,
2024-06-18,0.083,NRFA,
2024-06-19,0.057,NRFA,
2024-06-20,0.044,NRFA,
2024-06-21,0.036,NRFA,
2024-06-22,0.032,NRFA,
2024-06-23,0.028,NRFA,
2024-06-24,0.026,NRFA,
2024-06-25,0.027,NRFA,
2024-06-26,0.024,NRFA,
2024-06-27,0.051,NRFA,
2024-06-28,0.094,NRFA,
2024-06-29,0.050,NRFA,
2024-06-30,0.039,NRFA,
2024-07-01,0.037,NRFA,
2024-07-02,0.035,NRFA,
2024-07-03,0.051,NRFA,
2024-07-04,0.051,NRFA,
2024-07-05,0.039,NRFA,
2024-07-06,0.030,NRFA,
2024-07-07,0.028,NRFA,
2024-07-08,0.026,NRFA,
2024-07-09,1.159,NRFA,
2024-07-10,1.322,NRFA,
2024-07-11,0.366,NRFA,
2024-07-12,0.144,NRFA,
2024-07-13,0.289,NRFA,
2024-07-14,0.600,NRFA,
2024-07-15,0.202,NRFA,
2024-07-16,0.213,NRFA,
2024-07-17,0.141,NRFA,
2024-07-18,0.080,NRFA,
2024-07-19,0.055,NRFA,
2024-07-20,0.068,NRFA,
2024-07-21,0.073,NRFA,
2024-07-22,0.058,NRFA,
2024-07-23,0.046,NRFA,
2024-07-24,0.038,NRFA,
2024-07-25,0.037,NRFA,
2024-07-26,0.032,NRFA,
2024-07-27,0.031,NRFA,
2024-07-28,0.027,NRFA,
2024-07-29,0.025,NRFA,
2024-07-30,0.023,NRFA,
2024-07-31,0.022,NRFA,
2024-08-01,0.022,NRFA,
2024-08-02,0.021,NRFA,
2024-08-03,0.019,NRFA,
2024-08-04,0.019,NRFA,
2024-08-05,0.023,NRFA,
2024-08-06,0.021,NRFA,
2024-08-07,0.020,NRFA,
2024-08-08,0.026,NRFA,
2024-08-09,0.023,NRFA,
2024-08-10,0.019,NRFA,
2024-08-11,0.017,NRFA,
2024-08-12,0.017,NRFA,
2024-08-13,0.017,NRFA,
2024-08-14,0.016,NRFA,
2024-08-15,0.023,NRFA,
2024-08-16,0.017,NRFA,
2024-08-17,0.016,NRFA,
2024-08-18,0.015,NRFA,
2024-08-19,0.018,NRFA,
2024-08-20,0.022,NRFA,
2024-08-21,0.024,NRFA,
2024-08-22,0.332,NRFA,
2024-08-23,0.600,NRFA,
2024-08-24,0.136,NRFA,
2024-08-25,0.820,NRFA,
2024-08-26,0.517,NRFA,
2024-08-27,0.357,NRFA,
2024-08-28,0.209,NRFA,
2024-08-29,0.109,NRFA,
2024-08-30,0.070,NRFA,
2024-08-31,0.051,NRFA,
2024-09-01,0.141,NRFA,
2024-09-02,0.150,NRFA,
2024-09-03,0.081,NRFA,
2024-09-04,0.061,NRFA,
2024-09-05,0.087,NRFA,
2024-09-06,0.111,NRFA,
2024-09-07,0.068,NRFA,
2024-09-08,0.394,NRFA,
2024-09-09,0.477,NRFA,
2024-09-10,0.943,NRFA,
2024-09-11,0.225,NRFA,
2024-09-12,0.123,NRFA,
2024-09-13,0.081,NRFA,
2024-09-14,0.064,NRFA,
2024-09-15,0.085,NRFA,
2024-09-16,0.068,NRFA,
2024-09-17,0.050,NRFA,
2024-09-18,0.042,NRFA,
2024-09-19,0.037,NRFA,
2024-09-20,0.036,NRFA,
2024-09-21,0.035,NRFA,
2024-09-22,0.034,NRFA,
2024-09-23,0.105,NRFA,
2024-09-24,0.105,NRFA,
2024-09-25,2.321,NRFA,
2024-09-26,3.397,NRFA,
2024-09-27,0.392,NRFA,
2024-09-28,0.168,NRFA,
2024-09-29,0.112,NRFA,
2024-09-30,0.276,NRFA,
2024-10-01,0.597,EA,
2024-10-02,0.396,EA,
2024-10-03,0.158,EA,
2024-10-04,0.102,EA,
2024-10-05,0.075,EA,
2024-10-06,0.307,EA,
2024-10-07,0.379,EA,
2024-10-08,2.334,EA,
2024-10-09,2.185,EA,
2024-10-10,0.426,EA,
2024-10-11,0.193,EA,
2024-10-12,0.349,EA,
2024-10-13,0.203,EA,
2024-10-14,0.131,EA,
2024-10-15,1.132,EA,
2024-10-16,5.519,EA,
2024-10-17,0.830,EA,
2024-10-18,0.536,EA,
2024-10-19,0.458,EA,
2024-10-20,3.258,EA,
2024-10-21,1.178,EA,
2024-10-22,0.618,EA,
2024-10-23,0.254,EA,
2024-10-24,0.167,EA,
2024-10-25,0.133,EA,
2024-10-26,0.145,EA,
2024-10-27,0.169,EA,
2024-10-28,0.374,EA,
2024-10-29,0.212,EA,
2024-10-30,0.146,EA,
2024-10-31,0.124,EA,
2024-11-01,0.108,EA,
2024-11-02,0.102,EA,
2024-11-03,0.093,EA,
2024-11-04,0.085,EA,
2024-11-05,0.078,EA,
2024-11-06,0.074,EA,
2024-11-07,0.070,EA,
2024-11-08,0.067,EA,
2024-11-09,0.064,EA,
2024-11-10,0.062,EA,
2024-11-11,0.058,EA,
2024-11-12,0.055,EA,
2024-11-13,0.052,EA,
2024-11-14,0.051,EA,
2024-11-15,0.051,EA,
2024-11-16,0.057,EA,
2024-11-17,0.052,EA,
2024-11-18,0.048,EA,
2024-11-19,0.035,EA,
2024-11-20,0.042,EA,
2024-11-21,0.039,EA,
2024-11-22,0.037,EA,
2024-11-23,3.479,EA,
2024-11-24,2.309,EA,
2024-11-25,0.596,EA,
2024-11-26,0.241,EA,
2024-11-27,0.155,EA,
2024-11-28,0.118,EA,
2024-11-29,0.113,EA,
2024-11-30,0.194,EA,
2024-12-01,0.612,EA,
2024-12-02,0.566,EA,
2024-12-03,0.261,EA,
2024-12-04,0.483,EA,
2024-12-05,0.965,EA,
2024-12-06,2.027,EA,
2024-12-07,2.520,EA,
2024-12-08,1.370,EA,
2024-12-09,0.732,EA,
2024-12-10,0.291,EA,
2024-12-11,0.181,EA,
2024-12-12,0.144,EA,
2024-12-13,0.130,EA,
2024-12-14,0.122,EA,
2024-12-15,0.175,EA,
2024-12-16,0.225,EA,
2024-12-17,0.495,EA,
2024-12-18,0.865,EA,
2024-12-19,0.228,EA,
2024-12-20,0.417,EA,
2024-12-21,0.948,EA,
2024-12-22,0.441,EA,
2024-12-23,0.302,EA,
2024-12-24,0.521,EA,
2024-12-25,0.267,EA,
2024-12-26,0.172,EA,
2024-12-27,0.133,EA,
2024-12-28,0.114,EA,
2024-12-29,0.117,EA,
2024-12-30,0.393,EA,
2024-12-31,6.514,EA,
2025-01-01,1.220,EA,
2025-01-02,0.266,EA,
2025-01-03,0.159,EA,
2025-01-04,0.124,EA,
2025-01-05,0.112,EA,
2025-01-06,0.120,EA,
2025-01-07,0.114,EA,
2025-01-08,0.131,EA,
2025-01-09,0.196,EA,
2025-01-10,0.164,EA,
2025-01-11,0.164,EA,
2025-01-12,0.224,EA,
2025-01-13,2.525,EA,
2025-01-14,1.450,EA,
2025-01-15,0.592,EA,
2025-01-16,0.195,EA,
2025-01-17,0.204,EA,
2025-01-18,0.137,EA,
2025-01-19,0.096,EA,
2025-01-20,0.098,EA,
2025-01-21,0.121,EA,
2025-01-22,0.097,EA,
2025-01-23,0.574,EA,
2025-01-24,1.432,EA,
2025-01-25,0.225,EA,
2025-01-26,0.428,EA,
2025-01-27,1.156,EA,
2025-01-28,0.630,EA,
2025-01-29,0.243,EA,
2025-01-30,0.141,EA,
2025-01-31,0.148,EA,
2025-02-01,0.128,EA,
2025-02-02,0.112,EA,
2025-02-03,0.168,EA,
2025-02-04,0.620,EA,
2025-02-05,0.250,EA,
2025-02-06,0.144,EA,
2025-02-07,0.121,EA,
2025-02-08,0.148,EA,
2025-02-09,0.603,EA,
2025-02-10,0.382,EA,
2025-02-11,0.714,EA,
2025-02-12,0.483,EA,
2025-02-13,0.243,EA,
2025-02-14,0.157,EA,
2025-02-15,0.142,EA,
2025-02-16,0.122,EA,
2025-02-17,0.092,EA,
2025-02-18,0.080,EA,
2025-02-19,0.778,EA,
2025-02-20,2.722,EA,
2025-02-21,0.859,EA,
2025-02-22,0.325,EA,
2025-02-23,1.226,EA,
2025-02-24,0.815,EA,
2025-02-25,0.317,EA,
2025-02-26,0.487,EA,
2025-02-27,0.298,EA,
2025-02-28,0.175,EA,
2025-03-01,0.130,EA,
2025-03-02,0.106,EA,
2025-03-03,0.094,EA,
2025-03-04,0.081,EA,
2025-03-05,0.075,EA,
2025-03-06,0.069,EA,
2025-03-07,0.084,EA,
2025-03-08,0.077,EA,
2025-03-09,0.063,EA,
2025-03-10,0.060,EA,
2025-03-11,0.057,EA,
2025-03-12,0.080,EA,
2025-03-13,0.101,EA,
2025-03-14,0.090,EA,
2025-03-15,0.071,EA,
2025-03-16,0.065,EA,
2025-03-17,0.062,EA,
2025-03-18,0.053,EA,
2025-03-19,0.048,EA,
2025-03-20,0.044,EA,
2025-03-21,0.043,EA,
2025-03-22,0.230,EA,
2025-03-23,0.238,EA,
2025-03-24,0.106,EA,
2025-03-25,0.071,EA,
2025-03-26,0.058,EA,
2025-03-27,0.169,EA,
2025-03-28,0.256,EA,
2025-03-29,0.158,EA,
2025-03-30,0.110,EA,
2025-03-31,0.074,EA,
2025-04-01,0.056,EA,
2025-04-02,0.046,EA,
2025-04-03,0.042,EA,
2025-04-04,0.038,EA,
2025-04-05,0.035,EA,
2025-04-06,0.033,EA,
2025-04-07,0.032,EA,
2025-04-08,0.030,EA,
2025-04-09,0.029,EA,
2025-04-10,0.028,EA,
2025-04-11,0.026,EA,
2025-04-12,0.026,EA,
2025-04-13,0.025,EA,
2025-04-14,0.027,EA,
2025-04-15,0.029,EA,
2025-04-16,0.048,EA,
2025-04-17,0.040,EA,
2025-04-18,0.042,EA,
2025-04-19,0.042,EA,
2025-04-20,0.035,EA,
2025-04-21,0.038,EA,
2025-04-22,0.033,EA,
2025-04-23,0.029,EA,
2025-04-24,0.027,EA,
2025-04-25,0.026,EA,
2025-04-26,0.025,EA,
2025-04-27,0.025,EA,
2025-04-28,0.024,EA,
2025-04-29,0.022,EA,
2025-04-30,0.021,EA,
2025-05-01,0.020,EA,
2025-05-02,0.020,EA,
2025-05-03,0.019,EA,
2025-05-04,0.019,EA,
2025-05-05,0.019,EA,
2025-05-06,0.019,EA,
2025-05-07,0.019,EA,
2025-05-08,0.019,EA,
2025-05-09,0.018,EA,
2025-05-10,0.017,EA,
2025-05-11,0.017,EA,
2025-05-12,0.016,EA,
2025-05-13,0.016,EA,
2025-05-14,0.016,EA,
2025-05-15,0.016,EA,
2025-05-16,0.015,EA,
2025-05-17,0.015,EA,
2025-05-18,0.015,EA,
2025-05-19,0.015,EA,
2025-05-20,0.016,EA,
2025-05-21,0.015,EA,
2025-05-22,0.015,EA,
2025-05-23,0.017,EA,
2025-05-24,0.031,EA,
2025-05-25,0.030,EA,
2025-05-26,0.029,EA,
2025-05-27,0.034,EA,
2025-05-28,0.029,EA,
2025-05-29,0.165,EA,
2025-05-30,0.134,EA,
2025-05-31,0.064,EA,
2025-06-01,0.051,EA,
2025-06-02,0.054,EA,
2025-06-03,0.440,EA,
2025-06-04,0.386,EA,
2025-06-05,0.318,EA,
2025-06-06,0.147,EA,
2025-06-07,0.180,EA,
2025-06-08,0.136,EA,
2025-06-09,1.020,EA,
2025-06-10,0.529,EA,
2025-06-11,0.162,EA,
2025-06-12,0.091,EA,
2025-06-13,0.070,EA,
2025-06-14,0.087,EA,
2025-06-15,0.071,EA,
2025-06-16,0.053,EA,
2025-06-17,0.046,EA,
2025-06-18,0.038,EA,
2025-06-19,0.032,EA,
2025-06-20,0.027,EA,
2025-06-21,0.025,EA,
2025-06-22,0.032,EA,
2025-06-23,0.032,EA,
2025-06-24,0.034,EA,
2025-06-25,0.032,EA,
2025-06-26,0.094,EA,
2025-06-27,0.256,EA,
2025-06-28,0.626,EA,
2025-06-29,0.207,EA,
2025-06-30,0.091,EA,
2025-07-01,0.148,EA,
2025-07-02,0.538,EA,
2025-07-03,0.171,EA,
2025-07-04,0.257,EA,
2025-07-05,0.319,EA,
2025-07-06,0.657,EA,
2025-07-07,0.324,EA,
2025-07-08,0.182,EA,
2025-07-09,0.094,EA,
2025-07-10,0.064,EA,
2025-07-11,0.047,EA,
2025-07-12,0.036,EA,
2025-07-13,0.032,EA,
2025-07-14,0.039,EA,
2025-07-15,0.235,EA,
2025-07-16,0.168,EA,
2025-07-17,0.078,EA,
2025-07-18,0.055,EA,
2025-07-19,0.070,EA,
2025-07-20,0.092,EA,
2025-07-21,0.124,EA,
2025-07-22,0.087,EA,
2025-07-23,0.059,EA,
2025-07-24,0.050,EA,
2025-07-25,0.041,EA,
2025-07-26,0.036,EA,
2025-07-27,0.032,EA,
2025-07-28,0.029,EA,
2025-07-29,0.027,EA,
2025-07-30,0.025,EA,
2025-07-31,0.024,EA,
2025-08-01,0.028,EA,
2025-08-02,0.023,EA,
2025-08-03,0.024,EA,
2025-08-04,0.070,EA,
2025-08-05,0.043,EA,
2025-08-06,0.030,EA,
2025-08-07,0.031,EA,
2025-08-08,0.028,EA,
2025-08-09,0.023,EA,
2025-08-10,0.021,EA,
2025-08-11,0.023,EA,
2025-08-12,0.021,EA,
2025-08-13,0.018,EA,
2025-08-14,0.016,EA,
2025-08-15,0.016,EA,
2025-08-16,0.016,EA,
2025-08-17,0.015,EA,
2025-08-18,0.015,EA,
2025-08-19,0.016,EA,
2025-08-20,0.016,EA,
2025-08-21,0.014,EA,
2025-08-22,0.013,EA,
2025-08-23,0.013,EA,
2025-08-24,0.013,EA,
2025-08-25,0.012,EA,
2025-08-26,0.012,EA,
2025-08-27,0.015,EA,
2025-08-28,0.015,EA,
2025-08-29,0.014,EA,
2025-08-30,0.018,EA,
2025-08-31,0.020,EA,
2025-09-01,0.023,EA,
2025-09-02,0.023,EA,
2025-09-03,0.110,EA,
2025-09-04,0.056,EA,
2025-09-05,0.034,EA,
2025-09-06,0.025,EA,
2025-09-07,0.031,EA,
2025-09-08,0.054,EA,
2025-09-09,0.033,EA,
2025-09-10,0.046,EA,
2025-09-11,0.533,EA,
2025-09-12,0.335,EA,
2025-09-13,0.434,EA,
2025-09-14,1.452,EA,
2025-09-15,1.828,EA,
2025-09-16,0.562,EA,
2025-09-17,0.663,EA,
2025-09-18,0.255,EA,
2025-09-19,1.610,EA,
2025-09-20,3.917,EA,
2025-09-21,0.646,EA,
2025-09-22,0.224,EA,
2025-09-23,0.137,EA,
2025-09-24,0.102,EA,
2025-09-25,0.078,EA,
2025-09-26,0.064,EA,
2025-09-27,0.060,EA,
2025-09-28,0.056,EA,
2025-09-29,0.047,EA,
2025-09-30,0.043,EA,
2025-10-01,0.075,EA,
2025-10-02,0.298,EA,
2025-10-03,1.951,EA,
2025-10-04,1.085,EA,
2025-10-05,0.228,EA,
2025-10-06,0.149,EA,
2025-10-07,0.112,EA,
2025-10-08,0.089,EA,
2025-10-09,0.072,EA,
2025-10-10,0.060,EA,
2025-10-11,0.050,EA,
2025-10-12,0.044,EA,
2025-10-13,0.040,EA,
2025-10-14,0.038,EA,
2025-10-15,0.035,EA,
2025-10-16,0.033,EA,
2025-10-17,0.031,EA,
2025-10-18,0.030,EA,
2025-10-19,0.548,EA,
2025-10-20,0.337,EA,
2025-10-21,0.273,EA,
2025-10-22,0.189,EA,
2025-10-23,0.110,EA,
2025-10-24,0.137,EA,
2025-10-25,0.166,EA,
2025-10-26,0.283,EA,
2025-10-27,0.755,EA,
2025-10-28,0.569,EA,
2025-10-29,0.269,EA,
2025-10-30,0.256,EA,
2025-10-31,1.205,EA,
2025-11-01,1.649,EA,
2025-11-02,0.591,EA,
2025-11-03,2.529,EA,
2025-11-04,1.180,EA,
2025-11-05,1.150,EA,
2025-11-06,0.314,EA,
2025-11-07,0.283,EA,
2025-11-08,0.259,EA,
2025-11-09,0.526,EA,
2025-11-10,0.549,EA,
2025-11-11,1.644,EA,
2025-11-12,3.502,EA,
2025-11-13,4.222,EA,
2025-11-14,2.114,EA,
2025-11-15,1.545,EA,
2025-11-16,0.500,EA,
2025-11-17,0.249,EA,
2025-11-18,0.262,EA,
2025-11-19,0.207,EA,
2025-11-20,0.164,EA,
2025-11-21,0.193,EA,
2025-11-22,1.043,EA,
2025-11-23,1.667,EA,
2025-11-24,1.036,EA,
2025-11-25,0.450,EA,
2025-11-26,0.315,EA,
2025-11-27,1.133,EA,
2025-11-28,1.693,EA,
2025-11-29,0.699,EA,
2025-11-30,0.969,EA,
2025-12-01,3.661,EA,
2025-12-02,0.847,EA,
2025-12-03,0.338,EA,
2025-12-04,0.451,EA,
2025-12-05,1.477,EA,
2025-12-06,1.412,EA,
2025-12-07,1.913,EA,
2025-12-08,0.966,EA,
2025-12-09,2.496,EA,
2025-12-10,1.551,EA,
2025-12-11,0.383,EA,
2025-12-12,0.351,EA,
2025-12-13,0.292,EA,
2025-12-14,1.118,EA,
2025-12-15,1.144,EA,
2025-12-16,0.357,EA,
2025-12-17,2.268,EA,
2025-12-18,1.087,EA,
2025-12-19,1.712,EA,
2025-12-20,0.457,EA,
2025-12-21,0.333,EA,
2025-12-22,0.412,EA,
2025-12-23,0.222,EA,
2025-12-24,0.157,EA,
2025-12-25,0.123,EA,
2025-12-26,0.099,EA,
2025-12-27,0.087,EA,
2025-12-28,0.078,EA,
2025-12-29,0.072,EA,
2025-12-30,0.067,EA,
2025-12-31,0.070,EA,
2026-01-01,0.086,EA,
2026-01-02,0.057,EA,
2026-01-03,0.078,EA,
2026-01-04,0.102,EA,
2026-01-05,0.125,EA,
2026-01-06,0.076,EA,
2026-01-07,0.043,EA,
2026-01-08,0.033,EA,
2026-01-09,0.032,EA,
2026-01-10,0.028,EA,
2026-01-11,2.520,EA,
2026-01-12,2.171,EA,
2026-01-13,1.060,EA,
2026-01-14,0.333,EA,
2026-01-15,0.315,EA,
2026-01-16,0.221,EA,
2026-01-17,0.563,EA,
2026-01-18,0.869,EA,
2026-01-19,0.397,EA,
2026-01-20,0.595,EA,
2026-01-21,1.345,EA,
2026-01-22,2.888,EA,
2026-01-23,2.008,EA,
2026-01-24,0.600,EA,
2026-01-25,1.277,EA,
2026-01-26,0.473,EA,
2026-01-27,1.148,EA,
2026-01-28,0.783,EA,
2026-01-29,0.553,EA,
2026-01-30,0.669,EA,
2026-01-31,1.433,EA,
2026-02-01,0.555,EA,
2026-02-02,0.325,EA,Unchecked
2026-02-03,0.290,EA,Unchecked
2026-02-04,0.471,EA,Unchecked
2026-02-05,1.241,EA,Unchecked
2026-02-06,1.219,EA,Unchecked
2026-02-07,2.069,EA,Unchecked
2026-02-08,0.783,EA,Unchecked
2026-02-09,0.350,EA,Unchecked
2026-02-10,0.940,EA,Unchecked
2026-02-11,2.182,EA,Unchecked
2026-02-12,0.604,EA,Unchecked
2026-02-13,0.266,EA,Unchecked
2026-02-14,0.188,EA,Unchecked
2026-02-15,0.564,EA,Unchecked
2026-02-16,0.869,EA,Unchecked
2026-02-17,0.297,EA,Unchecked
2026-02-18,0.157,EA,Unchecked
2026-02-19,0.140,EA,Unchecked
2026-02-20,1.033,EA,Unchecked
2026-02-21,0.817,EA,Unchecked
2026-02-22,1.202,EA,Unchecked
2026-02-23,0.847,EA,Unchecked
2026-02-24,0.451,EA,Unchecked
2026-02-25,1.110,EA,Unchecked
2026-02-26,1.448,EA,Unchecked
2026-02-27,0.352,EA,Unchecked
2026-02-28,0.191,EA,Unchecked
2026-03-01,0.158,EA,Unchecked
2026-03-02,0.158,EA,Unchecked
2026-03-03,0.111,EA,Unchecked
2026-03-04,0.087,EA,Unchecked
2026-03-05,0.147,EA,Unchecked
2026-03-06,0.632,EA,Unchecked
2026-03-07,0.227,EA,Unchecked
2026-03-08,0.140,EA,Unchecked
2026-03-09,0.122,EA,Unchecked
2026-03-10,0.179,EA,Unchecked
2026-03-11,0.212,EA,Unchecked
2026-03-12,3.865,EA,Unchecked
2026-03-13,0.907,EA,Unchecked
2026-03-14,0.275,EA,Unchecked
2026-03-15,0.437,EA,Unchecked
2026-03-16,0.639,EA,Unchecked
2026-03-17,0.368,EA,Unchecked
2026-03-18,0.152,EA,Unchecked
2026-03-19,0.105,EA,Unchecked
2026-03-20,0.080,EA,Unchecked
2026-03-21,0.063,EA,Unchecked
2026-03-22,0.054,EA,Unchecked
2026-03-23,0.050,EA,Unchecked
2026-03-24,2.412,EA,Unchecked
2026-03-25,0.378,EA,Unchecked
2026-03-26,0.146,EA,Unchecked
2026-03-27,0.115,EA,Unchecked
2026-03-28,0.088,EA,Unchecked
2026-03-29,0.912,EA,Unchecked
2026-03-30,0.320,EA,Unchecked
2026-03-31,0.142,EA,Unchecked
2026-04-01,0.095,EA,Unchecked
2026-04-02,0.077,EA,Unchecked
2026-04-03,0.185,EA,Unchecked
2026-04-04,0.525,EA,Unchecked
2026-04-05,0.385,EA,Unchecked
2026-04-06,0.145,EA,Unchecked
2026-04-07,0.081,EA,Unchecked
2026-04-08,0.060,EA,Unchecked
2026-04-09,0.056,EA,Unchecked
2026-04-10,0.053,EA,Unchecked
2026-04-11,0.308,EA,Unchecked
